"Species","Year","Total_Contribution","Percent_Change"
"Alewife",2020,3148845.09333333,NA
"Alewife",2021,2883726.95893333,-8.41953562470578
"Alewife",2022,2796507.77493333,-3.02452989627914
"Alewife",2023,2796507.77493333,0
"Alewife",2024,2798966.58493333,0.0879243040924023
"Alewife",2025,2803884.20493333,0.175694130343352
"Alewife",2026,2798966.58493333,-0.175385987457944
"Alewife",2027,2796507.77493333,-0.0878470651716845
"Alewife",2028,2803884.20493333,0.26377291227719
"Alewife",2029,2891103.38893333,3.11065570562939
"Alewife",2030,3145384.51093333,8.79529673595717
"Alewife",2031,3060624.13693333,-2.69475397063136
"Alewife",2032,3060624.13693333,0
"Alewife",2033,3060624.13693333,0
"Alewife",2034,2975863.76293333,-2.76938200209478
"Alewife",2035,3060624.13693333,2.84826123614111
"Alewife",2036,3060624.13693333,0
"Alewife",2037,3145391.64853333,2.76961520943028
"Alewife",2038,3061489.28253333,-2.66746959918722
"Alewife",2039,3146249.65653333,2.76859940302853
"Alewife",2040,3146249.65653333,0
"Bloodworms",2020,14092516.2228,NA
"Bloodworms",2021,14092516.2228,0
"Bloodworms",2022,14092516.2228,0
"Bloodworms",2023,14090753.4956,-0.0125082502807251
"Bloodworms",2024,14381420.2992,2.06281944887308
"Bloodworms",2025,14477721.658,0.669623422419249
"Bloodworms",2026,14381420.2992,-0.66516929303435
"Bloodworms",2027,14477721.658,0.669623422419249
"Bloodworms",2028,14477721.658,0
"Bloodworms",2029,14477721.658,0
"Bloodworms",2030,14477721.658,0
"Bloodworms",2031,14477721.658,0
"Bloodworms",2032,14381420.2992,-0.66516929303435
"Bloodworms",2033,14379657.572,-0.0122569757598815
"Bloodworms",2034,14381420.2992,0.0122584782785926
"Bloodworms",2035,14285118.9404,-0.669623422419249
"Bloodworms",2036,14285118.9404,0
"Bloodworms",2037,14188817.5816,-0.674137605726543
"Bloodworms",2038,14188817.5816,0
"Bloodworms",2039,14188817.5816,0
"Bloodworms",2040,14188817.5816,0
"Clam_Northern_Quahog___Hard",2020,12547034.574,NA
"Clam_Northern_Quahog___Hard",2021,12547034.574,0
"Clam_Northern_Quahog___Hard",2022,12547034.574,0
"Clam_Northern_Quahog___Hard",2023,12547034.574,0
"Clam_Northern_Quahog___Hard",2024,12547034.574,0
"Clam_Northern_Quahog___Hard",2025,12536023.714,-0.0877566721846462
"Clam_Northern_Quahog___Hard",2026,12514001.994,-0.175667504325213
"Clam_Northern_Quahog___Hard",2027,12514001.994,0
"Clam_Northern_Quahog___Hard",2028,12514001.994,0
"Clam_Northern_Quahog___Hard",2029,12514001.994,0
"Clam_Northern_Quahog___Hard",2030,12514001.994,0
"Clam_Northern_Quahog___Hard",2031,12502991.134,-0.0879883190467662
"Clam_Northern_Quahog___Hard",2032,12502991.134,0
"Clam_Northern_Quahog___Hard",2033,12502991.134,0
"Clam_Northern_Quahog___Hard",2034,12502991.134,0
"Clam_Northern_Quahog___Hard",2035,12502991.134,0
"Clam_Northern_Quahog___Hard",2036,12502991.134,0
"Clam_Northern_Quahog___Hard",2037,12502991.134,0
"Clam_Northern_Quahog___Hard",2038,12502991.134,0
"Clam_Northern_Quahog___Hard",2039,12502991.134,0
"Clam_Northern_Quahog___Hard",2040,12502991.134,0
"Clam_Ocean_Quahog",2020,3679854.3648,NA
"Clam_Ocean_Quahog",2021,3732131.1736,1.42062167731578
"Clam_Ocean_Quahog",2022,3732131.1736,0
"Clam_Ocean_Quahog",2023,3732131.1736,0
"Clam_Ocean_Quahog",2024,3719061.9714,-0.350180676725604
"Clam_Ocean_Quahog",2025,3682576.099,-0.981050401434035
"Clam_Ocean_Quahog",2026,3661881.163,-0.561968997887632
"Clam_Ocean_Quahog",2027,3661881.163,0
"Clam_Ocean_Quahog",2028,3648811.9608,-0.356898588956208
"Clam_Ocean_Quahog",2029,3648811.9608,0
"Clam_Ocean_Quahog",2030,3648811.9608,0
"Clam_Ocean_Quahog",2031,3638464.4928,-0.283584577971269
"Clam_Ocean_Quahog",2032,3648811.9608,0.284391067178917
"Clam_Ocean_Quahog",2033,3648811.9608,0
"Clam_Ocean_Quahog",2034,3648811.9608,0
"Clam_Ocean_Quahog",2035,3672228.631,0.641761495291359
"Clam_Ocean_Quahog",2036,3672228.631,0
"Clam_Ocean_Quahog",2037,3682576.099,0.281776246518238
"Clam_Ocean_Quahog",2038,3682576.099,0
"Clam_Ocean_Quahog",2039,3682576.099,0
"Clam_Ocean_Quahog",2040,3695645.3012,0.354892929532376
"Clam_Soft",2020,79460580.384,NA
"Clam_Soft",2021,78737125.3776,-0.910457742573546
"Clam_Soft",2022,78737125.3776,0
"Clam_Soft",2023,79092855.2966667,0.451794394779765
"Clam_Soft",2024,79095542.2890667,0.00339726311550141
"Clam_Soft",2025,79090168.3042667,-0.0067942954109297
"Clam_Soft",2026,79110051.3696,0.0251397433582389
"Clam_Soft",2027,79110051.3696,0
"Clam_Soft",2028,79107364.3772,-0.00339652465580765
"Clam_Soft",2029,79107364.3772,0
"Clam_Soft",2030,79107364.3772,0
"Clam_Soft",2031,79107364.3772,0
"Clam_Soft",2032,79107364.3772,0
"Clam_Soft",2033,79107364.3772,0
"Clam_Soft",2034,79110051.3696,0.00339664002352351
"Clam_Soft",2035,79098375.0352,-0.0147596091746252
"Clam_Soft",2036,79084882.6812,-0.0170576879664062
"Clam_Soft",2037,79080396.3512,-0.00567280350919683
"Clam_Soft",2038,79086540.3912,0.00776935913763718
"Clam_Soft",2039,78534172.6573,-0.698434564424894
"Clam_Soft",2040,77981599.7251,-0.703608268226451
"Cod_Atlantic",2020,8145166.89466668,NA
"Cod_Atlantic",2021,8145166.89466668,0
"Cod_Atlantic",2022,8145166.89466668,0
"Cod_Atlantic",2023,8145166.89466668,0
"Cod_Atlantic",2024,8145166.89466668,0
"Cod_Atlantic",2025,8153234.99086668,0.0990537861818696
"Cod_Atlantic",2026,8153234.99086668,0
"Cod_Atlantic",2027,8161303.08706668,0.0989557667482716
"Cod_Atlantic",2028,8169371.18326668,0.09885794111465
"Cod_Atlantic",2029,8169371.18326668,0
"Cod_Atlantic",2030,8169371.18326668,0
"Cod_Atlantic",2031,8169371.18326668,0
"Cod_Atlantic",2032,8169371.18326668,0
"Cod_Atlantic",2033,8169371.18326668,0
"Cod_Atlantic",2034,8169371.18326668,0
"Cod_Atlantic",2035,8190897.19160001,0.26349651460838
"Cod_Atlantic",2036,8217813.01586667,0.328606545010281
"Cod_Atlantic",2037,8217813.01586667,0
"Cod_Atlantic",2038,8217813.01586667,0
"Cod_Atlantic",2039,8217813.01586667,0
"Cod_Atlantic",2040,8217813.01586667,0
"Crab_Unc",2020,5651779.24704688,NA
"Crab_Unc",2021,5651779.24704688,0
"Crab_Unc",2022,5651779.24704688,0
"Crab_Unc",2023,5651779.24704688,0
"Crab_Unc",2024,5651779.24704688,0
"Crab_Unc",2025,5651779.24704688,0
"Crab_Unc",2026,5651779.24704688,0
"Crab_Unc",2027,5913427.41635368,4.62948317458637
"Crab_Unc",2028,5923276.84973582,0.166560484954998
"Crab_Unc",2029,5913427.41635368,-0.166283522313831
"Crab_Unc",2030,5878163.00372808,-0.596344727730577
"Crab_Unc",2031,5923276.84973582,0.767482051435589
"Crab_Unc",2032,5848089.64851014,-1.26935146090689
"Crab_Unc",2033,5825795.25304203,-0.381225268559093
"Crab_Unc",2034,5778087.11427145,-0.818912040303317
"Crab_Unc",2035,5778087.11427145,0
"Crab_Unc",2036,5764878.23671881,-0.228602949235825
"Crab_Unc",2037,5754285.10079951,-0.183752986348055
"Crab_Unc",2038,5756050.66133284,0.0306825348831697
"Crab_Unc",2039,5756055.07949951,7.6756910770377e-05
"Crab_Unc",2040,5892124.26684417,2.36393129435605
"Cucumber_Sea",2020,952643.832533332,NA
"Cucumber_Sea",2021,952643.832533332,0
"Cucumber_Sea",2022,952643.832533332,0
"Cucumber_Sea",2023,952643.832533332,0
"Cucumber_Sea",2024,952643.832533332,0
"Cucumber_Sea",2025,952643.832533332,0
"Cucumber_Sea",2026,952643.832533332,0
"Cucumber_Sea",2027,950509.745199999,-0.224017335803023
"Cucumber_Sea",2028,949835.667866666,-0.0709174563161513
"Cucumber_Sea",2029,949835.667866666,0
"Cucumber_Sea",2030,947027.5032,-0.295647422145476
"Cucumber_Sea",2031,947027.5032,0
"Cucumber_Sea",2032,944219.338533334,-0.296524087967593
"Cucumber_Sea",2033,944219.338533334,0
"Cucumber_Sea",2034,944219.338533334,0
"Cucumber_Sea",2035,957173.165333334,1.37190865208516
"Cucumber_Sea",2036,957173.165333334,0
"Cucumber_Sea",2037,957173.165333334,0
"Cucumber_Sea",2038,957173.165333334,0
"Cucumber_Sea",2039,957173.165333334,0
"Cucumber_Sea",2040,970126.992133334,1.35334203560637
"Cusk",2020,469123.83,NA
"Cusk",2021,469123.83,0
"Cusk",2022,469123.83,0
"Cusk",2023,469123.83,0
"Cusk",2024,469123.83,0
"Cusk",2025,470496.461666667,0.292594743410712
"Cusk",2026,470496.461666667,0
"Cusk",2027,469324.093333334,-0.249176865045924
"Cusk",2028,469424.225000001,0.0213352921977276
"Cusk",2029,471969.225000001,0.542153528612631
"Cusk",2030,476493.808000001,0.958660599110032
"Cusk",2031,476493.808000001,0
"Cusk",2032,478119.849500001,0.341251338989066
"Cusk",2033,477775.321500001,-0.0720589200302571
"Cusk",2034,480084.938666668,0.48341072942315
"Cusk",2035,480084.938666668,0
"Cusk",2036,480084.938666668,0
"Cusk",2037,480084.938666668,0
"Cusk",2038,480084.938666668,0
"Cusk",2039,480084.938666668,0
"Cusk",2040,482820.586466668,0.569825791160561
"Elver",2020,36612535.8634667,NA
"Elver",2021,36612535.8634667,0
"Elver",2022,37026312.7443667,1.13015083807091
"Elver",2023,37164238.3713333,0.372507054426172
"Elver",2024,37106865.4988333,-0.154376559333063
"Elver",2025,37164238.3713333,0.154615249034727
"Elver",2026,37164238.3713333,0
"Elver",2027,37164238.3713333,0
"Elver",2028,37106865.4988333,-0.154376559333063
"Elver",2029,37106865.4988333,0
"Elver",2030,37164238.3713333,0.154615249034727
"Elver",2031,37164238.3713333,0
"Elver",2032,37026312.7443667,-0.371124589150875
"Elver",2033,37026312.7443667,0
"Elver",2034,37026312.7443667,0
"Elver",2035,36854288.8135667,-0.464599140583262
"Elver",2036,36854288.8135667,0
"Elver",2037,36716363.1866,-0.374245797183556
"Elver",2038,36716363.1866,0
"Elver",2039,36716279.9886,-0.000226596516588797
"Elver",2040,37031355.6174,0.858136033655438
"Flounder_Atlantic_Witch__Gray_Sole_",2020,6168192.59426668,NA
"Flounder_Atlantic_Witch__Gray_Sole_",2021,6168192.59426668,0
"Flounder_Atlantic_Witch__Gray_Sole_",2022,6176576.53660001,0.135922187986206
"Flounder_Atlantic_Witch__Gray_Sole_",2023,6150601.62693334,-0.420538942774419
"Flounder_Atlantic_Witch__Gray_Sole_",2024,6159397.11060001,0.143002005334801
"Flounder_Atlantic_Witch__Gray_Sole_",2025,6176682.31493334,0.280631432313132
"Flounder_Atlantic_Witch__Gray_Sole_",2026,6176682.31493334,0
"Flounder_Atlantic_Witch__Gray_Sole_",2027,6176379.95526667,-0.00489517917960033
"Flounder_Atlantic_Witch__Gray_Sole_",2028,6184763.8976,0.13574201059605
"Flounder_Atlantic_Witch__Gray_Sole_",2029,6176379.95526667,-0.135558001439373
"Flounder_Atlantic_Witch__Gray_Sole_",2030,6176379.95526667,0
"Flounder_Atlantic_Witch__Gray_Sole_",2031,6193557.6796,0.278119617927381
"Flounder_Atlantic_Witch__Gray_Sole_",2032,6185173.73726667,-0.135365532494272
"Flounder_Atlantic_Witch__Gray_Sole_",2033,6185066.25726667,-0.00173770381504292
"Flounder_Atlantic_Witch__Gray_Sole_",2034,6202351.4616,0.279466760974818
"Flounder_Atlantic_Witch__Gray_Sole_",2035,6228539.6296,0.422229668249789
"Flounder_Atlantic_Witch__Gray_Sole_",2036,6228539.6296,0
"Flounder_Atlantic_Witch__Gray_Sole_",2037,6228539.6296,0
"Flounder_Atlantic_Witch__Gray_Sole_",2038,6228539.6296,0
"Flounder_Atlantic_Witch__Gray_Sole_",2039,6228432.1496,-0.00172560514006745
"Flounder_Atlantic_Witch__Gray_Sole_",2040,6228432.1496,0
"Flounder_Winter",2020,1117839.88533333,NA
"Flounder_Winter",2021,1604741.6232,43.5573774254331
"Flounder_Winter",2022,1618382.47386667,0.850034078350067
"Flounder_Winter",2023,1618382.47386667,0
"Flounder_Winter",2024,1618382.47386667,0
"Flounder_Winter",2025,1618382.47386667,0
"Flounder_Winter",2026,1618382.47386667,0
"Flounder_Winter",2027,1618382.47386667,0
"Flounder_Winter",2028,1618382.47386667,0
"Flounder_Winter",2029,1618382.47386667,0
"Flounder_Winter",2030,1615736.8052,-0.163476107124788
"Flounder_Winter",2031,1615736.8052,0
"Flounder_Winter",2032,1613091.13653333,-0.163743789096862
"Flounder_Winter",2033,1615736.8052,0.164012349131918
"Flounder_Winter",2034,1615736.8052,0
"Flounder_Winter",2035,1613091.13653333,-0.163743789096862
"Flounder_Winter",2036,1612326.59253333,-0.0473962061215481
"Flounder_Winter",2037,1609680.92386667,-0.164090121624188
"Flounder_Winter",2038,1585294.58253333,-1.51497983058369
"Flounder_Winter",2039,1585294.58253333,0
"Flounder_Winter",2040,1584530.03853333,-0.0482272511635033
"Flounder_Yellowtail",2020,785641.849333332,NA
"Flounder_Yellowtail",2021,785641.849333332,0
"Flounder_Yellowtail",2022,621195.6896,-20.9314409451171
"Flounder_Yellowtail",2023,621195.6896,0
"Flounder_Yellowtail",2024,621195.6896,0
"Flounder_Yellowtail",2025,621195.6896,0
"Flounder_Yellowtail",2026,621195.6896,0
"Flounder_Yellowtail",2027,621195.6896,0
"Flounder_Yellowtail",2028,621195.6896,0
"Flounder_Yellowtail",2029,621195.6896,0
"Flounder_Yellowtail",2030,621195.6896,0
"Flounder_Yellowtail",2031,621195.6896,0
"Flounder_Yellowtail",2032,621195.6896,0
"Flounder_Yellowtail",2033,621195.6896,0
"Flounder_Yellowtail",2034,621195.6896,0
"Flounder_Yellowtail",2035,621195.6896,0
"Flounder_Yellowtail",2036,621195.6896,0
"Flounder_Yellowtail",2037,621195.6896,0
"Flounder_Yellowtail",2038,621195.6896,0
"Flounder_Yellowtail",2039,621195.6896,0
"Flounder_Yellowtail",2040,621195.6896,0
"Haddock",2020,1720454.4288,NA
"Haddock",2021,3807498.736,121.307735460084
"Haddock",2022,3755139.688,-1.37515601791128
"Haddock",2023,3755139.688,0
"Haddock",2024,3755139.688,0
"Haddock",2025,3755139.688,0
"Haddock",2026,3755139.688,0
"Haddock",2027,3755139.688,0
"Haddock",2028,3755139.688,0
"Haddock",2029,3755139.688,0
"Haddock",2030,3755139.688,0
"Haddock",2031,3755139.688,0
"Haddock",2032,3755139.688,0
"Haddock",2033,3755139.688,0
"Haddock",2034,3771237.902,0.428698140083681
"Haddock",2035,3803434.33,0.853736328406254
"Haddock",2036,3796970.278,-0.169953032947466
"Haddock",2037,3813068.492,0.423975243980041
"Haddock",2038,3813068.492,0
"Haddock",2039,3813068.492,0
"Haddock",2040,3819532.544,0.169523626799834
"Hake_Silver__Whiting_",2020,267828.560266667,NA
"Hake_Silver__Whiting_",2021,267828.560266667,0
"Hake_Silver__Whiting_",2022,267828.560266667,0
"Hake_Silver__Whiting_",2023,267828.560266667,0
"Hake_Silver__Whiting_",2024,267828.560266667,0
"Hake_Silver__Whiting_",2025,246663.421066667,-7.9024952301303
"Hake_Silver__Whiting_",2026,225498.281866667,-8.58057473964882
"Hake_Silver__Whiting_",2027,225498.281866667,0
"Hake_Silver__Whiting_",2028,225498.281866667,0
"Hake_Silver__Whiting_",2029,225498.281866667,0
"Hake_Silver__Whiting_",2030,225498.281866667,0
"Hake_Silver__Whiting_",2031,225498.281866667,0
"Hake_Silver__Whiting_",2032,225498.281866667,0
"Hake_Silver__Whiting_",2033,225498.281866667,0
"Hake_Silver__Whiting_",2034,225498.281866667,0
"Hake_Silver__Whiting_",2035,225498.281866667,0
"Hake_Silver__Whiting_",2036,225498.281866667,0
"Hake_Silver__Whiting_",2037,225498.281866667,0
"Hake_Silver__Whiting_",2038,225498.281866667,0
"Hake_Silver__Whiting_",2039,225498.281866667,0
"Hake_Silver__Whiting_",2040,236080.851466667,4.69297127782875
"Hake_White",2020,5537791.46693332,NA
"Hake_White",2021,5537791.46693332,0
"Hake_White",2022,5537791.46693332,0
"Hake_White",2023,5537791.46693332,0
"Hake_White",2024,5537791.46693332,0
"Hake_White",2025,5491285.61463332,-0.83979060204219
"Hake_White",2026,5407330.82373332,-1.52887314176984
"Hake_White",2027,5407330.82373332,0
"Hake_White",2028,5407330.82373332,0
"Hake_White",2029,5407330.82373332,0
"Hake_White",2030,5407330.82373332,0
"Hake_White",2031,5407330.82373332,0
"Hake_White",2032,5407330.82373332,0
"Hake_White",2033,5407330.82373332,0
"Hake_White",2034,5407330.82373332,0
"Hake_White",2035,5407330.82373332,0
"Hake_White",2036,5407330.82373332,0
"Hake_White",2037,5407330.82373332,0
"Hake_White",2038,5407330.82373332,0
"Hake_White",2039,5407330.82373332,0
"Hake_White",2040,5407330.82373332,0
"Halibut_Atlantic",2020,847251.845866668,NA
"Halibut_Atlantic",2021,847251.845866668,0
"Halibut_Atlantic",2022,847251.845866668,0
"Halibut_Atlantic",2023,847251.845866668,0
"Halibut_Atlantic",2024,847251.845866668,0
"Halibut_Atlantic",2025,847251.845866668,0
"Halibut_Atlantic",2026,847251.845866668,0
"Halibut_Atlantic",2027,847251.845866668,0
"Halibut_Atlantic",2028,847251.845866668,0
"Halibut_Atlantic",2029,847251.845866668,0
"Halibut_Atlantic",2030,847251.845866668,0
"Halibut_Atlantic",2031,847251.845866668,0
"Halibut_Atlantic",2032,847251.845866668,0
"Halibut_Atlantic",2033,847251.845866668,0
"Halibut_Atlantic",2034,847251.845866668,0
"Halibut_Atlantic",2035,847251.845866668,0
"Halibut_Atlantic",2036,847251.845866668,0
"Halibut_Atlantic",2037,847251.845866668,0
"Halibut_Atlantic",2038,847251.845866668,0
"Halibut_Atlantic",2039,849614.671466668,0.278881139241781
"Halibut_Atlantic",2040,847464.275366668,-0.253102514848036
"Lobster_American",2020,1522196230.792,NA
"Lobster_American",2021,1522196230.792,0
"Lobster_American",2022,1522739977.252,0.0357211802920525
"Lobster_American",2023,1490390205.765,-2.12444488029924
"Lobster_American",2024,1425328165.151,-4.36543667304929
"Lobster_American",2025,1425328165.151,0
"Lobster_American",2026,1392797144.844,-2.28235301191523
"Lobster_American",2027,1392797144.844,0
"Lobster_American",2028,1392797144.844,0
"Lobster_American",2029,1392797144.844,0
"Lobster_American",2030,1392797144.844,0
"Lobster_American",2031,1392797144.844,0
"Lobster_American",2032,1392797144.844,0
"Lobster_American",2033,1392797144.844,0
"Lobster_American",2034,1392797144.844,0
"Lobster_American",2035,1392797144.844,0
"Lobster_American",2036,1392797144.844,0
"Lobster_American",2037,1392797144.844,0
"Lobster_American",2038,1392797144.844,0
"Lobster_American",2039,1392797144.844,0
"Lobster_American",2040,1392797144.844,0
"Mackerel_Atlantic",2020,594272.868,NA
"Mackerel_Atlantic",2021,594272.868,0
"Mackerel_Atlantic",2022,597667.858,0.571284704857162
"Mackerel_Atlantic",2023,604457.838,1.13607916321978
"Mackerel_Atlantic",2024,607852.828,0.561658694216484
"Mackerel_Atlantic",2025,607852.828,0
"Mackerel_Atlantic",2026,607852.828,0
"Mackerel_Atlantic",2027,604457.838,-0.55852170848171
"Mackerel_Atlantic",2028,601062.848,-0.561658694216484
"Mackerel_Atlantic",2029,597667.858,-0.564831117294408
"Mackerel_Atlantic",2030,597667.858,0
"Mackerel_Atlantic",2031,597667.858,0
"Mackerel_Atlantic",2032,597667.858,0
"Mackerel_Atlantic",2033,594272.868,-0.56803958160989
"Mackerel_Atlantic",2034,594272.868,0
"Mackerel_Atlantic",2035,583049.952,-1.88851226504252
"Mackerel_Atlantic",2036,591313.304,1.41726313014086
"Mackerel_Atlantic",2037,583049.952,-1.39745748051019
"Mackerel_Atlantic",2038,583049.952,0
"Mackerel_Atlantic",2039,583049.952,0
"Mackerel_Atlantic",2040,579755.952,-0.564960169999294
"Menhaden_Atlantic",2020,17458926.0408,NA
"Menhaden_Atlantic",2021,17371567.7962,-0.500364366031754
"Menhaden_Atlantic",2022,17438907.9492,0.38764580025257
"Menhaden_Atlantic",2023,17371567.7962,-0.386148910219383
"Menhaden_Atlantic",2024,17371567.7962,0
"Menhaden_Atlantic",2025,17304227.6432,-0.387645800252591
"Menhaden_Atlantic",2026,17304227.6432,0
"Menhaden_Atlantic",2027,17304227.6432,0
"Menhaden_Atlantic",2028,17304227.6432,0
"Menhaden_Atlantic",2029,17304227.6432,0
"Menhaden_Atlantic",2030,17304227.6432,0
"Menhaden_Atlantic",2031,17304227.6432,0
"Menhaden_Atlantic",2032,17304227.6432,0
"Menhaden_Atlantic",2033,17304227.6432,0
"Menhaden_Atlantic",2034,17304227.6432,0
"Menhaden_Atlantic",2035,17304227.6432,0
"Menhaden_Atlantic",2036,17304227.6432,0
"Menhaden_Atlantic",2037,17304227.6432,0
"Menhaden_Atlantic",2038,17304227.6432,0
"Menhaden_Atlantic",2039,17304227.6432,0
"Menhaden_Atlantic",2040,17304227.6432,0
"Monkfish",2020,4105497.954,NA
"Monkfish",2021,3827633.358,-6.76810947449811
"Monkfish",2022,3735011.826,-2.41981201795138
"Monkfish",2023,3735011.826,0
"Monkfish",2024,3735011.826,0
"Monkfish",2025,3735011.826,0
"Monkfish",2026,3735011.826,0
"Monkfish",2027,3735011.826,0
"Monkfish",2028,3735011.826,0
"Monkfish",2029,3735011.826,0
"Monkfish",2030,3735984.598,0.0260446832652112
"Monkfish",2031,3896090.9015,4.28551829645417
"Monkfish",2032,3897063.6735,0.0249678979416359
"Monkfish",2033,3897063.6735,0
"Monkfish",2034,4058142.749,4.13334471785351
"Monkfish",2035,4218249.0525,3.94530979816943
"Monkfish",2036,4218249.0525,0
"Monkfish",2037,4218249.0525,0
"Monkfish",2038,4218249.0525,0
"Monkfish",2039,4218249.0525,0
"Monkfish",2040,4218249.0525,0
"Mussel_Blue_Sea",2020,11548871.6144,NA
"Mussel_Blue_Sea",2021,11559749.3564,0.0941887862571558
"Mussel_Blue_Sea",2022,11548871.6144,-0.0941001544638002
"Mussel_Blue_Sea",2023,11548871.6144,0
"Mussel_Blue_Sea",2024,11548871.6144,0
"Mussel_Blue_Sea",2025,11548871.6144,0
"Mussel_Blue_Sea",2026,11548871.6144,0
"Mussel_Blue_Sea",2027,11548871.6144,0
"Mussel_Blue_Sea",2028,11548871.6144,0
"Mussel_Blue_Sea",2029,11548871.6144,0
"Mussel_Blue_Sea",2030,11548871.6144,0
"Mussel_Blue_Sea",2031,11548871.6144,0
"Mussel_Blue_Sea",2032,11548871.6144,0
"Mussel_Blue_Sea",2033,11548871.6144,0
"Mussel_Blue_Sea",2034,11548871.6144,0
"Mussel_Blue_Sea",2035,11548871.6144,0
"Mussel_Blue_Sea",2036,11548871.6144,0
"Mussel_Blue_Sea",2037,11548871.6144,0
"Mussel_Blue_Sea",2038,11548871.6144,0
"Mussel_Blue_Sea",2039,11548871.6144,0
"Mussel_Blue_Sea",2040,11548871.6144,0
"Oysters",2020,27669949.408,NA
"Oysters",2021,25165266.532,-9.05199658686706
"Oysters",2022,26835055.116,6.63529067684107
"Oysters",2023,27669949.408,3.1112076662075
"Oysters",2024,27669949.408,0
"Oysters",2025,27669949.408,0
"Oysters",2026,27669949.408,0
"Oysters",2027,27669949.408,0
"Oysters",2028,27669949.408,0
"Oysters",2029,27669949.408,0
"Oysters",2030,27669949.408,0
"Oysters",2031,27669949.408,0
"Oysters",2032,27669949.408,0
"Oysters",2033,27669949.408,0
"Oysters",2034,27669949.408,0
"Oysters",2035,26835055.116,-3.01733219562235
"Oysters",2036,26835055.116,0
"Oysters",2037,26835055.116,0
"Oysters",2038,26835055.116,0
"Oysters",2039,26835055.116,0
"Oysters",2040,26000160.824,-3.1112076662075
"Periwinkles_Atlantic__Cockles_",2020,2804154.44,NA
"Periwinkles_Atlantic__Cockles_",2021,2804154.44,0
"Periwinkles_Atlantic__Cockles_",2022,2804154.44,0
"Periwinkles_Atlantic__Cockles_",2023,2804154.44,0
"Periwinkles_Atlantic__Cockles_",2024,2804154.44,0
"Periwinkles_Atlantic__Cockles_",2025,2813288.91,0.325747750184551
"Periwinkles_Atlantic__Cockles_",2026,2831557.85,0.649380159110622
"Periwinkles_Atlantic__Cockles_",2027,2831557.85,0
"Periwinkles_Atlantic__Cockles_",2028,2831557.85,0
"Periwinkles_Atlantic__Cockles_",2029,2831557.85,0
"Periwinkles_Atlantic__Cockles_",2030,2831557.85,0
"Periwinkles_Atlantic__Cockles_",2031,2840692.32,0.322595210265621
"Periwinkles_Atlantic__Cockles_",2032,2840692.32,0
"Periwinkles_Atlantic__Cockles_",2033,2840692.32,0
"Periwinkles_Atlantic__Cockles_",2034,2840692.32,0
"Periwinkles_Atlantic__Cockles_",2035,2840692.32,0
"Periwinkles_Atlantic__Cockles_",2036,2837785.11,-0.102341601008023
"Periwinkles_Atlantic__Cockles_",2037,2837785.11,0
"Periwinkles_Atlantic__Cockles_",2038,2834877.9,-0.102446446341385
"Periwinkles_Atlantic__Cockles_",2039,2837785.11,0.102551506715685
"Periwinkles_Atlantic__Cockles_",2040,2834877.9,-0.102446446341385
"Plaice_American__Dab_",2020,10830466.7201333,NA
"Plaice_American__Dab_",2021,10857071.0699333,0.245643613405373
"Plaice_American__Dab_",2022,10864921.5013333,0.0723070830929672
"Plaice_American__Dab_",2023,10864921.5013333,0
"Plaice_American__Dab_",2024,10857071.0699333,-0.0722548377274129
"Plaice_American__Dab_",2025,10848202.9533333,-0.0816805613860248
"Plaice_American__Dab_",2026,10839334.8367333,-0.0817473330665917
"Plaice_American__Dab_",2027,10839334.8367333,0
"Plaice_American__Dab_",2028,10839334.8367333,0
"Plaice_American__Dab_",2029,10862886.1309333,0.217276194109149
"Plaice_American__Dab_",2030,10861868.4457333,-0.00936846053372691
"Plaice_American__Dab_",2031,10861868.4457333,0
"Plaice_American__Dab_",2032,10861868.4457333,0
"Plaice_American__Dab_",2033,10862886.1309333,0.00936933829648749
"Plaice_American__Dab_",2034,10854018.0143333,-0.0816368365930694
"Plaice_American__Dab_",2035,10854018.0143333,0
"Plaice_American__Dab_",2036,10854018.0143333,0
"Plaice_American__Dab_",2037,10861868.4457333,0.0723274218785535
"Plaice_American__Dab_",2038,10861868.4457333,0
"Plaice_American__Dab_",2039,10861868.4457333,0
"Plaice_American__Dab_",2040,10861868.4457333,0
"Pollock",2020,9654550.964,NA
"Pollock",2021,9660675.5824,0.0634376308420514
"Pollock",2022,9654550.964,-0.0633974130252131
"Pollock",2023,9654550.964,0
"Pollock",2024,9654550.964,0
"Pollock",2025,9654550.964,0
"Pollock",2026,9654550.964,0
"Pollock",2027,9654550.964,0
"Pollock",2028,9654550.964,0
"Pollock",2029,9654550.964,0
"Pollock",2030,9654550.964,0
"Pollock",2031,9654550.964,0
"Pollock",2032,9654550.964,0
"Pollock",2033,9654550.964,0
"Pollock",2034,9654550.964,0
"Pollock",2035,9654550.964,0
"Pollock",2036,9654550.964,0
"Pollock",2037,9654550.964,0
"Pollock",2038,9654550.964,0
"Pollock",2039,9654550.964,0
"Pollock",2040,9654550.964,0
"Redfish_Acadian_Ocean_Perch",2020,2096576.84746667,NA
"Redfish_Acadian_Ocean_Perch",2021,2146346.3344,2.37384510820432
"Redfish_Acadian_Ocean_Perch",2022,2146346.3344,0
"Redfish_Acadian_Ocean_Perch",2023,2146346.3344,0
"Redfish_Acadian_Ocean_Perch",2024,2146346.3344,0
"Redfish_Acadian_Ocean_Perch",2025,2146346.3344,0
"Redfish_Acadian_Ocean_Perch",2026,2146346.3344,0
"Redfish_Acadian_Ocean_Perch",2027,2146346.3344,0
"Redfish_Acadian_Ocean_Perch",2028,2146346.3344,0
"Redfish_Acadian_Ocean_Perch",2029,2146346.3344,0
"Redfish_Acadian_Ocean_Perch",2030,2322466.6294,8.20558603135376
"Redfish_Acadian_Ocean_Perch",2031,2322466.6294,0
"Redfish_Acadian_Ocean_Perch",2032,2498586.9244,7.58332941237997
"Redfish_Acadian_Ocean_Perch",2033,2498586.9244,0
"Redfish_Acadian_Ocean_Perch",2034,2674707.2194,7.04879599265065
"Redfish_Acadian_Ocean_Perch",2035,2674707.2194,0
"Redfish_Acadian_Ocean_Perch",2036,2674707.2194,0
"Redfish_Acadian_Ocean_Perch",2037,2674707.2194,0
"Redfish_Acadian_Ocean_Perch",2038,2674707.2194,0
"Redfish_Acadian_Ocean_Perch",2039,2674707.2194,0
"Redfish_Acadian_Ocean_Perch",2040,2674707.2194,0
"Rockweed",2020,2312026.584,NA
"Rockweed",2021,2312026.584,0
"Rockweed",2022,2312026.584,0
"Rockweed",2023,2312026.584,0
"Rockweed",2024,2311527.696,-0.0215779525829104
"Rockweed",2025,2310529.92,-0.0431652193364016
"Rockweed",2026,2310529.92,0
"Rockweed",2027,2310529.92,0
"Rockweed",2028,2312371.622,0.0797090738387862
"Rockweed",2029,2312371.622,0
"Rockweed",2030,2312371.622,0
"Rockweed",2031,2314712.212,0.101220321929739
"Rockweed",2032,2317052.802,0.101117969994961
"Rockweed",2033,2317052.802,0
"Rockweed",2034,2317102.086,0.00212701238217122
"Rockweed",2035,2315925.814,-0.0507647896528578
"Rockweed",2036,2316673.57,0.0322875627310596
"Rockweed",2037,2316673.57,0
"Rockweed",2038,2315546.582,-0.0486468190682713
"Rockweed",2039,2317887.172,0.101081533759458
"Rockweed",2040,2317409.372,-0.0206136004276691
"Salmon_Atlantic",2020,210237621.2012,NA
"Salmon_Atlantic",2021,210064683.7552,-0.0822580873070226
"Salmon_Atlantic",2022,210007037.939867,-0.0274419356470622
"Salmon_Atlantic",2023,210007037.939867,0
"Salmon_Atlantic",2024,210518027.995867,0.243320443454048
"Salmon_Atlantic",2025,211540008.107867,0.48545966430013
"Salmon_Atlantic",2026,211540008.107867,0
"Salmon_Atlantic",2027,211540008.107867,0
"Salmon_Atlantic",2028,211466622.537867,-0.0346911067350308
"Salmon_Atlantic",2029,212050998.163867,0.276344143102463
"Salmon_Atlantic",2030,212050998.163867,0
"Salmon_Atlantic",2031,212050998.163867,0
"Salmon_Atlantic",2032,212536738.251867,0.22906757912294
"Salmon_Atlantic",2033,212293868.207867,-0.114272029390131
"Salmon_Atlantic",2034,212293868.207867,0
"Salmon_Atlantic",2035,212536738.251867,0.114402759745371
"Salmon_Atlantic",2036,212536738.251867,0
"Salmon_Atlantic",2037,212779608.295867,0.114272029390131
"Salmon_Atlantic",2038,212779608.295867,0
"Salmon_Atlantic",2039,212779608.295867,0
"Salmon_Atlantic",2040,215453327.757067,1.2565675266599
"Sandworms",2020,4331995.16029744,NA
"Sandworms",2021,4353115.68829744,0.487547359091458
"Sandworms",2022,4360155.86429744,0.161727289236218
"Sandworms",2023,4360155.86429744,0
"Sandworms",2024,4360155.86429744,0
"Sandworms",2025,4353115.68829744,-0.16146615440167
"Sandworms",2026,4346075.51229744,-0.161727289236218
"Sandworms",2027,4346075.51229744,0
"Sandworms",2028,4360155.86429744,0.323978540183181
"Sandworms",2029,4360155.86429744,0
"Sandworms",2030,4360155.86429744,0
"Sandworms",2031,4360155.86429744,0
"Sandworms",2032,4360155.86429744,0
"Sandworms",2033,4360155.86429744,0
"Sandworms",2034,4362267.64789744,0.0484336722292841
"Sandworms",2035,4357525.97589744,-0.108697411133972
"Sandworms",2036,4355042.58349744,-0.0569908800024717
"Sandworms",2037,4355189.07949744,0.00336382474317155
"Sandworms",2038,4352412.69509744,-0.0637488832131312
"Sandworms",2039,4352412.69509744,0
"Sandworms",2040,4352412.69509744,0
"Scallop_Sea",2020,29807569.0701333,NA
"Scallop_Sea",2021,29751233.7077333,-0.188996835895785
"Scallop_Sea",2022,29891279.3664,0.470722189346652
"Scallop_Sea",2023,29826502.5716,-0.216708003715667
"Scallop_Sea",2024,29820713.6172667,-0.0194087601100222
"Scallop_Sea",2025,29814924.6629333,-0.0194125278409696
"Scallop_Sea",2026,29826502.5716,0.038832594070087
"Scallop_Sea",2027,29820713.6172667,-0.0194087601100222
"Scallop_Sea",2028,29826502.5716,0.0194125278409821
"Scallop_Sea",2029,29814924.6629333,-0.0388175202200318
"Scallop_Sea",2030,29814924.6629333,0
"Scallop_Sea",2031,29820713.6172667,0.0194162970350372
"Scallop_Sea",2032,29820713.6172667,0
"Scallop_Sea",2033,29820713.6172667,0
"Scallop_Sea",2034,29819402.9420667,-0.00439518388735508
"Scallop_Sea",2035,29832586.0761333,0.0442099196026272
"Scallop_Sea",2036,29831275.4009333,-0.00439343473829435
"Scallop_Sea",2037,29829808.1864333,-0.00491837670459325
"Scallop_Sea",2038,29834286.4655667,0.0150127654369825
"Scallop_Sea",2039,29851791.3394667,0.0586736804320871
"Scallop_Sea",2040,29869296.2133667,0.0586392746114939
"Sea_Urchins_Green",2020,23257059.816,NA
"Sea_Urchins_Green",2021,23257059.816,0
"Sea_Urchins_Green",2022,23306753.988,0.213673492664841
"Sea_Urchins_Green",2023,23306753.988,0
"Sea_Urchins_Green",2024,23356448.16,0.213217902525544
"Sea_Urchins_Green",2025,23306753.988,-0.212764251052126
"Sea_Urchins_Green",2026,23356448.16,0.213217902525544
"Sea_Urchins_Green",2027,23356448.16,0
"Sea_Urchins_Green",2028,23356448.16,0
"Sea_Urchins_Green",2029,23306753.988,-0.212764251052126
"Sea_Urchins_Green",2030,23356448.16,0.213217902525544
"Sea_Urchins_Green",2031,23357398.274,0.00406788734952952
"Sea_Urchins_Green",2032,23419565.362,0.266155876055768
"Sea_Urchins_Green",2033,23419565.362,0
"Sea_Urchins_Green",2034,23420515.476,0.00405692413720748
"Sea_Urchins_Green",2035,23433938.506,0.0573131279444141
"Sea_Urchins_Green",2036,23433938.506,0
"Sea_Urchins_Green",2037,23446411.422,0.0532258629799151
"Sea_Urchins_Green",2038,23446411.422,0
"Sea_Urchins_Green",2039,23446411.422,0
"Sea_Urchins_Green",2040,23446411.422,0
"Seaweed_Unc",2020,2989227.50893333,NA
"Seaweed_Unc",2021,2989227.50893333,0
"Seaweed_Unc",2022,2989227.50893333,0
"Seaweed_Unc",2023,2989227.50893333,0
"Seaweed_Unc",2024,2989227.50893333,0
"Seaweed_Unc",2025,2989227.50893333,0
"Seaweed_Unc",2026,2989227.50893333,0
"Seaweed_Unc",2027,2989227.50893333,0
"Seaweed_Unc",2028,2989227.50893333,0
"Seaweed_Unc",2029,2989227.50893333,0
"Seaweed_Unc",2030,2999717.48293333,0.350925915429674
"Seaweed_Unc",2031,2999717.48293333,0
"Seaweed_Unc",2032,3010207.45693333,0.349698731953321
"Seaweed_Unc",2033,3010207.45693333,0
"Seaweed_Unc",2034,2948615.66493333,-2.04609791455192
"Seaweed_Unc",2035,2948615.66493333,0
"Seaweed_Unc",2036,2892970.41093333,-1.88716537939367
"Seaweed_Unc",2037,2892970.41093333,0
"Seaweed_Unc",2038,2793167.87893333,-3.44982899316284
"Seaweed_Unc",2039,2831378.61893333,1.36800728263395
"Seaweed_Unc",2040,2792373.59893333,-1.37759816858031
"Shark_Dogfish",2020,226998.501333333,NA
"Shark_Dogfish",2021,240427.523333333,5.91590777962023
"Shark_Dogfish",2022,240220.457333333,-0.0861240831037932
"Shark_Dogfish",2023,240220.457333333,0
"Shark_Dogfish",2024,240220.457333333,0
"Shark_Dogfish",2025,240220.457333333,0
"Shark_Dogfish",2026,240220.457333333,0
"Shark_Dogfish",2027,240220.457333333,0
"Shark_Dogfish",2028,240220.457333333,0
"Shark_Dogfish",2029,246518.288133333,2.62168795693409
"Shark_Dogfish",2030,246518.288133333,0
"Shark_Dogfish",2031,246518.288133333,0
"Shark_Dogfish",2032,252816.118933333,2.55471139593251
"Shark_Dogfish",2033,252816.118933333,0
"Shark_Dogfish",2034,252816.118933333,0
"Shark_Dogfish",2035,259113.949733333,2.49107170324876
"Shark_Dogfish",2036,259113.949733333,0
"Shark_Dogfish",2037,259113.949733333,0
"Shark_Dogfish",2038,259113.949733333,0
"Shark_Dogfish",2039,265100.7498,2.31048929354363
"Shark_Dogfish",2040,277074.349933333,4.51662250761898
"Shrimp_Northern",2020,17011898.8713333,NA
"Shrimp_Northern",2021,17011898.8713333,0
"Shrimp_Northern",2022,17018442.9713333,0.0384677809897374
"Shrimp_Northern",2023,17183307.3385333,0.968739428616985
"Shrimp_Northern",2024,17539590.8259333,2.07342789359896
"Shrimp_Northern",2025,17536807.4884333,-0.0158688850134587
"Shrimp_Northern",2026,17712375.5801333,1.00114055432145
"Shrimp_Northern",2027,17712375.5801333,0
"Shrimp_Northern",2028,17712375.5801333,0
"Shrimp_Northern",2029,17710500.3261333,-0.0105872529154151
"Shrimp_Northern",2030,17665539.8548333,-0.25386336056051
"Shrimp_Northern",2031,17651339.0095333,-0.0803872704525064
"Shrimp_Northern",2032,17583923.1982333,-0.381930295846608
"Shrimp_Northern",2033,17543516.5049333,-0.229793390499232
"Shrimp_Northern",2034,17500431.2876333,-0.245590542169137
"Shrimp_Northern",2035,17498556.0336333,-0.0107154730599457
"Shrimp_Northern",2036,17563293.3209333,0.369957882099351
"Shrimp_Northern",2037,17538962.7269333,-0.138530932413464
"Shrimp_Northern",2038,17538962.7269333,0
"Shrimp_Northern",2039,17522886.6276333,-0.0916593503862912
"Shrimp_Northern",2040,17538962.7269333,0.0917434418290937
"Skates",2020,28881.8053333333,NA
"Skates",2021,28881.8053333333,0
"Skates",2022,28881.8053333333,0
"Skates",2023,28881.8053333333,0
"Skates",2024,28881.8053333333,0
"Skates",2025,28881.8053333333,0
"Skates",2026,28881.8053333333,0
"Skates",2027,28881.8053333333,0
"Skates",2028,28091.1797333333,-2.73745214634321
"Skates",2029,28091.1797333333,0
"Skates",2030,28091.1797333333,0
"Skates",2031,27300.5541333333,-2.81449767331001
"Skates",2032,28048.0977333333,2.73819936529152
"Skates",2033,27257.4721333333,-2.81882075396647
"Skates",2034,27531.5833333333,1.00563690814449
"Skates",2035,28322.2089333333,2.87170407320078
"Skates",2036,28322.2089333333,0
"Skates",2037,28838.7233333333,1.82370803497639
"Skates",2038,28881.8053333333,0.149389414718654
"Skates",2039,28881.8053333333,0
"Skates",2040,28881.8053333333,0
"Wolffish_Atlantic",2020,292842.852933333,NA
"Wolffish_Atlantic",2021,294481.860933333,0.559688578219493
"Wolffish_Atlantic",2022,292842.852933333,-0.556573499911094
"Wolffish_Atlantic",2023,293605.425733333,0.260403418543947
"Wolffish_Atlantic",2024,293605.425733333,0
"Wolffish_Atlantic",2025,293605.425733333,0
"Wolffish_Atlantic",2026,293605.425733333,0
"Wolffish_Atlantic",2027,293605.425733333,0
"Wolffish_Atlantic",2028,293605.425733333,0
"Wolffish_Atlantic",2029,293605.425733333,0
"Wolffish_Atlantic",2030,293605.425733333,0
"Wolffish_Atlantic",2031,293635.826533333,0.0103543045650711
"Wolffish_Atlantic",2032,293605.425733333,-0.0103532325598396
"Wolffish_Atlantic",2033,293605.425733333,0
"Wolffish_Atlantic",2034,293635.826533333,0.0103543045650711
"Wolffish_Atlantic",2035,293666.227333333,0.0103532325598396
"Wolffish_Atlantic",2036,293696.628133333,0.0103521607765396
"Wolffish_Atlantic",2037,293727.028933333,0.0103510892151617
"Wolffish_Atlantic",2038,293727.028933333,0
"Wolffish_Atlantic",2039,293727.028933333,0
"Wolffish_Atlantic",2040,293696.628133333,-0.0103500178755776
"Yellow_Eel",2020,68136.912,NA
"Yellow_Eel",2021,69394.344,1.84544905703974
"Yellow_Eel",2022,69391.336,-0.00433464721563133
"Yellow_Eel",2023,69391.336,0
"Yellow_Eel",2024,69391.336,0
"Yellow_Eel",2025,69391.336,0
"Yellow_Eel",2026,69391.336,0
"Yellow_Eel",2027,69391.336,0
"Yellow_Eel",2028,69391.336,0
"Yellow_Eel",2029,69391.336,0
"Yellow_Eel",2030,82624.572,19.0704441834064
"Yellow_Eel",2031,82831.346,0.250257272134481
"Yellow_Eel",2032,96064.582,15.9761209240763
"Yellow_Eel",2033,96064.582,0
"Yellow_Eel",2034,109504.592,13.9905985329744
"Yellow_Eel",2035,109711.366,0.188826784542519
"Yellow_Eel",2036,109711.366,0
"Yellow_Eel",2037,109711.366,0
"Yellow_Eel",2038,109711.366,0
"Yellow_Eel",2039,109711.366,0
"Yellow_Eel",2040,109711.366,0
