Entity,Code,Year,fishing_pressure_mean_region
US Northeast Coast,,1970,0.8717948717948721
US Northeast Coast,,1971,1.0313829787234001
US Northeast Coast,,1972,1.2421474358974398
US Northeast Coast,,1973,1.638000009828
US Northeast Coast,,1974,1.3636000081816
US Northeast Coast,,1975,0.886153846153846
US Northeast Coast,,1976,0.9780984042553191
US Northeast Coast,,1977,1.1367521367521398
US Northeast Coast,,1978,1.31365883440527
US Northeast Coast,,1979,1.4133942766295702
US Northeast Coast,,1980,1.5192307692307698
US Northeast Coast,,1981,1.32524095290053
US Northeast Coast,,1982,1.59042553191489
US Northeast Coast,,1983,1.66489361702128
US Northeast Coast,,1984,1.9390798326968601
US Northeast Coast,,1985,1.7140212825032601
US Northeast Coast,,1986,1.8844765342960301
US Northeast Coast,,1987,2.0042735042735003
US Northeast Coast,,1988,1.77617328519856
US Northeast Coast,,1989,1.57311894826941
US Northeast Coast,,1990,1.69962686567164
US Northeast Coast,,1991,1.6858570588729298
US Northeast Coast,,1992,1.7314435780809998
US Northeast Coast,,1993,1.6880960443274298
US Northeast Coast,,1994,1.50464706369553
US Northeast Coast,,1995,1.6110859728506801
US Northeast Coast,,1996,1.54455231940269
US Northeast Coast,,1997,1.41516787830423
US Northeast Coast,,1998,1.3432126696832498
US Northeast Coast,,1999,1.12794117647059
US Northeast Coast,,2000,1.05030888030888
US Northeast Coast,,2001,0.952027453192446
US Northeast Coast,,2002,0.902866827544531
US Northeast Coast,,2003,0.894
US Northeast Coast,,2004,0.936309173640042
US Northeast Coast,,2005,1.07692307692308
US Northeast Coast,,2006,0.9682596239103579
US Northeast Coast,,2007,0.8868318766282891
US Northeast Coast,,2008,0.6931409130816499
US Northeast Coast,,2009,0.7980624862943358
US Northeast Coast,,2010,0.6809701492537309
US Northeast Coast,,2011,0.6923076923076921
US Northeast Coast,,2012,0.72008547008547
US Northeast Coast,,2013,0.580558361409998
US Northeast Coast,,2014,0.612244897959184
US Northeast Coast,,2015,0.60125
US Northeast Coast,,2016,0.64375