"Year","Scenario","County","Pred_Lobster_Pounds","Pred_Lobster_Value"
2020,"Baseline","waldo",658191.384626064,3167245.06888794
2021,"Baseline","waldo",657388.802041614,3164571.24475114
2022,"Baseline","waldo",656586.219457164,3161897.42061434
2023,"Baseline","waldo",655783.636872713,3159223.59647753
2024,"Baseline","waldo",654981.054288264,3156549.77234073
2025,"Baseline","waldo",654178.471703814,3153875.94820393
2026,"Baseline","waldo",653375.889119364,3151202.12406713
2027,"Baseline","waldo",652573.306534913,3148528.29993033
2028,"Baseline","waldo",651770.723950463,3145854.47579353
2029,"Baseline","waldo",650968.141366014,3143180.65165673
2030,"Baseline","waldo",650165.558781563,3140506.82751992
2031,"Baseline","waldo",649362.976197113,3137833.00338312
2032,"Baseline","waldo",648560.393612663,3135159.17924632
2033,"Baseline","waldo",647757.811028213,3132485.35510952
2034,"Baseline","waldo",646955.228443763,3129811.53097272
2035,"Baseline","waldo",646152.645859313,3127137.70683592
2036,"Baseline","waldo",645350.063274863,3124463.88269911
2037,"Baseline","waldo",644547.480690412,3121790.05856231
2038,"Baseline","waldo",643744.898105963,3119116.23442551
2039,"Baseline","waldo",642942.315521513,3116442.41028871
2040,"Baseline","waldo",642139.732937063,3113768.58615191
2041,"Baseline","waldo",641337.150352612,3111094.76201511
2042,"Baseline","waldo",640534.567768163,3108420.93787831
2043,"Baseline","waldo",639731.985183713,3105747.1137415
2044,"Baseline","waldo",638929.402599262,3103073.2896047
2045,"Baseline","waldo",638126.820014812,3100399.4654679
2046,"Baseline","waldo",637324.237430362,3097725.6413311
2047,"Baseline","waldo",636521.654845912,3095051.8171943
2048,"Baseline","waldo",635719.072261462,3092377.99305749
2049,"Baseline","waldo",634916.489677012,3089704.16892069
2050,"Baseline","waldo",634113.907092562,3087030.34478389
2051,"Baseline","waldo",633311.324508112,3084356.52064709
2052,"Baseline","waldo",632508.741923662,3081682.69651029
2053,"Baseline","waldo",631706.159339212,3079008.87237349
2054,"Baseline","waldo",630903.576754762,3076335.04823668
2055,"Baseline","waldo",630100.994170312,3073661.22409988
2056,"Baseline","waldo",629298.411585862,3070987.39996308
2057,"Baseline","waldo",628495.829001411,3068313.57582628
2058,"Baseline","waldo",627693.246416961,3065639.75168948
2059,"Baseline","waldo",626890.663832512,3062965.92755268
2060,"Baseline","waldo",626088.081248061,3060292.10341588
2061,"Baseline","waldo",625285.498663611,3057618.27927907
2062,"Baseline","waldo",624482.916079161,3054944.45514227
2063,"Baseline","waldo",623680.333494711,3052270.63100547
2064,"Baseline","waldo",622877.750910261,3049596.80686867
2065,"Baseline","waldo",622075.168325811,3046922.98273187
2066,"Baseline","waldo",621272.585741361,3044249.15859507
2067,"Baseline","waldo",620470.003156911,3041575.33445826
2068,"Baseline","waldo",619667.420572461,3038901.51032146
2069,"Baseline","waldo",618864.837988011,3036227.68618466
2070,"Baseline","waldo",618062.25540356,3033553.86204786
2071,"Baseline","waldo",617259.67281911,3030880.03791106
2072,"Baseline","waldo",616457.09023466,3028206.21377426
2073,"Baseline","waldo",615654.507650211,3025532.38963746
2074,"Baseline","waldo",614851.92506576,3022858.56550065
2075,"Baseline","waldo",614049.34248131,3020184.74136385
2076,"Baseline","waldo",613246.75989686,3017510.91722705
2077,"Baseline","waldo",612444.17731241,3014837.09309025
2078,"Baseline","waldo",611641.59472796,3012163.26895345
2079,"Baseline","waldo",610839.01214351,3009489.44481665
2080,"Baseline","waldo",610036.42955906,3006815.62067984
2081,"Baseline","waldo",609233.84697461,3004141.79654304
2082,"Baseline","waldo",608431.26439016,3001467.97240624
2083,"Baseline","waldo",607628.68180571,2998794.14826944
2084,"Baseline","waldo",606826.099221259,2996120.32413264
2085,"Baseline","waldo",606023.516636809,2993446.49999584
2086,"Baseline","waldo",605220.934052359,2990772.67585904
2087,"Baseline","waldo",604418.351467909,2988098.85172223
2088,"Baseline","waldo",603615.768883459,2985425.02758543
2089,"Baseline","waldo",602813.186299009,2982751.20344863
2090,"Baseline","waldo",602010.60371456,2980077.37931183
2091,"Baseline","waldo",601208.021130109,2977403.55517503
2092,"Baseline","waldo",600405.438545659,2974729.73103823
2093,"Baseline","waldo",599602.855961209,2972055.90690142
2094,"Baseline","waldo",598800.273376759,2969382.08276462
2095,"Baseline","waldo",597997.690792309,2966708.25862782
2096,"Baseline","waldo",597195.108207859,2964034.43449102
2097,"Baseline","waldo",596392.525623409,2961360.61035422
2098,"Baseline","waldo",595589.943038958,2958686.78621742
2099,"Baseline","waldo",594787.360454509,2956012.96208061
2100,"Baseline","waldo",593984.777870058,2953339.13794381
2020,"SLR_Low","waldo",656747.566291238,3163653.08527187
2021,"SLR_Low","waldo",656464.758307325,3162272.37523685
2022,"SLR_Low","waldo",656066.444856626,3160604.30651255
2023,"SLR_Low","waldo",655552.625939141,3158648.87909896
2024,"SLR_Low","waldo",654923.301554871,3156406.09299609
2025,"SLR_Low","waldo",654178.471703814,3153875.94820393
2026,"SLR_Low","waldo",653318.136385971,3151058.44472249
2027,"SLR_Low","waldo",652342.295601341,3147953.58255176
2028,"SLR_Low","waldo",651250.949349926,3144561.36169174
2029,"SLR_Low","waldo",650044.097631724,3140881.78214244
2030,"SLR_Low","waldo",648721.740446737,3136914.84390385
2031,"SLR_Low","waldo",647283.877794963,3132660.54697598
2032,"SLR_Low","waldo",645730.509676403,3128118.89135882
2033,"SLR_Low","waldo",644061.636091057,3123289.87705237
2034,"SLR_Low","waldo",642277.257038924,3118173.50405664
2035,"SLR_Low","waldo",640377.372520006,3112769.77237162
2036,"SLR_Low","waldo",638361.982534301,3107078.68199732
2037,"SLR_Low","waldo",636231.08708181,3101100.23293373
2038,"SLR_Low","waldo",633984.686162534,3094834.42518085
2039,"SLR_Low","waldo",631622.779776471,3088281.25873869
2040,"SLR_Low","waldo",629145.367923622,3081440.73360724
2041,"SLR_Low","waldo",626552.450603986,3074312.84978651
2042,"SLR_Low","waldo",623844.027817565,3066897.60727649
2043,"SLR_Low","waldo",621020.099564358,3059195.00607719
2044,"SLR_Low","waldo",618080.665844364,3051205.0461886
2045,"SLR_Low","waldo",615025.726657584,3042927.72761072
2046,"SLR_Low","waldo",611855.282004019,3034363.05034356
2047,"SLR_Low","waldo",608569.331883666,3025511.01438711
2048,"SLR_Low","waldo",605167.876296528,3016371.61974138
2049,"SLR_Low","waldo",601650.915242603,3006944.86640636
2050,"SLR_Low","waldo",598018.448721893,2997230.75438205
2051,"SLR_Low","waldo",594270.476734397,2987229.28366846
2052,"SLR_Low","waldo",590406.999280114,2976940.45426558
2053,"SLR_Low","waldo",586428.016359045,2966364.26617342
2054,"SLR_Low","waldo",582333.52797119,2955500.71939197
2055,"SLR_Low","waldo",578123.534116549,2944349.81392123
2056,"SLR_Low","waldo",573798.034795122,2932911.54976121
2057,"SLR_Low","waldo",569357.030006908,2921185.9269119
2058,"SLR_Low","waldo",564800.519751908,2909172.94537331
2059,"SLR_Low","waldo",560128.504030123,2896872.60514543
2060,"SLR_Low","waldo",555340.982841551,2884284.90622827
2061,"SLR_Low","waldo",550437.956186192,2871409.84862181
2062,"SLR_Low","waldo",545419.424064048,2858247.43232608
2063,"SLR_Low","waldo",540285.386475118,2844797.65734105
2064,"SLR_Low","waldo",535035.843419402,2831060.52366675
2065,"SLR_Low","waldo",529670.794896899,2817036.03130315
2066,"SLR_Low","waldo",524190.24090761,2802724.18025027
2067,"SLR_Low","waldo",518594.181451535,2788124.97050811
2068,"SLR_Low","waldo",512882.616528675,2773238.40207665
2069,"SLR_Low","waldo",507055.546139027,2758064.47495592
2070,"SLR_Low","waldo",501112.970282594,2742603.18914589
2071,"SLR_Low","waldo",495054.888959374,2726854.54464658
2072,"SLR_Low","waldo",488881.302169368,2710818.54145798
2073,"SLR_Low","waldo",482592.209912577,2694495.1795801
2074,"SLR_Low","waldo",476187.612188999,2677884.45901294
2075,"SLR_Low","waldo",469667.508998635,2660986.37975648
2076,"SLR_Low","waldo",463031.900341485,2643800.94181074
2077,"SLR_Low","waldo",456280.786217549,2626328.14517572
2078,"SLR_Low","waldo",449414.166626827,2608567.98985141
2079,"SLR_Low","waldo",442432.041569318,2590520.47583781
2080,"SLR_Low","waldo",435334.411045023,2572185.60313493
2081,"SLR_Low","waldo",428121.275053943,2553563.37174276
2082,"SLR_Low","waldo",420792.633596075,2534653.7816613
2083,"SLR_Low","waldo",413348.486671422,2515456.83289056
2084,"SLR_Low","waldo",405788.834279983,2495972.52543054
2085,"SLR_Low","waldo",398113.676421757,2476200.85928122
2086,"SLR_Low","waldo",390323.013096746,2456141.83444263
2087,"SLR_Low","waldo",382416.844304948,2435795.45091474
2088,"SLR_Low","waldo",374395.170046365,2415161.70869757
2089,"SLR_Low","waldo",366257.990320994,2394240.60779112
2090,"SLR_Low","waldo",358005.305128839,2373032.14819537
2091,"SLR_Low","waldo",349637.114469896,2351536.32991035
2092,"SLR_Low","waldo",341153.418344168,2329753.15293603
2093,"SLR_Low","waldo",332554.216751653,2307682.61727243
2094,"SLR_Low","waldo",323839.509692353,2285324.72291955
2095,"SLR_Low","waldo",315009.297166266,2262679.46987738
2096,"SLR_Low","waldo",306063.579173393,2239746.85814592
2097,"SLR_Low","waldo",297002.355713734,2216526.88772518
2098,"SLR_Low","waldo",287825.626787288,2193019.55861515
2099,"SLR_Low","waldo",278533.392394058,2169224.87081583
2100,"SLR_Low","waldo",269125.65253404,2145142.82432723
2020,"SLR_Moderate","waldo",656222.54144221,3162346.90941148
2021,"SLR_Moderate","waldo",656128.742403947,3161436.4226862
2022,"SLR_Moderate","waldo",655877.435910976,3160134.08320281
2023,"SLR_Moderate","waldo",655468.621963297,3158439.8909613
2024,"SLR_Moderate","waldo",654902.30056091,3156353.84596168
2025,"SLR_Moderate","waldo",654178.471703814,3153875.94820393
2026,"SLR_Moderate","waldo",653297.13539201,3151006.19768807
2027,"SLR_Moderate","waldo",652258.291625497,3147744.59441409
2028,"SLR_Moderate","waldo",651061.940404276,3144091.138382
2029,"SLR_Moderate","waldo",649708.081728346,3140045.82959179
2030,"SLR_Moderate","waldo",648196.715597708,3135608.66804346
2031,"SLR_Moderate","waldo",646527.842012363,3130779.65373701
2032,"SLR_Moderate","waldo",644701.460972308,3125558.78667245
2033,"SLR_Moderate","waldo",642717.572477546,3119946.06684977
2034,"SLR_Moderate","waldo",640576.176528074,3113941.49426897
2035,"SLR_Moderate","waldo",638277.273123894,3107545.06893006
2036,"SLR_Moderate","waldo",635820.862265006,3100756.79083303
2037,"SLR_Moderate","waldo",633206.94395141,3093576.65997788
2038,"SLR_Moderate","waldo",630435.518183106,3086004.67636461
2039,"SLR_Moderate","waldo",627506.584960092,3078040.83999323
2040,"SLR_Moderate","waldo",624420.14428237,3069685.15086373
2041,"SLR_Moderate","waldo",621176.196149941,3060937.60897611
2042,"SLR_Moderate","waldo",617774.740562803,3051798.21433038
2043,"SLR_Moderate","waldo",614215.777520956,3042266.96692653
2044,"SLR_Moderate","waldo",610499.307024401,3032343.86676456
2045,"SLR_Moderate","waldo",606625.329073137,3022028.91384447
2046,"SLR_Moderate","waldo",602593.843667167,3011322.10816627
2047,"SLR_Moderate","waldo",598404.850806486,3000223.44972995
2048,"SLR_Moderate","waldo",594058.350491097,2988732.93853551
2049,"SLR_Moderate","waldo",589554.342721,2976850.57458296
2050,"SLR_Moderate","waldo",584892.827496195,2964576.35787229
2051,"SLR_Moderate","waldo",580073.804816682,2951910.2884035
2052,"SLR_Moderate","waldo",575097.27468246,2938852.36617659
2053,"SLR_Moderate","waldo",569963.23709353,2925402.59119157
2054,"SLR_Moderate","waldo",564671.692049891,2911560.96344843
2055,"SLR_Moderate","waldo",559222.639551544,2897327.48294718
2056,"SLR_Moderate","waldo",553616.079598489,2882702.1496878
2057,"SLR_Moderate","waldo",547852.012190724,2867684.96367031
2058,"SLR_Moderate","waldo",541930.437328252,2852275.9248947
2059,"SLR_Moderate","waldo",535851.355011072,2836475.03336098
2060,"SLR_Moderate","waldo",529614.765239183,2820282.28906913
2061,"SLR_Moderate","waldo",523220.668012586,2803697.69201917
2062,"SLR_Moderate","waldo",516669.06333128,2786721.2422111
2063,"SLR_Moderate","waldo",509959.951195265,2769352.9396449
2064,"SLR_Moderate","waldo",503093.331604544,2751592.78432059
2065,"SLR_Moderate","waldo",496069.204559113,2733440.77623816
2066,"SLR_Moderate","waldo",488887.570058974,2714896.91539762
2067,"SLR_Moderate","waldo",481548.428104126,2695961.20179896
2068,"SLR_Moderate","waldo",474051.77869457,2676633.63544218
2069,"SLR_Moderate","waldo",466397.621830306,2656914.21632728
2070,"SLR_Moderate","waldo",458585.957511333,2636802.94445426
2071,"SLR_Moderate","waldo",450616.785737652,2616299.81982313
2072,"SLR_Moderate","waldo",442490.106509262,2595404.84243389
2073,"SLR_Moderate","waldo",434205.919826165,2574118.01228652
2074,"SLR_Moderate","waldo",425764.225688359,2552439.32938104
2075,"SLR_Moderate","waldo",417165.024095844,2530368.79371744
2076,"SLR_Moderate","waldo",408408.315048621,2507906.40529572
2077,"SLR_Moderate","waldo",399494.098546691,2485052.16411589
2078,"SLR_Moderate","waldo",390422.374590051,2461806.07017794
2079,"SLR_Moderate","waldo",381193.143178703,2438168.12348187
2080,"SLR_Moderate","waldo",371806.404312646,2414138.32402768
2081,"SLR_Moderate","waldo",362262.157991882,2389716.67181538
2082,"SLR_Moderate","waldo",352560.404216408,2364903.16684496
2083,"SLR_Moderate","waldo",342701.142986227,2339697.80911643
2084,"SLR_Moderate","waldo",332684.374301337,2314100.59862977
2085,"SLR_Moderate","waldo",322510.098161739,2288111.535385
2086,"SLR_Moderate","waldo",312178.314567432,2261730.61938211
2087,"SLR_Moderate","waldo",301689.023518417,2234957.85062111
2088,"SLR_Moderate","waldo",291042.225014694,2207793.22910199
2089,"SLR_Moderate","waldo",280237.919056262,2180236.75482475
2090,"SLR_Moderate","waldo",269276.105643122,2152288.42778939
2091,"SLR_Moderate","waldo",258156.784775274,2123948.24799592
2092,"SLR_Moderate","waldo",246879.956452717,2095216.21544433
2093,"SLR_Moderate","waldo",235445.620675451,2066092.33013462
2094,"SLR_Moderate","waldo",223853.777443478,2036576.59206679
2095,"SLR_Moderate","waldo",212104.426756796,2006669.00124085
2096,"SLR_Moderate","waldo",200197.568615406,1976369.55765679
2097,"SLR_Moderate","waldo",188133.203019307,1945678.26131461
2098,"SLR_Moderate","waldo",175911.329968499,1914595.11221432
2099,"SLR_Moderate","waldo",163531.949462985,1883120.11035591
2100,"SLR_Moderate","waldo",150995.061502761,1851253.25573938
2020,"SLR_High","waldo",654909.97931964,3159081.4697605
2021,"SLR_High","waldo",655288.702645502,3159346.54130958
2022,"SLR_High","waldo",655404.913546851,3158958.52492846
2023,"SLR_High","waldo",655258.612023685,3157917.42061714
2024,"SLR_High","waldo",654849.798076007,3156223.22837564
2025,"SLR_High","waldo",654178.471703814,3153875.94820393
2026,"SLR_High","waldo",653244.632907107,3150875.58010203
2027,"SLR_High","waldo",652048.281685885,3147222.12406994
2028,"SLR_High","waldo",650589.41804015,3142915.58010765
2029,"SLR_High","waldo",648868.041969902,3137955.94821516
2030,"SLR_High","waldo",646884.153475139,3132343.22839248
2031,"SLR_High","waldo",644637.752555862,3126077.42063961
2032,"SLR_High","waldo",642128.839212071,3119158.52495654
2033,"SLR_High","waldo",639357.413443767,3111586.54134327
2034,"SLR_High","waldo",636323.475250948,3103361.46979981
2035,"SLR_High","waldo",633027.024633615,3094483.31032615
2036,"SLR_High","waldo",629468.061591768,3084952.0629223
2037,"SLR_High","waldo",625646.586125408,3074767.72758826
2038,"SLR_High","waldo",621562.598234534,3063930.30432402
2039,"SLR_High","waldo",617216.097919145,3052439.79312958
2040,"SLR_High","waldo",612607.085179243,3040296.19400495
2041,"SLR_High","waldo",607735.560014826,3027499.50695012
2042,"SLR_High","waldo",602601.522425896,3014049.7319651
2043,"SLR_High","waldo",597204.972412452,2999946.86904988
2044,"SLR_High","waldo",591545.909974493,2985190.91820446
2045,"SLR_High","waldo",585624.335112021,2969781.87942886
2046,"SLR_High","waldo",579440.247825036,2953719.75272305
2047,"SLR_High","waldo",572993.648113535,2937004.53808705
2048,"SLR_High","waldo",566284.535977521,2919636.23552086
2049,"SLR_High","waldo",559312.911416993,2901614.84502447
2050,"SLR_High","waldo",552078.774431951,2882940.36659789
2051,"SLR_High","waldo",544582.125022395,2863612.80024111
2052,"SLR_High","waldo",536822.963188326,2843632.14595413
2053,"SLR_High","waldo",528801.288929741,2822998.40373696
2054,"SLR_High","waldo",520517.102246644,2801711.5735896
2055,"SLR_High","waldo",511970.403139032,2779771.65551204
2056,"SLR_High","waldo",503161.191606906,2757178.64950428
2057,"SLR_High","waldo",494089.467650267,2733932.55556633
2058,"SLR_High","waldo",484755.231269113,2710033.37369818
2059,"SLR_High","waldo",475158.482463446,2685481.10389984
2060,"SLR_High","waldo",465299.221233265,2660275.74617131
2061,"SLR_High","waldo",455177.447578569,2634417.30051257
2062,"SLR_High","waldo",444793.161499359,2607905.76692365
2063,"SLR_High","waldo",434146.362995635,2580741.14540452
2064,"SLR_High","waldo",423237.052067399,2552923.43595521
2065,"SLR_High","waldo",412065.228714647,2524452.63857569
2066,"SLR_High","waldo",400630.892937382,2495328.75326599
2067,"SLR_High","waldo",388934.044735603,2465551.78002608
2068,"SLR_High","waldo",376974.68410931,2435121.71885599
2069,"SLR_High","waldo",364752.811058503,2404038.56975569
2070,"SLR_High","waldo",352268.425583182,2372302.3327252
2071,"SLR_High","waldo",339521.527683346,2339913.00776452
2072,"SLR_High","waldo",326512.117358997,2306870.59487364
2073,"SLR_High","waldo",313240.194610135,2273175.09405257
2074,"SLR_High","waldo",299705.759436758,2238826.5053013
2075,"SLR_High","waldo",285908.811838867,2203824.82861983
2076,"SLR_High","waldo",271849.351816462,2168170.06400817
2077,"SLR_High","waldo",257527.379369544,2131862.21146632
2078,"SLR_High","waldo",242942.894498111,2094901.27099427
2079,"SLR_High","waldo",228095.897202164,2057287.24259202
2080,"SLR_High","waldo",212986.387481704,2019020.12625958
2081,"SLR_High","waldo",197614.36533673,1980099.92199694
2082,"SLR_High","waldo",181979.830767241,1940526.62980411
2083,"SLR_High","waldo",166082.783773239,1900300.24968108
2084,"SLR_High","waldo",149923.224354722,1859420.78162786
2085,"SLR_High","waldo",133501.152511691,1817888.22564444
2086,"SLR_High","waldo",116816.568244147,1775702.58173083
2087,"SLR_High","waldo",99869.4715520891,1732863.84988702
2088,"SLR_High","waldo",82659.8624355169,1689372.03011302
2089,"SLR_High","waldo",65187.7408944305,1645227.12240882
2090,"SLR_High","waldo",47453.1069288307,1600429.12677443
2091,"SLR_High","waldo",29455.9605387165,1554978.04320984
2092,"SLR_High","waldo",11196.3017240886,1508873.87171506
2093,"SLR_High","waldo",-7325.8695150537,1462116.61229008
2094,"SLR_High","waldo",-26110.5531787095,1414706.26493491
2095,"SLR_High","waldo",-45157.7492668789,1366642.82964954
2096,"SLR_High","waldo",-64467.4577795628,1317926.30643397
2097,"SLR_High","waldo",-84039.6787167613,1268556.69528821
2098,"SLR_High","waldo",-103874.412078473,1218533.99621226
2099,"SLR_High","waldo",-123971.657864698,1167858.20920611
2100,"SLR_High","waldo",-144331.416075438,1116529.33426976
2020,"Temp_Low","waldo",656494.693185623,3164676.47687999
2021,"Temp_Low","waldo",656031.448889261,3162516.37114478
2022,"Temp_Low","waldo",655568.204592899,3160356.26540957
2023,"Temp_Low","waldo",655104.960296537,3158196.15967435
2024,"Temp_Low","waldo",654641.716000176,3156036.05393914
2025,"Temp_Low","waldo",654178.471703814,3153875.94820393
2026,"Temp_Low","waldo",653715.227407452,3151715.84246872
2027,"Temp_Low","waldo",653251.98311109,3149555.73673351
2028,"Temp_Low","waldo",652788.738814728,3147395.6309983
2029,"Temp_Low","waldo",652325.494518367,3145235.52526309
2030,"Temp_Low","waldo",651862.250222005,3143075.41952787
2031,"Temp_Low","waldo",651399.005925643,3140915.31379266
2032,"Temp_Low","waldo",650935.761629281,3138755.20805745
2033,"Temp_Low","waldo",650472.51733292,3136595.10232224
2034,"Temp_Low","waldo",650009.273036558,3134434.99658703
2035,"Temp_Low","waldo",649546.028740196,3132274.89085181
2036,"Temp_Low","waldo",649082.784443834,3130114.7851166
2037,"Temp_Low","waldo",648619.540147472,3127954.67938139
2038,"Temp_Low","waldo",648156.295851111,3125794.57364618
2039,"Temp_Low","waldo",647693.051554749,3123634.46791097
2040,"Temp_Low","waldo",647229.807258387,3121474.36217576
2041,"Temp_Low","waldo",646766.562962025,3119314.25644054
2042,"Temp_Low","waldo",646303.318665664,3117154.15070533
2043,"Temp_Low","waldo",645840.074369302,3114994.04497012
2044,"Temp_Low","waldo",645376.83007294,3112833.93923491
2045,"Temp_Low","waldo",644913.585776578,3110673.8334997
2046,"Temp_Low","waldo",644450.341480217,3108513.72776449
2047,"Temp_Low","waldo",643987.097183855,3106353.62202927
2048,"Temp_Low","waldo",643523.852887493,3104193.51629406
2049,"Temp_Low","waldo",643060.608591131,3102033.41055885
2050,"Temp_Low","waldo",642597.36429477,3099873.30482364
2051,"Temp_Low","waldo",642134.119998408,3097713.19908843
2052,"Temp_Low","waldo",641670.875702046,3095553.09335322
2053,"Temp_Low","waldo",641207.631405685,3093392.987618
2054,"Temp_Low","waldo",640744.387109323,3091232.88188279
2055,"Temp_Low","waldo",640281.142812961,3089072.77614758
2056,"Temp_Low","waldo",639817.898516599,3086912.67041237
2057,"Temp_Low","waldo",639354.654220238,3084752.56467716
2058,"Temp_Low","waldo",638891.409923876,3082592.45894195
2059,"Temp_Low","waldo",638428.165627514,3080432.35320674
2060,"Temp_Low","waldo",637964.921331153,3078272.24747152
2061,"Temp_Low","waldo",637501.677034791,3076112.14173631
2062,"Temp_Low","waldo",637038.432738429,3073952.0360011
2063,"Temp_Low","waldo",636575.188442067,3071791.93026589
2064,"Temp_Low","waldo",636111.944145705,3069631.82453068
2065,"Temp_Low","waldo",635648.699849344,3067471.71879546
2066,"Temp_Low","waldo",635185.455552982,3065311.61306025
2067,"Temp_Low","waldo",634722.21125662,3063151.50732504
2068,"Temp_Low","waldo",634258.966960259,3060991.40158983
2069,"Temp_Low","waldo",633795.722663897,3058831.29585462
2070,"Temp_Low","waldo",633332.478367535,3056671.19011941
2071,"Temp_Low","waldo",632869.234071173,3054511.08438419
2072,"Temp_Low","waldo",632405.989774811,3052350.97864898
2073,"Temp_Low","waldo",631942.74547845,3050190.87291377
2074,"Temp_Low","waldo",631479.501182088,3048030.76717856
2075,"Temp_Low","waldo",631016.256885726,3045870.66144335
2076,"Temp_Low","waldo",630553.012589364,3043710.55570814
2077,"Temp_Low","waldo",630089.768293003,3041550.44997292
2078,"Temp_Low","waldo",629626.523996641,3039390.34423771
2079,"Temp_Low","waldo",629163.279700279,3037230.2385025
2080,"Temp_Low","waldo",628700.035403917,3035070.13276729
2081,"Temp_Low","waldo",628236.791107556,3032910.02703208
2082,"Temp_Low","waldo",627773.546811194,3030749.92129687
2083,"Temp_Low","waldo",627310.302514832,3028589.81556165
2084,"Temp_Low","waldo",626847.05821847,3026429.70982644
2085,"Temp_Low","waldo",626383.813922108,3024269.60409123
2086,"Temp_Low","waldo",625920.569625747,3022109.49835602
2087,"Temp_Low","waldo",625457.325329385,3019949.39262081
2088,"Temp_Low","waldo",624994.081033023,3017789.28688559
2089,"Temp_Low","waldo",624530.836736661,3015629.18115038
2090,"Temp_Low","waldo",624067.5924403,3013469.07541517
2091,"Temp_Low","waldo",623604.348143938,3011308.96967996
2092,"Temp_Low","waldo",623141.103847576,3009148.86394475
2093,"Temp_Low","waldo",622677.859551214,3006988.75820954
2094,"Temp_Low","waldo",622214.615254853,3004828.65247433
2095,"Temp_Low","waldo",621751.370958491,3002668.54673911
2096,"Temp_Low","waldo",621288.126662129,3000508.4410039
2097,"Temp_Low","waldo",620824.882365767,2998348.33526869
2098,"Temp_Low","waldo",620361.638069405,2996188.22953348
2099,"Temp_Low","waldo",619898.393773044,2994028.12379827
2100,"Temp_Low","waldo",619435.149476682,2991868.01806306
2020,"Temp_Moderate","waldo",655646.347465402,3163392.18087602
2021,"Temp_Moderate","waldo",655352.772313084,3161488.9343416
2022,"Temp_Moderate","waldo",655059.197160766,3159585.68780718
2023,"Temp_Moderate","waldo",654765.622008448,3157682.44127276
2024,"Temp_Moderate","waldo",654472.046856132,3155779.19473835
2025,"Temp_Moderate","waldo",654178.471703814,3153875.94820393
2026,"Temp_Moderate","waldo",653884.896551496,3151972.70166952
2027,"Temp_Moderate","waldo",653591.321399178,3150069.4551351
2028,"Temp_Moderate","waldo",653297.746246861,3148166.20860068
2029,"Temp_Moderate","waldo",653004.171094543,3146262.96206626
2030,"Temp_Moderate","waldo",652710.595942226,3144359.71553185
2031,"Temp_Moderate","waldo",652417.020789908,3142456.46899743
2032,"Temp_Moderate","waldo",652123.44563759,3140553.22246301
2033,"Temp_Moderate","waldo",651829.870485273,3138649.9759286
2034,"Temp_Moderate","waldo",651536.295332955,3136746.72939418
2035,"Temp_Moderate","waldo",651242.720180638,3134843.48285976
2036,"Temp_Moderate","waldo",650949.14502832,3132940.23632535
2037,"Temp_Moderate","waldo",650655.569876002,3131036.98979093
2038,"Temp_Moderate","waldo",650361.994723685,3129133.74325651
2039,"Temp_Moderate","waldo",650068.419571367,3127230.4967221
2040,"Temp_Moderate","waldo",649774.84441905,3125327.25018768
2041,"Temp_Moderate","waldo",649481.269266732,3123424.00365326
2042,"Temp_Moderate","waldo",649187.694114415,3121520.75711885
2043,"Temp_Moderate","waldo",648894.118962097,3119617.51058443
2044,"Temp_Moderate","waldo",648600.543809779,3117714.26405001
2045,"Temp_Moderate","waldo",648306.968657462,3115811.0175156
2046,"Temp_Moderate","waldo",648013.393505144,3113907.77098118
2047,"Temp_Moderate","waldo",647719.818352827,3112004.52444676
2048,"Temp_Moderate","waldo",647426.243200509,3110101.27791235
2049,"Temp_Moderate","waldo",647132.668048191,3108198.03137793
2050,"Temp_Moderate","waldo",646839.092895873,3106294.78484351
2051,"Temp_Moderate","waldo",646545.517743556,3104391.5383091
2052,"Temp_Moderate","waldo",646251.942591239,3102488.29177468
2053,"Temp_Moderate","waldo",645958.367438921,3100585.04524026
2054,"Temp_Moderate","waldo",645664.792286603,3098681.79870585
2055,"Temp_Moderate","waldo",645371.217134286,3096778.55217143
2056,"Temp_Moderate","waldo",645077.641981968,3094875.30563701
2057,"Temp_Moderate","waldo",644784.066829651,3092972.0591026
2058,"Temp_Moderate","waldo",644490.491677333,3091068.81256818
2059,"Temp_Moderate","waldo",644196.916525016,3089165.56603376
2060,"Temp_Moderate","waldo",643903.341372698,3087262.31949935
2061,"Temp_Moderate","waldo",643609.76622038,3085359.07296493
2062,"Temp_Moderate","waldo",643316.191068063,3083455.82643051
2063,"Temp_Moderate","waldo",643022.615915745,3081552.57989609
2064,"Temp_Moderate","waldo",642729.040763428,3079649.33336168
2065,"Temp_Moderate","waldo",642435.46561111,3077746.08682726
2066,"Temp_Moderate","waldo",642141.890458792,3075842.84029285
2067,"Temp_Moderate","waldo",641848.315306474,3073939.59375843
2068,"Temp_Moderate","waldo",641554.740154158,3072036.34722401
2069,"Temp_Moderate","waldo",641261.16500184,3070133.1006896
2070,"Temp_Moderate","waldo",640967.589849522,3068229.85415518
2071,"Temp_Moderate","waldo",640674.014697204,3066326.60762076
2072,"Temp_Moderate","waldo",640380.439544886,3064423.36108634
2073,"Temp_Moderate","waldo",640086.864392569,3062520.11455193
2074,"Temp_Moderate","waldo",639793.289240252,3060616.86801751
2075,"Temp_Moderate","waldo",639499.714087934,3058713.62148309
2076,"Temp_Moderate","waldo",639206.138935616,3056810.37494868
2077,"Temp_Moderate","waldo",638912.563783299,3054907.12841426
2078,"Temp_Moderate","waldo",638618.988630981,3053003.88187984
2079,"Temp_Moderate","waldo",638325.413478664,3051100.63534543
2080,"Temp_Moderate","waldo",638031.838326346,3049197.38881101
2081,"Temp_Moderate","waldo",637738.263174029,3047294.1422766
2082,"Temp_Moderate","waldo",637444.688021711,3045390.89574218
2083,"Temp_Moderate","waldo",637151.112869393,3043487.64920776
2084,"Temp_Moderate","waldo",636857.537717075,3041584.40267334
2085,"Temp_Moderate","waldo",636563.962564758,3039681.15613893
2086,"Temp_Moderate","waldo",636270.38741244,3037777.90960451
2087,"Temp_Moderate","waldo",635976.812260123,3035874.66307009
2088,"Temp_Moderate","waldo",635683.237107805,3033971.41653568
2089,"Temp_Moderate","waldo",635389.661955487,3032068.17000126
2090,"Temp_Moderate","waldo",635096.086803171,3030164.92346684
2091,"Temp_Moderate","waldo",634802.511650853,3028261.67693243
2092,"Temp_Moderate","waldo",634508.936498535,3026358.43039801
2093,"Temp_Moderate","waldo",634215.361346217,3024455.18386359
2094,"Temp_Moderate","waldo",633921.7861939,3022551.93732918
2095,"Temp_Moderate","waldo",633628.211041582,3020648.69079476
2096,"Temp_Moderate","waldo",633334.635889264,3018745.44426034
2097,"Temp_Moderate","waldo",633041.060736947,3016842.19772593
2098,"Temp_Moderate","waldo",632747.485584629,3014938.95119151
2099,"Temp_Moderate","waldo",632453.910432312,3013035.70465709
2100,"Temp_Moderate","waldo",632160.335279994,3011132.45812268
2020,"Temp_High","waldo",654043.91666054,3160966.28842406
2021,"Temp_High","waldo",654070.827669195,3159548.22038004
2022,"Temp_High","waldo",654097.738677849,3158130.15233601
2023,"Temp_High","waldo",654124.649686504,3156712.08429198
2024,"Temp_High","waldo",654151.560695159,3155294.01624796
2025,"Temp_High","waldo",654178.471703814,3153875.94820393
2026,"Temp_High","waldo",654205.382712468,3152457.88015991
2027,"Temp_High","waldo",654232.293721123,3151039.81211588
2028,"Temp_High","waldo",654259.204729778,3149621.74407185
2029,"Temp_High","waldo",654286.115738433,3148203.67602783
2030,"Temp_High","waldo",654313.026747087,3146785.6079838
2031,"Temp_High","waldo",654339.937755742,3145367.53993977
2032,"Temp_High","waldo",654366.848764396,3143949.47189575
2033,"Temp_High","waldo",654393.759773052,3142531.40385172
2034,"Temp_High","waldo",654420.670781706,3141113.3358077
2035,"Temp_High","waldo",654447.581790361,3139695.26776367
2036,"Temp_High","waldo",654474.492799015,3138277.19971964
2037,"Temp_High","waldo",654501.40380767,3136859.13167562
2038,"Temp_High","waldo",654528.314816325,3135441.06363159
2039,"Temp_High","waldo",654555.22582498,3134022.99558756
2040,"Temp_High","waldo",654582.136833634,3132604.92754354
2041,"Temp_High","waldo",654609.047842289,3131186.85949951
2042,"Temp_High","waldo",654635.958850944,3129768.79145548
2043,"Temp_High","waldo",654662.869859598,3128350.72341146
2044,"Temp_High","waldo",654689.780868253,3126932.65536743
2045,"Temp_High","waldo",654716.691876908,3125514.58732341
2046,"Temp_High","waldo",654743.602885563,3124096.51927938
2047,"Temp_High","waldo",654770.513894217,3122678.45123535
2048,"Temp_High","waldo",654797.424902872,3121260.38319133
2049,"Temp_High","waldo",654824.335911526,3119842.3151473
2050,"Temp_High","waldo",654851.246920181,3118424.24710327
2051,"Temp_High","waldo",654878.157928836,3117006.17905925
2052,"Temp_High","waldo",654905.068937491,3115588.11101522
2053,"Temp_High","waldo",654931.979946145,3114170.0429712
2054,"Temp_High","waldo",654958.8909548,3112751.97492717
2055,"Temp_High","waldo",654985.801963455,3111333.90688314
2056,"Temp_High","waldo",655012.71297211,3109915.83883912
2057,"Temp_High","waldo",655039.623980764,3108497.77079509
2058,"Temp_High","waldo",655066.534989419,3107079.70275106
2059,"Temp_High","waldo",655093.445998074,3105661.63470704
2060,"Temp_High","waldo",655120.357006729,3104243.56666301
2061,"Temp_High","waldo",655147.268015383,3102825.49861899
2062,"Temp_High","waldo",655174.179024038,3101407.43057496
2063,"Temp_High","waldo",655201.090032692,3099989.36253093
2064,"Temp_High","waldo",655228.001041347,3098571.29448691
2065,"Temp_High","waldo",655254.912050002,3097153.22644288
2066,"Temp_High","waldo",655281.823058657,3095735.15839885
2067,"Temp_High","waldo",655308.734067311,3094317.09035483
2068,"Temp_High","waldo",655335.645075966,3092899.0223108
2069,"Temp_High","waldo",655362.556084621,3091480.95426678
2070,"Temp_High","waldo",655389.467093275,3090062.88622275
2071,"Temp_High","waldo",655416.37810193,3088644.81817872
2072,"Temp_High","waldo",655443.289110584,3087226.7501347
2073,"Temp_High","waldo",655470.20011924,3085808.68209067
2074,"Temp_High","waldo",655497.111127894,3084390.61404664
2075,"Temp_High","waldo",655524.022136549,3082972.54600262
2076,"Temp_High","waldo",655550.933145203,3081554.47795859
2077,"Temp_High","waldo",655577.844153858,3080136.40991457
2078,"Temp_High","waldo",655604.755162513,3078718.34187054
2079,"Temp_High","waldo",655631.666171168,3077300.27382651
2080,"Temp_High","waldo",655658.577179822,3075882.20578249
2081,"Temp_High","waldo",655685.488188477,3074464.13773846
2082,"Temp_High","waldo",655712.399197132,3073046.06969443
2083,"Temp_High","waldo",655739.310205787,3071628.00165041
2084,"Temp_High","waldo",655766.221214441,3070209.93360638
2085,"Temp_High","waldo",655793.132223096,3068791.86556235
2086,"Temp_High","waldo",655820.043231751,3067373.79751833
2087,"Temp_High","waldo",655846.954240405,3065955.7294743
2088,"Temp_High","waldo",655873.86524906,3064537.66143028
2089,"Temp_High","waldo",655900.776257714,3063119.59338625
2090,"Temp_High","waldo",655927.68726637,3061701.52534222
2091,"Temp_High","waldo",655954.598275024,3060283.4572982
2092,"Temp_High","waldo",655981.509283679,3058865.38925417
2093,"Temp_High","waldo",656008.420292333,3057447.32121014
2094,"Temp_High","waldo",656035.331300989,3056029.25316612
2095,"Temp_High","waldo",656062.242309643,3054611.18512209
2096,"Temp_High","waldo",656089.153318298,3053193.11707807
2097,"Temp_High","waldo",656116.064326952,3051775.04903404
2098,"Temp_High","waldo",656142.975335607,3050356.98099001
2099,"Temp_High","waldo",656169.886344262,3048938.91294599
2100,"Temp_High","waldo",656196.797352916,3047520.84490196
2020,"SLR_Temp_Low","waldo",655050.874850796,3161084.49326392
2021,"SLR_Temp_Low","waldo",655107.405154972,3160217.50163049
2022,"SLR_Temp_Low","waldo",655048.429992361,3159063.15130778
2023,"SLR_Temp_Low","waldo",654873.949362965,3157621.44229578
2024,"SLR_Temp_Low","waldo",654583.963266783,3155892.3745945
2025,"SLR_Temp_Low","waldo",654178.471703814,3153875.94820393
2026,"SLR_Temp_Low","waldo",653657.474674059,3151572.16312408
2027,"SLR_Temp_Low","waldo",653020.972177518,3148981.01935494
2028,"SLR_Temp_Low","waldo",652268.964214191,3146102.51689651
2029,"SLR_Temp_Low","waldo",651401.450784078,3142936.6557488
2030,"SLR_Temp_Low","waldo",650418.431887178,3139483.4359118
2031,"SLR_Temp_Low","waldo",649319.907523493,3135742.85738551
2032,"SLR_Temp_Low","waldo",648105.877693021,3131714.92016994
2033,"SLR_Temp_Low","waldo",646776.342395763,3127399.62426509
2034,"SLR_Temp_Low","waldo",645331.301631719,3122796.96967095
2035,"SLR_Temp_Low","waldo",643770.755400889,3117906.95638752
2036,"SLR_Temp_Low","waldo",642094.703703273,3112729.58441481
2037,"SLR_Temp_Low","waldo",640303.14653887,3107264.85375281
2038,"SLR_Temp_Low","waldo",638396.083907682,3101512.76440152
2039,"SLR_Temp_Low","waldo",636373.515809708,3095473.31636095
2040,"SLR_Temp_Low","waldo",634235.442244947,3089146.50963109
2041,"SLR_Temp_Low","waldo",631981.863213399,3082532.34421195
2042,"SLR_Temp_Low","waldo",629612.778715067,3075630.82010352
2043,"SLR_Temp_Low","waldo",627128.188749948,3068441.93730581
2044,"SLR_Temp_Low","waldo",624528.093318042,3060965.6958188
2045,"SLR_Temp_Low","waldo",621812.492419351,3053202.09564252
2046,"SLR_Temp_Low","waldo",618981.386053873,3045151.13677695
2047,"SLR_Temp_Low","waldo",616034.774221609,3036812.81922209
2048,"SLR_Temp_Low","waldo",612972.656922559,3028187.14297794
2049,"SLR_Temp_Low","waldo",609795.034156723,3019274.10804451
2050,"SLR_Temp_Low","waldo",606501.905924101,3010073.7144218
2051,"SLR_Temp_Low","waldo",603093.272224693,3000585.9621098
2052,"SLR_Temp_Low","waldo",599569.133058498,2990810.85110851
2053,"SLR_Temp_Low","waldo",595929.488425518,2980748.38141793
2054,"SLR_Temp_Low","waldo",592174.338325751,2970398.55303807
2055,"SLR_Temp_Low","waldo",588303.682759198,2959761.36596893
2056,"SLR_Temp_Low","waldo",584317.521725859,2948836.8202105
2057,"SLR_Temp_Low","waldo",580215.855225734,2937624.91576278
2058,"SLR_Temp_Low","waldo",575998.683258823,2926125.65262577
2059,"SLR_Temp_Low","waldo",571666.005825126,2914339.03079949
2060,"SLR_Temp_Low","waldo",567217.822924642,2902265.05028391
2061,"SLR_Temp_Low","waldo",562654.134557372,2889903.71107905
2062,"SLR_Temp_Low","waldo",557974.940723316,2877255.0131849
2063,"SLR_Temp_Low","waldo",553180.241422474,2864318.95660147
2064,"SLR_Temp_Low","waldo",548270.036654846,2851095.54132875
2065,"SLR_Temp_Low","waldo",543244.326420431,2837584.76736675
2066,"SLR_Temp_Low","waldo",538103.110719231,2823786.63471546
2067,"SLR_Temp_Low","waldo",532846.389551245,2809701.14337488
2068,"SLR_Temp_Low","waldo",527474.162916472,2795328.29334502
2069,"SLR_Temp_Low","waldo",521986.430814913,2780668.08462587
2070,"SLR_Temp_Low","waldo",516383.193246568,2765720.51721744
2071,"SLR_Temp_Low","waldo",510664.450211437,2750485.59111972
2072,"SLR_Temp_Low","waldo",504830.201709519,2734963.30633271
2073,"SLR_Temp_Low","waldo",498880.447740817,2719153.66285642
2074,"SLR_Temp_Low","waldo",492815.188305327,2703056.66069084
2075,"SLR_Temp_Low","waldo",486634.423403051,2686672.29983598
2076,"SLR_Temp_Low","waldo",480338.153033989,2670000.58029183
2077,"SLR_Temp_Low","waldo",473926.377198141,2653041.50205839
2078,"SLR_Temp_Low","waldo",467399.095895507,2635795.06513567
2079,"SLR_Temp_Low","waldo",460756.309126087,2618261.26952366
2080,"SLR_Temp_Low","waldo",453998.016889881,2600440.11522237
2081,"SLR_Temp_Low","waldo",447124.219186888,2582331.60223179
2082,"SLR_Temp_Low","waldo",440134.91601711,2563935.73055193
2083,"SLR_Temp_Low","waldo",433030.107380545,2545252.50018278
2084,"SLR_Temp_Low","waldo",425809.793277194,2526281.91112434
2085,"SLR_Temp_Low","waldo",418473.973707056,2507023.96337662
2086,"SLR_Temp_Low","waldo",411022.648670134,2487478.65693961
2087,"SLR_Temp_Low","waldo",403455.818166424,2467645.99181332
2088,"SLR_Temp_Low","waldo",395773.482195928,2447525.96799774
2089,"SLR_Temp_Low","waldo",387975.640758647,2427118.58549287
2090,"SLR_Temp_Low","waldo",380062.293854579,2406423.84429872
2091,"SLR_Temp_Low","waldo",372033.441483725,2385441.74441528
2092,"SLR_Temp_Low","waldo",363889.083646085,2364172.28584256
2093,"SLR_Temp_Low","waldo",355629.220341658,2342615.46858055
2094,"SLR_Temp_Low","waldo",347253.851570447,2320771.29262925
2095,"SLR_Temp_Low","waldo",338762.977332448,2298639.75798867
2096,"SLR_Temp_Low","waldo",330156.597627664,2276220.8646588
2097,"SLR_Temp_Low","waldo",321434.712456092,2253514.61263965
2098,"SLR_Temp_Low","waldo",312597.321817735,2230521.00193121
2099,"SLR_Temp_Low","waldo",303644.425712593,2207240.03253348
2100,"SLR_Temp_Low","waldo",294576.024140664,2183671.70444647
2020,"SLR_Temp_Moderate","waldo",653677.504281547,3158494.02139955
2021,"SLR_Temp_Moderate","waldo",654092.712675417,3158354.11227666
2022,"SLR_Temp_Moderate","waldo",654350.413614579,3157822.35039565
2023,"SLR_Temp_Moderate","waldo",654450.607099032,3156898.73575653
2024,"SLR_Temp_Moderate","waldo",654393.293128778,3155583.26835929
2025,"SLR_Temp_Moderate","waldo",654178.471703814,3153875.94820393
2026,"SLR_Temp_Moderate","waldo",653806.142824142,3151776.77529046
2027,"SLR_Temp_Moderate","waldo",653276.306489762,3149285.74961886
2028,"SLR_Temp_Moderate","waldo",652588.962700673,3146402.87118915
2029,"SLR_Temp_Moderate","waldo",651744.111456876,3143128.14000133
2030,"SLR_Temp_Moderate","waldo",650741.752758371,3139461.55605538
2031,"SLR_Temp_Moderate","waldo",649581.886605158,3135403.11935132
2032,"SLR_Temp_Moderate","waldo",648264.512997235,3130952.82988914
2033,"SLR_Temp_Moderate","waldo",646789.631934605,3126110.68766885
2034,"SLR_Temp_Moderate","waldo",645157.243417266,3120876.69269044
2035,"SLR_Temp_Moderate","waldo",643367.347445219,3115250.84495391
2036,"SLR_Temp_Moderate","waldo",641419.944018463,3109233.14445926
2037,"SLR_Temp_Moderate","waldo",639315.033136999,3102823.5912065
2038,"SLR_Temp_Moderate","waldo",637052.614800828,3096022.18519562
2039,"SLR_Temp_Moderate","waldo",634632.689009947,3088828.92642662
2040,"SLR_Temp_Moderate","waldo",632055.255764358,3081243.8148995
2041,"SLR_Temp_Moderate","waldo",629320.31506406,3073266.85061427
2042,"SLR_Temp_Moderate","waldo",626427.866909055,3064898.03357092
2043,"SLR_Temp_Moderate","waldo",623377.911299341,3056137.36376946
2044,"SLR_Temp_Moderate","waldo",620170.448234918,3046984.84120987
2045,"SLR_Temp_Moderate","waldo",616805.477715787,3037440.46589217
2046,"SLR_Temp_Moderate","waldo",613282.999741948,3027504.23781635
2047,"SLR_Temp_Moderate","waldo",609603.014313401,3017176.15698242
2048,"SLR_Temp_Moderate","waldo",605765.521430144,3006456.22339037
2049,"SLR_Temp_Moderate","waldo",601770.52109218,2995344.4370402
2050,"SLR_Temp_Moderate","waldo",597618.013299507,2983840.79793191
2051,"SLR_Temp_Moderate","waldo",593307.998052127,2971945.30606551
2052,"SLR_Temp_Moderate","waldo",588840.475350037,2959657.96144099
2053,"SLR_Temp_Moderate","waldo",584215.445193239,2946978.76405835
2054,"SLR_Temp_Moderate","waldo",579432.907581732,2933907.71391759
2055,"SLR_Temp_Moderate","waldo",574492.862515518,2920444.81101872
2056,"SLR_Temp_Moderate","waldo",569395.309994595,2906590.05536173
2057,"SLR_Temp_Moderate","waldo",564140.250018964,2892343.44694662
2058,"SLR_Temp_Moderate","waldo",558727.682588624,2877704.9857734
2059,"SLR_Temp_Moderate","waldo",553157.607703577,2862674.67184206
2060,"SLR_Temp_Moderate","waldo",547430.02536382,2847252.5051526
2061,"SLR_Temp_Moderate","waldo",541544.935569355,2831438.48570503
2062,"SLR_Temp_Moderate","waldo",535502.338320181,2815232.61349934
2063,"SLR_Temp_Moderate","waldo",529302.2336163,2798634.88853553
2064,"SLR_Temp_Moderate","waldo",522944.62145771,2781645.3108136
2065,"SLR_Temp_Moderate","waldo",516429.501844412,2764263.88033356
2066,"SLR_Temp_Moderate","waldo",509756.874776405,2746490.5970954
2067,"SLR_Temp_Moderate","waldo",502926.74025369,2728325.46109912
2068,"SLR_Temp_Moderate","waldo",495939.098276267,2709768.47234473
2069,"SLR_Temp_Moderate","waldo",488793.948844135,2690819.63083221
2070,"SLR_Temp_Moderate","waldo",481491.291957294,2671478.93656158
2071,"SLR_Temp_Moderate","waldo",474031.127615746,2651746.38953284
2072,"SLR_Temp_Moderate","waldo",466413.455819489,2631621.98974597
2073,"SLR_Temp_Moderate","waldo",458638.276568524,2611105.73720099
2074,"SLR_Temp_Moderate","waldo",450705.58986285,2590197.6318979
2075,"SLR_Temp_Moderate","waldo",442615.395702468,2568897.67383668
2076,"SLR_Temp_Moderate","waldo",434367.694087378,2547205.86301735
2077,"SLR_Temp_Moderate","waldo",425962.485017579,2525122.1994399
2078,"SLR_Temp_Moderate","waldo",417399.768493072,2502646.68310433
2079,"SLR_Temp_Moderate","waldo",408679.544513856,2479779.31401065
2080,"SLR_Temp_Moderate","waldo",399801.813079932,2456520.09215885
2081,"SLR_Temp_Moderate","waldo",390766.5741913,2432869.01754893
2082,"SLR_Temp_Moderate","waldo",381573.82784796,2408826.0901809
2083,"SLR_Temp_Moderate","waldo",372223.57404991,2384391.31005475
2084,"SLR_Temp_Moderate","waldo",362715.812797153,2359564.67717048
2085,"SLR_Temp_Moderate","waldo",353050.544089687,2334346.19152809
2086,"SLR_Temp_Moderate","waldo",343227.767927513,2308735.85312759
2087,"SLR_Temp_Moderate","waldo",333247.484310631,2282733.66196897
2088,"SLR_Temp_Moderate","waldo",323109.69323904,2256339.61805223
2089,"SLR_Temp_Moderate","waldo",312814.39471274,2229553.72137738
2090,"SLR_Temp_Moderate","waldo",302361.588731733,2202375.97194441
2091,"SLR_Temp_Moderate","waldo",291751.275296017,2174806.36975332
2092,"SLR_Temp_Moderate","waldo",280983.454405593,2146844.91480411
2093,"SLR_Temp_Moderate","waldo",270058.12606046,2118491.60709679
2094,"SLR_Temp_Moderate","waldo",258975.290260619,2089746.44663135
2095,"SLR_Temp_Moderate","waldo",247734.947006069,2060609.43340779
2096,"SLR_Temp_Moderate","waldo",236337.096296811,2031080.56742612
2097,"SLR_Temp_Moderate","waldo",224781.738132845,2001159.84868632
2098,"SLR_Temp_Moderate","waldo",213068.87251417,1970847.27718841
2099,"SLR_Temp_Moderate","waldo",201198.499440788,1940142.85293239
2100,"SLR_Temp_Moderate","waldo",189170.618912696,1909046.57591825
2020,"SLR_Temp_High","waldo",650762.511354116,3152802.68929662
2021,"SLR_Temp_High","waldo",651970.728273083,3154323.51693847
2022,"SLR_Temp_High","waldo",652916.432767537,3155191.25665013
2023,"SLR_Temp_High","waldo",653599.624837476,3155405.90843159
2024,"SLR_Temp_High","waldo",654020.304482902,3154967.47228286
2025,"SLR_Temp_High","waldo",654178.471703814,3153875.94820393
2026,"SLR_Temp_High","waldo",654074.126500212,3152131.33619481
2027,"SLR_Temp_High","waldo",653707.268872095,3149733.63625549
2028,"SLR_Temp_High","waldo",653077.898819465,3146682.84838597
2029,"SLR_Temp_High","waldo",652186.016342321,3142978.97258627
2030,"SLR_Temp_High","waldo",651031.621440663,3138622.00885636
2031,"SLR_Temp_High","waldo",649614.714114491,3133611.95719626
2032,"SLR_Temp_High","waldo",647935.294363805,3127948.81760596
2033,"SLR_Temp_High","waldo",645993.362188605,3121632.59008547
2034,"SLR_Temp_High","waldo",643788.917588891,3114663.27463479
2035,"SLR_Temp_High","waldo",641321.960564663,3107040.87125391
2036,"SLR_Temp_High","waldo",638592.491115921,3098765.37994283
2037,"SLR_Temp_High","waldo",635600.509242665,3089836.80070156
2038,"SLR_Temp_High","waldo",632346.014944896,3080255.13353009
2039,"SLR_Temp_High","waldo",628829.008222612,3070020.37842843
2040,"SLR_Temp_High","waldo",625049.489075814,3059132.53539657
2041,"SLR_Temp_High","waldo",621007.457504502,3047591.60443452
2042,"SLR_Temp_High","waldo",616702.913508677,3035397.58554228
2043,"SLR_Temp_High","waldo",612135.857088338,3022550.47871983
2044,"SLR_Temp_High","waldo",607306.288243484,3009050.2839672
2045,"SLR_Temp_High","waldo",602214.206974117,2994897.00128436
2046,"SLR_Temp_High","waldo",596859.613280236,2980090.63067134
2047,"SLR_Temp_High","waldo",591242.50716184,2964631.17212811
2048,"SLR_Temp_High","waldo",585362.888618931,2948518.62565469
2049,"SLR_Temp_High","waldo",579220.757651508,2931752.99125108
2050,"SLR_Temp_High","waldo",572816.11425957,2914334.26891727
2051,"SLR_Temp_High","waldo",566148.95844312,2896262.45865326
2052,"SLR_Temp_High","waldo",559219.290202155,2877537.56045907
2053,"SLR_Temp_High","waldo",552027.109536675,2858159.57433467
2054,"SLR_Temp_High","waldo",544572.416446682,2838128.50028008
2055,"SLR_Temp_High","waldo",536855.210932175,2817444.3382953
2056,"SLR_Temp_High","waldo",528875.492993154,2796107.08838031
2057,"SLR_Temp_High","waldo",520633.262629619,2774116.75053514
2058,"SLR_Temp_High","waldo",512128.519841571,2751473.32475977
2059,"SLR_Temp_High","waldo",503361.264629008,2728176.8110542
2060,"SLR_Temp_High","waldo",494331.496991932,2704227.20941844
2061,"SLR_Temp_High","waldo",485039.216930341,2679624.51985248
2062,"SLR_Temp_High","waldo",475484.424444236,2654368.74235633
2063,"SLR_Temp_High","waldo",465667.119533617,2628459.87692999
2064,"SLR_Temp_High","waldo",455587.302198485,2601897.92357344
2065,"SLR_Temp_High","waldo",445244.972438839,2574682.88228671
2066,"SLR_Temp_High","waldo",434640.130254678,2546814.75306977
2067,"SLR_Temp_High","waldo",423772.775646003,2518293.53592265
2068,"SLR_Temp_High","waldo",412642.908612815,2489119.23084532
2069,"SLR_Temp_High","waldo",401250.529155113,2459291.8378378
2070,"SLR_Temp_High","waldo",389595.637272896,2428811.35690009
2071,"SLR_Temp_High","waldo",377678.232966166,2397677.78803218
2072,"SLR_Temp_High","waldo",365498.316234922,2365891.13123408
2073,"SLR_Temp_High","waldo",353055.887079164,2333451.38650578
2074,"SLR_Temp_High","waldo",340350.945498892,2300358.55384728
2075,"SLR_Temp_High","waldo",327383.491494106,2266612.6332586
2076,"SLR_Temp_High","waldo",314153.525064806,2232213.62473971
2077,"SLR_Temp_High","waldo",300661.046210992,2197161.52829063
2078,"SLR_Temp_High","waldo",286906.054932664,2161456.34391136
2079,"SLR_Temp_High","waldo",272888.551229822,2125098.07160188
2080,"SLR_Temp_High","waldo",258608.535102466,2088086.71136222
2081,"SLR_Temp_High","waldo",244066.006550597,2050422.26319236
2082,"SLR_Temp_High","waldo",229260.965574213,2012104.7270923
2083,"SLR_Temp_High","waldo",214193.412173316,1973134.10306205
2084,"SLR_Temp_High","waldo",198863.346347903,1933510.3911016
2085,"SLR_Temp_High","waldo",183270.768097978,1893233.59121096
2086,"SLR_Temp_High","waldo",167415.677423539,1852303.70339013
2087,"SLR_Temp_High","waldo",151298.074324585,1810720.72763909
2088,"SLR_Temp_High","waldo",134917.958801117,1768484.66395787
2089,"SLR_Temp_High","waldo",118275.330853136,1725595.51234644
2090,"SLR_Temp_High","waldo",101370.190480641,1682053.27280483
2091,"SLR_Temp_High","waldo",84202.5376836315,1637857.94533301
2092,"SLR_Temp_High","waldo",66772.3724621085,1593009.52993101
2093,"SLR_Temp_High","waldo",49079.6948160711,1547508.0265988
2094,"SLR_Temp_High","waldo",31124.50474552,1501353.4353364
2095,"SLR_Temp_High","waldo",12906.8022504554,1454545.75614381
2096,"SLR_Temp_High","waldo",-5573.41266912385,1407084.98902102
2097,"SLR_Temp_High","waldo",-24316.1400132177,1358971.13396803
2098,"SLR_Temp_High","waldo",-43321.3797818248,1310204.19098485
2099,"SLR_Temp_High","waldo",-62589.1319749453,1260784.16007148
2100,"SLR_Temp_High","waldo",-82119.39659258,1210711.04122791
2020,"ENSO_2yr","waldo",658191.384626064,3167245.06888794
2021,"ENSO_2yr","waldo",657388.802041614,3164571.24475114
2022,"ENSO_2yr","waldo",656586.219457164,3161897.42061434
2023,"ENSO_2yr","waldo",655783.636872713,3159223.59647753
2024,"ENSO_2yr","waldo",654981.054288264,3156549.77234073
2025,"ENSO_2yr","waldo",654178.471703814,3153875.94820393
2026,"ENSO_2yr","waldo",653375.889119364,3151202.12406713
2027,"ENSO_2yr","waldo",652573.306534913,3148528.29993033
2028,"ENSO_2yr","waldo",651770.723950463,3145854.47579353
2029,"ENSO_2yr","waldo",650968.141366014,3143180.65165673
2030,"ENSO_2yr","waldo",650165.558781563,3140506.82751992
2031,"ENSO_2yr","waldo",649362.976197113,3137833.00338312
2032,"ENSO_2yr","waldo",648560.393612663,3135159.17924632
2033,"ENSO_2yr","waldo",647757.811028213,3132485.35510952
2034,"ENSO_2yr","waldo",646955.228443763,3129811.53097272
2035,"ENSO_2yr","waldo",646152.645859313,3127137.70683592
2036,"ENSO_2yr","waldo",645350.063274863,3124463.88269911
2037,"ENSO_2yr","waldo",644547.480690412,3121790.05856231
2038,"ENSO_2yr","waldo",643744.898105963,3119116.23442551
2039,"ENSO_2yr","waldo",642942.315521513,3116442.41028871
2040,"ENSO_2yr","waldo",642139.732937063,3113768.58615191
2041,"ENSO_2yr","waldo",641337.150352612,3111094.76201511
2042,"ENSO_2yr","waldo",640534.567768163,3108420.93787831
2043,"ENSO_2yr","waldo",639731.985183713,3105747.1137415
2044,"ENSO_2yr","waldo",638929.402599262,3103073.2896047
2045,"ENSO_2yr","waldo",638126.820014812,3100399.4654679
2046,"ENSO_2yr","waldo",637324.237430362,3097725.6413311
2047,"ENSO_2yr","waldo",636521.654845912,3095051.8171943
2048,"ENSO_2yr","waldo",635719.072261462,3092377.99305749
2049,"ENSO_2yr","waldo",634916.489677012,3089704.16892069
2050,"ENSO_2yr","waldo",634113.907092562,3087030.34478389
2051,"ENSO_2yr","waldo",633311.324508112,3084356.52064709
2052,"ENSO_2yr","waldo",632508.741923662,3081682.69651029
2053,"ENSO_2yr","waldo",631706.159339212,3079008.87237349
2054,"ENSO_2yr","waldo",630903.576754762,3076335.04823668
2055,"ENSO_2yr","waldo",630100.994170312,3073661.22409988
2056,"ENSO_2yr","waldo",629298.411585862,3070987.39996308
2057,"ENSO_2yr","waldo",628495.829001411,3068313.57582628
2058,"ENSO_2yr","waldo",627693.246416961,3065639.75168948
2059,"ENSO_2yr","waldo",626890.663832512,3062965.92755268
2060,"ENSO_2yr","waldo",626088.081248061,3060292.10341588
2061,"ENSO_2yr","waldo",625285.498663611,3057618.27927907
2062,"ENSO_2yr","waldo",624482.916079161,3054944.45514227
2063,"ENSO_2yr","waldo",623680.333494711,3052270.63100547
2064,"ENSO_2yr","waldo",622877.750910261,3049596.80686867
2065,"ENSO_2yr","waldo",622075.168325811,3046922.98273187
2066,"ENSO_2yr","waldo",621272.585741361,3044249.15859507
2067,"ENSO_2yr","waldo",620470.003156911,3041575.33445826
2068,"ENSO_2yr","waldo",619667.420572461,3038901.51032146
2069,"ENSO_2yr","waldo",618864.837988011,3036227.68618466
2070,"ENSO_2yr","waldo",618062.25540356,3033553.86204786
2071,"ENSO_2yr","waldo",617259.67281911,3030880.03791106
2072,"ENSO_2yr","waldo",616457.09023466,3028206.21377426
2073,"ENSO_2yr","waldo",615654.507650211,3025532.38963746
2074,"ENSO_2yr","waldo",614851.92506576,3022858.56550065
2075,"ENSO_2yr","waldo",614049.34248131,3020184.74136385
2076,"ENSO_2yr","waldo",613246.75989686,3017510.91722705
2077,"ENSO_2yr","waldo",612444.17731241,3014837.09309025
2078,"ENSO_2yr","waldo",611641.59472796,3012163.26895345
2079,"ENSO_2yr","waldo",610839.01214351,3009489.44481665
2080,"ENSO_2yr","waldo",610036.42955906,3006815.62067984
2081,"ENSO_2yr","waldo",609233.84697461,3004141.79654304
2082,"ENSO_2yr","waldo",608431.26439016,3001467.97240624
2083,"ENSO_2yr","waldo",607628.68180571,2998794.14826944
2084,"ENSO_2yr","waldo",606826.099221259,2996120.32413264
2085,"ENSO_2yr","waldo",606023.516636809,2993446.49999584
2086,"ENSO_2yr","waldo",605220.934052359,2990772.67585904
2087,"ENSO_2yr","waldo",604418.351467909,2988098.85172223
2088,"ENSO_2yr","waldo",603615.768883459,2985425.02758543
2089,"ENSO_2yr","waldo",602813.186299009,2982751.20344863
2090,"ENSO_2yr","waldo",602010.60371456,2980077.37931183
2091,"ENSO_2yr","waldo",601208.021130109,2977403.55517503
2092,"ENSO_2yr","waldo",600405.438545659,2974729.73103823
2093,"ENSO_2yr","waldo",599602.855961209,2972055.90690142
2094,"ENSO_2yr","waldo",598800.273376759,2969382.08276462
2095,"ENSO_2yr","waldo",597997.690792309,2966708.25862782
2096,"ENSO_2yr","waldo",597195.108207859,2964034.43449102
2097,"ENSO_2yr","waldo",596392.525623409,2961360.61035422
2098,"ENSO_2yr","waldo",595589.943038958,2958686.78621742
2099,"ENSO_2yr","waldo",594787.360454509,2956012.96208061
2100,"ENSO_2yr","waldo",593984.777870058,2953339.13794381
2020,"ENSO_3yr","waldo",658191.384626064,3167245.06888794
2021,"ENSO_3yr","waldo",657388.802041614,3164571.24475114
2022,"ENSO_3yr","waldo",656586.219457164,3161897.42061434
2023,"ENSO_3yr","waldo",655783.636872713,3159223.59647753
2024,"ENSO_3yr","waldo",654981.054288264,3156549.77234073
2025,"ENSO_3yr","waldo",654178.471703814,3153875.94820393
2026,"ENSO_3yr","waldo",653375.889119364,3151202.12406713
2027,"ENSO_3yr","waldo",652573.306534913,3148528.29993033
2028,"ENSO_3yr","waldo",651770.723950463,3145854.47579353
2029,"ENSO_3yr","waldo",650968.141366014,3143180.65165673
2030,"ENSO_3yr","waldo",650165.558781563,3140506.82751992
2031,"ENSO_3yr","waldo",649362.976197113,3137833.00338312
2032,"ENSO_3yr","waldo",648560.393612663,3135159.17924632
2033,"ENSO_3yr","waldo",647757.811028213,3132485.35510952
2034,"ENSO_3yr","waldo",646955.228443763,3129811.53097272
2035,"ENSO_3yr","waldo",646152.645859313,3127137.70683592
2036,"ENSO_3yr","waldo",645350.063274863,3124463.88269911
2037,"ENSO_3yr","waldo",644547.480690412,3121790.05856231
2038,"ENSO_3yr","waldo",643744.898105963,3119116.23442551
2039,"ENSO_3yr","waldo",642942.315521513,3116442.41028871
2040,"ENSO_3yr","waldo",642139.732937063,3113768.58615191
2041,"ENSO_3yr","waldo",641337.150352612,3111094.76201511
2042,"ENSO_3yr","waldo",640534.567768163,3108420.93787831
2043,"ENSO_3yr","waldo",639731.985183713,3105747.1137415
2044,"ENSO_3yr","waldo",638929.402599262,3103073.2896047
2045,"ENSO_3yr","waldo",638126.820014812,3100399.4654679
2046,"ENSO_3yr","waldo",637324.237430362,3097725.6413311
2047,"ENSO_3yr","waldo",636521.654845912,3095051.8171943
2048,"ENSO_3yr","waldo",635719.072261462,3092377.99305749
2049,"ENSO_3yr","waldo",634916.489677012,3089704.16892069
2050,"ENSO_3yr","waldo",634113.907092562,3087030.34478389
2051,"ENSO_3yr","waldo",633311.324508112,3084356.52064709
2052,"ENSO_3yr","waldo",632508.741923662,3081682.69651029
2053,"ENSO_3yr","waldo",631706.159339212,3079008.87237349
2054,"ENSO_3yr","waldo",630903.576754762,3076335.04823668
2055,"ENSO_3yr","waldo",630100.994170312,3073661.22409988
2056,"ENSO_3yr","waldo",629298.411585862,3070987.39996308
2057,"ENSO_3yr","waldo",628495.829001411,3068313.57582628
2058,"ENSO_3yr","waldo",627693.246416961,3065639.75168948
2059,"ENSO_3yr","waldo",626890.663832512,3062965.92755268
2060,"ENSO_3yr","waldo",626088.081248061,3060292.10341588
2061,"ENSO_3yr","waldo",625285.498663611,3057618.27927907
2062,"ENSO_3yr","waldo",624482.916079161,3054944.45514227
2063,"ENSO_3yr","waldo",623680.333494711,3052270.63100547
2064,"ENSO_3yr","waldo",622877.750910261,3049596.80686867
2065,"ENSO_3yr","waldo",622075.168325811,3046922.98273187
2066,"ENSO_3yr","waldo",621272.585741361,3044249.15859507
2067,"ENSO_3yr","waldo",620470.003156911,3041575.33445826
2068,"ENSO_3yr","waldo",619667.420572461,3038901.51032146
2069,"ENSO_3yr","waldo",618864.837988011,3036227.68618466
2070,"ENSO_3yr","waldo",618062.25540356,3033553.86204786
2071,"ENSO_3yr","waldo",617259.67281911,3030880.03791106
2072,"ENSO_3yr","waldo",616457.09023466,3028206.21377426
2073,"ENSO_3yr","waldo",615654.507650211,3025532.38963746
2074,"ENSO_3yr","waldo",614851.92506576,3022858.56550065
2075,"ENSO_3yr","waldo",614049.34248131,3020184.74136385
2076,"ENSO_3yr","waldo",613246.75989686,3017510.91722705
2077,"ENSO_3yr","waldo",612444.17731241,3014837.09309025
2078,"ENSO_3yr","waldo",611641.59472796,3012163.26895345
2079,"ENSO_3yr","waldo",610839.01214351,3009489.44481665
2080,"ENSO_3yr","waldo",610036.42955906,3006815.62067984
2081,"ENSO_3yr","waldo",609233.84697461,3004141.79654304
2082,"ENSO_3yr","waldo",608431.26439016,3001467.97240624
2083,"ENSO_3yr","waldo",607628.68180571,2998794.14826944
2084,"ENSO_3yr","waldo",606826.099221259,2996120.32413264
2085,"ENSO_3yr","waldo",606023.516636809,2993446.49999584
2086,"ENSO_3yr","waldo",605220.934052359,2990772.67585904
2087,"ENSO_3yr","waldo",604418.351467909,2988098.85172223
2088,"ENSO_3yr","waldo",603615.768883459,2985425.02758543
2089,"ENSO_3yr","waldo",602813.186299009,2982751.20344863
2090,"ENSO_3yr","waldo",602010.60371456,2980077.37931183
2091,"ENSO_3yr","waldo",601208.021130109,2977403.55517503
2092,"ENSO_3yr","waldo",600405.438545659,2974729.73103823
2093,"ENSO_3yr","waldo",599602.855961209,2972055.90690142
2094,"ENSO_3yr","waldo",598800.273376759,2969382.08276462
2095,"ENSO_3yr","waldo",597997.690792309,2966708.25862782
2096,"ENSO_3yr","waldo",597195.108207859,2964034.43449102
2097,"ENSO_3yr","waldo",596392.525623409,2961360.61035422
2098,"ENSO_3yr","waldo",595589.943038958,2958686.78621742
2099,"ENSO_3yr","waldo",594787.360454509,2956012.96208061
2100,"ENSO_3yr","waldo",593984.777870058,2953339.13794381
2020,"ENSO_5yr","waldo",658191.384626064,3167245.06888794
2021,"ENSO_5yr","waldo",657388.802041614,3164571.24475114
2022,"ENSO_5yr","waldo",656586.219457164,3161897.42061434
2023,"ENSO_5yr","waldo",655783.636872713,3159223.59647753
2024,"ENSO_5yr","waldo",654981.054288264,3156549.77234073
2025,"ENSO_5yr","waldo",654178.471703814,3153875.94820393
2026,"ENSO_5yr","waldo",653375.889119364,3151202.12406713
2027,"ENSO_5yr","waldo",652573.306534913,3148528.29993033
2028,"ENSO_5yr","waldo",651770.723950463,3145854.47579353
2029,"ENSO_5yr","waldo",650968.141366014,3143180.65165673
2030,"ENSO_5yr","waldo",650165.558781563,3140506.82751992
2031,"ENSO_5yr","waldo",649362.976197113,3137833.00338312
2032,"ENSO_5yr","waldo",648560.393612663,3135159.17924632
2033,"ENSO_5yr","waldo",647757.811028213,3132485.35510952
2034,"ENSO_5yr","waldo",646955.228443763,3129811.53097272
2035,"ENSO_5yr","waldo",646152.645859313,3127137.70683592
2036,"ENSO_5yr","waldo",645350.063274863,3124463.88269911
2037,"ENSO_5yr","waldo",644547.480690412,3121790.05856231
2038,"ENSO_5yr","waldo",643744.898105963,3119116.23442551
2039,"ENSO_5yr","waldo",642942.315521513,3116442.41028871
2040,"ENSO_5yr","waldo",642139.732937063,3113768.58615191
2041,"ENSO_5yr","waldo",641337.150352612,3111094.76201511
2042,"ENSO_5yr","waldo",640534.567768163,3108420.93787831
2043,"ENSO_5yr","waldo",639731.985183713,3105747.1137415
2044,"ENSO_5yr","waldo",638929.402599262,3103073.2896047
2045,"ENSO_5yr","waldo",638126.820014812,3100399.4654679
2046,"ENSO_5yr","waldo",637324.237430362,3097725.6413311
2047,"ENSO_5yr","waldo",636521.654845912,3095051.8171943
2048,"ENSO_5yr","waldo",635719.072261462,3092377.99305749
2049,"ENSO_5yr","waldo",634916.489677012,3089704.16892069
2050,"ENSO_5yr","waldo",634113.907092562,3087030.34478389
2051,"ENSO_5yr","waldo",633311.324508112,3084356.52064709
2052,"ENSO_5yr","waldo",632508.741923662,3081682.69651029
2053,"ENSO_5yr","waldo",631706.159339212,3079008.87237349
2054,"ENSO_5yr","waldo",630903.576754762,3076335.04823668
2055,"ENSO_5yr","waldo",630100.994170312,3073661.22409988
2056,"ENSO_5yr","waldo",629298.411585862,3070987.39996308
2057,"ENSO_5yr","waldo",628495.829001411,3068313.57582628
2058,"ENSO_5yr","waldo",627693.246416961,3065639.75168948
2059,"ENSO_5yr","waldo",626890.663832512,3062965.92755268
2060,"ENSO_5yr","waldo",626088.081248061,3060292.10341588
2061,"ENSO_5yr","waldo",625285.498663611,3057618.27927907
2062,"ENSO_5yr","waldo",624482.916079161,3054944.45514227
2063,"ENSO_5yr","waldo",623680.333494711,3052270.63100547
2064,"ENSO_5yr","waldo",622877.750910261,3049596.80686867
2065,"ENSO_5yr","waldo",622075.168325811,3046922.98273187
2066,"ENSO_5yr","waldo",621272.585741361,3044249.15859507
2067,"ENSO_5yr","waldo",620470.003156911,3041575.33445826
2068,"ENSO_5yr","waldo",619667.420572461,3038901.51032146
2069,"ENSO_5yr","waldo",618864.837988011,3036227.68618466
2070,"ENSO_5yr","waldo",618062.25540356,3033553.86204786
2071,"ENSO_5yr","waldo",617259.67281911,3030880.03791106
2072,"ENSO_5yr","waldo",616457.09023466,3028206.21377426
2073,"ENSO_5yr","waldo",615654.507650211,3025532.38963746
2074,"ENSO_5yr","waldo",614851.92506576,3022858.56550065
2075,"ENSO_5yr","waldo",614049.34248131,3020184.74136385
2076,"ENSO_5yr","waldo",613246.75989686,3017510.91722705
2077,"ENSO_5yr","waldo",612444.17731241,3014837.09309025
2078,"ENSO_5yr","waldo",611641.59472796,3012163.26895345
2079,"ENSO_5yr","waldo",610839.01214351,3009489.44481665
2080,"ENSO_5yr","waldo",610036.42955906,3006815.62067984
2081,"ENSO_5yr","waldo",609233.84697461,3004141.79654304
2082,"ENSO_5yr","waldo",608431.26439016,3001467.97240624
2083,"ENSO_5yr","waldo",607628.68180571,2998794.14826944
2084,"ENSO_5yr","waldo",606826.099221259,2996120.32413264
2085,"ENSO_5yr","waldo",606023.516636809,2993446.49999584
2086,"ENSO_5yr","waldo",605220.934052359,2990772.67585904
2087,"ENSO_5yr","waldo",604418.351467909,2988098.85172223
2088,"ENSO_5yr","waldo",603615.768883459,2985425.02758543
2089,"ENSO_5yr","waldo",602813.186299009,2982751.20344863
2090,"ENSO_5yr","waldo",602010.60371456,2980077.37931183
2091,"ENSO_5yr","waldo",601208.021130109,2977403.55517503
2092,"ENSO_5yr","waldo",600405.438545659,2974729.73103823
2093,"ENSO_5yr","waldo",599602.855961209,2972055.90690142
2094,"ENSO_5yr","waldo",598800.273376759,2969382.08276462
2095,"ENSO_5yr","waldo",597997.690792309,2966708.25862782
2096,"ENSO_5yr","waldo",597195.108207859,2964034.43449102
2097,"ENSO_5yr","waldo",596392.525623409,2961360.61035422
2098,"ENSO_5yr","waldo",595589.943038958,2958686.78621742
2099,"ENSO_5yr","waldo",594787.360454509,2956012.96208061
2100,"ENSO_5yr","waldo",593984.777870058,2953339.13794381
2020,"ENSO_7yr","waldo",658191.384626064,3167245.06888794
2021,"ENSO_7yr","waldo",657388.802041614,3164571.24475114
2022,"ENSO_7yr","waldo",656586.219457164,3161897.42061434
2023,"ENSO_7yr","waldo",655783.636872713,3159223.59647753
2024,"ENSO_7yr","waldo",654981.054288264,3156549.77234073
2025,"ENSO_7yr","waldo",654178.471703814,3153875.94820393
2026,"ENSO_7yr","waldo",653375.889119364,3151202.12406713
2027,"ENSO_7yr","waldo",652573.306534913,3148528.29993033
2028,"ENSO_7yr","waldo",651770.723950463,3145854.47579353
2029,"ENSO_7yr","waldo",650968.141366014,3143180.65165673
2030,"ENSO_7yr","waldo",650165.558781563,3140506.82751992
2031,"ENSO_7yr","waldo",649362.976197113,3137833.00338312
2032,"ENSO_7yr","waldo",648560.393612663,3135159.17924632
2033,"ENSO_7yr","waldo",647757.811028213,3132485.35510952
2034,"ENSO_7yr","waldo",646955.228443763,3129811.53097272
2035,"ENSO_7yr","waldo",646152.645859313,3127137.70683592
2036,"ENSO_7yr","waldo",645350.063274863,3124463.88269911
2037,"ENSO_7yr","waldo",644547.480690412,3121790.05856231
2038,"ENSO_7yr","waldo",643744.898105963,3119116.23442551
2039,"ENSO_7yr","waldo",642942.315521513,3116442.41028871
2040,"ENSO_7yr","waldo",642139.732937063,3113768.58615191
2041,"ENSO_7yr","waldo",641337.150352612,3111094.76201511
2042,"ENSO_7yr","waldo",640534.567768163,3108420.93787831
2043,"ENSO_7yr","waldo",639731.985183713,3105747.1137415
2044,"ENSO_7yr","waldo",638929.402599262,3103073.2896047
2045,"ENSO_7yr","waldo",638126.820014812,3100399.4654679
2046,"ENSO_7yr","waldo",637324.237430362,3097725.6413311
2047,"ENSO_7yr","waldo",636521.654845912,3095051.8171943
2048,"ENSO_7yr","waldo",635719.072261462,3092377.99305749
2049,"ENSO_7yr","waldo",634916.489677012,3089704.16892069
2050,"ENSO_7yr","waldo",634113.907092562,3087030.34478389
2051,"ENSO_7yr","waldo",633311.324508112,3084356.52064709
2052,"ENSO_7yr","waldo",632508.741923662,3081682.69651029
2053,"ENSO_7yr","waldo",631706.159339212,3079008.87237349
2054,"ENSO_7yr","waldo",630903.576754762,3076335.04823668
2055,"ENSO_7yr","waldo",630100.994170312,3073661.22409988
2056,"ENSO_7yr","waldo",629298.411585862,3070987.39996308
2057,"ENSO_7yr","waldo",628495.829001411,3068313.57582628
2058,"ENSO_7yr","waldo",627693.246416961,3065639.75168948
2059,"ENSO_7yr","waldo",626890.663832512,3062965.92755268
2060,"ENSO_7yr","waldo",626088.081248061,3060292.10341588
2061,"ENSO_7yr","waldo",625285.498663611,3057618.27927907
2062,"ENSO_7yr","waldo",624482.916079161,3054944.45514227
2063,"ENSO_7yr","waldo",623680.333494711,3052270.63100547
2064,"ENSO_7yr","waldo",622877.750910261,3049596.80686867
2065,"ENSO_7yr","waldo",622075.168325811,3046922.98273187
2066,"ENSO_7yr","waldo",621272.585741361,3044249.15859507
2067,"ENSO_7yr","waldo",620470.003156911,3041575.33445826
2068,"ENSO_7yr","waldo",619667.420572461,3038901.51032146
2069,"ENSO_7yr","waldo",618864.837988011,3036227.68618466
2070,"ENSO_7yr","waldo",618062.25540356,3033553.86204786
2071,"ENSO_7yr","waldo",617259.67281911,3030880.03791106
2072,"ENSO_7yr","waldo",616457.09023466,3028206.21377426
2073,"ENSO_7yr","waldo",615654.507650211,3025532.38963746
2074,"ENSO_7yr","waldo",614851.92506576,3022858.56550065
2075,"ENSO_7yr","waldo",614049.34248131,3020184.74136385
2076,"ENSO_7yr","waldo",613246.75989686,3017510.91722705
2077,"ENSO_7yr","waldo",612444.17731241,3014837.09309025
2078,"ENSO_7yr","waldo",611641.59472796,3012163.26895345
2079,"ENSO_7yr","waldo",610839.01214351,3009489.44481665
2080,"ENSO_7yr","waldo",610036.42955906,3006815.62067984
2081,"ENSO_7yr","waldo",609233.84697461,3004141.79654304
2082,"ENSO_7yr","waldo",608431.26439016,3001467.97240624
2083,"ENSO_7yr","waldo",607628.68180571,2998794.14826944
2084,"ENSO_7yr","waldo",606826.099221259,2996120.32413264
2085,"ENSO_7yr","waldo",606023.516636809,2993446.49999584
2086,"ENSO_7yr","waldo",605220.934052359,2990772.67585904
2087,"ENSO_7yr","waldo",604418.351467909,2988098.85172223
2088,"ENSO_7yr","waldo",603615.768883459,2985425.02758543
2089,"ENSO_7yr","waldo",602813.186299009,2982751.20344863
2090,"ENSO_7yr","waldo",602010.60371456,2980077.37931183
2091,"ENSO_7yr","waldo",601208.021130109,2977403.55517503
2092,"ENSO_7yr","waldo",600405.438545659,2974729.73103823
2093,"ENSO_7yr","waldo",599602.855961209,2972055.90690142
2094,"ENSO_7yr","waldo",598800.273376759,2969382.08276462
2095,"ENSO_7yr","waldo",597997.690792309,2966708.25862782
2096,"ENSO_7yr","waldo",597195.108207859,2964034.43449102
2097,"ENSO_7yr","waldo",596392.525623409,2961360.61035422
2098,"ENSO_7yr","waldo",595589.943038958,2958686.78621742
2099,"ENSO_7yr","waldo",594787.360454509,2956012.96208061
2100,"ENSO_7yr","waldo",593984.777870058,2953339.13794381
2020,"Fishing_Conservative","waldo",658191.384626064,3167245.06888794
2021,"Fishing_Conservative","waldo",657388.802041614,3164571.24475114
2022,"Fishing_Conservative","waldo",656586.219457164,3161897.42061434
2023,"Fishing_Conservative","waldo",655783.636872713,3159223.59647753
2024,"Fishing_Conservative","waldo",654981.054288264,3156549.77234073
2025,"Fishing_Conservative","waldo",654178.471703814,3153875.94820393
2026,"Fishing_Conservative","waldo",653375.889119364,3151202.12406713
2027,"Fishing_Conservative","waldo",652573.306534913,3148528.29993033
2028,"Fishing_Conservative","waldo",651770.723950463,3145854.47579353
2029,"Fishing_Conservative","waldo",650968.141366014,3143180.65165673
2030,"Fishing_Conservative","waldo",650165.558781563,3140506.82751992
2031,"Fishing_Conservative","waldo",649362.976197113,3137833.00338312
2032,"Fishing_Conservative","waldo",648560.393612663,3135159.17924632
2033,"Fishing_Conservative","waldo",647757.811028213,3132485.35510952
2034,"Fishing_Conservative","waldo",646955.228443763,3129811.53097272
2035,"Fishing_Conservative","waldo",646152.645859313,3127137.70683592
2036,"Fishing_Conservative","waldo",645350.063274863,3124463.88269911
2037,"Fishing_Conservative","waldo",644547.480690412,3121790.05856231
2038,"Fishing_Conservative","waldo",643744.898105963,3119116.23442551
2039,"Fishing_Conservative","waldo",642942.315521513,3116442.41028871
2040,"Fishing_Conservative","waldo",642139.732937063,3113768.58615191
2041,"Fishing_Conservative","waldo",641337.150352612,3111094.76201511
2042,"Fishing_Conservative","waldo",640534.567768163,3108420.93787831
2043,"Fishing_Conservative","waldo",639731.985183713,3105747.1137415
2044,"Fishing_Conservative","waldo",638929.402599262,3103073.2896047
2045,"Fishing_Conservative","waldo",638126.820014812,3100399.4654679
2046,"Fishing_Conservative","waldo",637324.237430362,3097725.6413311
2047,"Fishing_Conservative","waldo",636521.654845912,3095051.8171943
2048,"Fishing_Conservative","waldo",635719.072261462,3092377.99305749
2049,"Fishing_Conservative","waldo",634916.489677012,3089704.16892069
2050,"Fishing_Conservative","waldo",634113.907092562,3087030.34478389
2051,"Fishing_Conservative","waldo",633311.324508112,3084356.52064709
2052,"Fishing_Conservative","waldo",632508.741923662,3081682.69651029
2053,"Fishing_Conservative","waldo",631706.159339212,3079008.87237349
2054,"Fishing_Conservative","waldo",630903.576754762,3076335.04823668
2055,"Fishing_Conservative","waldo",630100.994170312,3073661.22409988
2056,"Fishing_Conservative","waldo",629298.411585862,3070987.39996308
2057,"Fishing_Conservative","waldo",628495.829001411,3068313.57582628
2058,"Fishing_Conservative","waldo",627693.246416961,3065639.75168948
2059,"Fishing_Conservative","waldo",626890.663832512,3062965.92755268
2060,"Fishing_Conservative","waldo",626088.081248061,3060292.10341588
2061,"Fishing_Conservative","waldo",625285.498663611,3057618.27927907
2062,"Fishing_Conservative","waldo",624482.916079161,3054944.45514227
2063,"Fishing_Conservative","waldo",623680.333494711,3052270.63100547
2064,"Fishing_Conservative","waldo",622877.750910261,3049596.80686867
2065,"Fishing_Conservative","waldo",622075.168325811,3046922.98273187
2066,"Fishing_Conservative","waldo",621272.585741361,3044249.15859507
2067,"Fishing_Conservative","waldo",620470.003156911,3041575.33445826
2068,"Fishing_Conservative","waldo",619667.420572461,3038901.51032146
2069,"Fishing_Conservative","waldo",618864.837988011,3036227.68618466
2070,"Fishing_Conservative","waldo",618062.25540356,3033553.86204786
2071,"Fishing_Conservative","waldo",617259.67281911,3030880.03791106
2072,"Fishing_Conservative","waldo",616457.09023466,3028206.21377426
2073,"Fishing_Conservative","waldo",615654.507650211,3025532.38963746
2074,"Fishing_Conservative","waldo",614851.92506576,3022858.56550065
2075,"Fishing_Conservative","waldo",614049.34248131,3020184.74136385
2076,"Fishing_Conservative","waldo",613246.75989686,3017510.91722705
2077,"Fishing_Conservative","waldo",612444.17731241,3014837.09309025
2078,"Fishing_Conservative","waldo",611641.59472796,3012163.26895345
2079,"Fishing_Conservative","waldo",610839.01214351,3009489.44481665
2080,"Fishing_Conservative","waldo",610036.42955906,3006815.62067984
2081,"Fishing_Conservative","waldo",609233.84697461,3004141.79654304
2082,"Fishing_Conservative","waldo",608431.26439016,3001467.97240624
2083,"Fishing_Conservative","waldo",607628.68180571,2998794.14826944
2084,"Fishing_Conservative","waldo",606826.099221259,2996120.32413264
2085,"Fishing_Conservative","waldo",606023.516636809,2993446.49999584
2086,"Fishing_Conservative","waldo",605220.934052359,2990772.67585904
2087,"Fishing_Conservative","waldo",604418.351467909,2988098.85172223
2088,"Fishing_Conservative","waldo",603615.768883459,2985425.02758543
2089,"Fishing_Conservative","waldo",602813.186299009,2982751.20344863
2090,"Fishing_Conservative","waldo",602010.60371456,2980077.37931183
2091,"Fishing_Conservative","waldo",601208.021130109,2977403.55517503
2092,"Fishing_Conservative","waldo",600405.438545659,2974729.73103823
2093,"Fishing_Conservative","waldo",599602.855961209,2972055.90690142
2094,"Fishing_Conservative","waldo",598800.273376759,2969382.08276462
2095,"Fishing_Conservative","waldo",597997.690792309,2966708.25862782
2096,"Fishing_Conservative","waldo",597195.108207859,2964034.43449102
2097,"Fishing_Conservative","waldo",596392.525623409,2961360.61035422
2098,"Fishing_Conservative","waldo",595589.943038958,2958686.78621742
2099,"Fishing_Conservative","waldo",594787.360454509,2956012.96208061
2100,"Fishing_Conservative","waldo",593984.777870058,2953339.13794381
2020,"Fishing_Moderate","waldo",658191.384626064,3167245.06888794
2021,"Fishing_Moderate","waldo",657388.802041614,3164571.24475114
2022,"Fishing_Moderate","waldo",656586.219457164,3161897.42061434
2023,"Fishing_Moderate","waldo",655783.636872713,3159223.59647753
2024,"Fishing_Moderate","waldo",654981.054288264,3156549.77234073
2025,"Fishing_Moderate","waldo",654178.471703814,3153875.94820393
2026,"Fishing_Moderate","waldo",653375.889119364,3151202.12406713
2027,"Fishing_Moderate","waldo",652573.306534913,3148528.29993033
2028,"Fishing_Moderate","waldo",651770.723950463,3145854.47579353
2029,"Fishing_Moderate","waldo",650968.141366014,3143180.65165673
2030,"Fishing_Moderate","waldo",650165.558781563,3140506.82751992
2031,"Fishing_Moderate","waldo",649362.976197113,3137833.00338312
2032,"Fishing_Moderate","waldo",648560.393612663,3135159.17924632
2033,"Fishing_Moderate","waldo",647757.811028213,3132485.35510952
2034,"Fishing_Moderate","waldo",646955.228443763,3129811.53097272
2035,"Fishing_Moderate","waldo",646152.645859313,3127137.70683592
2036,"Fishing_Moderate","waldo",645350.063274863,3124463.88269911
2037,"Fishing_Moderate","waldo",644547.480690412,3121790.05856231
2038,"Fishing_Moderate","waldo",643744.898105963,3119116.23442551
2039,"Fishing_Moderate","waldo",642942.315521513,3116442.41028871
2040,"Fishing_Moderate","waldo",642139.732937063,3113768.58615191
2041,"Fishing_Moderate","waldo",641337.150352612,3111094.76201511
2042,"Fishing_Moderate","waldo",640534.567768163,3108420.93787831
2043,"Fishing_Moderate","waldo",639731.985183713,3105747.1137415
2044,"Fishing_Moderate","waldo",638929.402599262,3103073.2896047
2045,"Fishing_Moderate","waldo",638126.820014812,3100399.4654679
2046,"Fishing_Moderate","waldo",637324.237430362,3097725.6413311
2047,"Fishing_Moderate","waldo",636521.654845912,3095051.8171943
2048,"Fishing_Moderate","waldo",635719.072261462,3092377.99305749
2049,"Fishing_Moderate","waldo",634916.489677012,3089704.16892069
2050,"Fishing_Moderate","waldo",634113.907092562,3087030.34478389
2051,"Fishing_Moderate","waldo",633311.324508112,3084356.52064709
2052,"Fishing_Moderate","waldo",632508.741923662,3081682.69651029
2053,"Fishing_Moderate","waldo",631706.159339212,3079008.87237349
2054,"Fishing_Moderate","waldo",630903.576754762,3076335.04823668
2055,"Fishing_Moderate","waldo",630100.994170312,3073661.22409988
2056,"Fishing_Moderate","waldo",629298.411585862,3070987.39996308
2057,"Fishing_Moderate","waldo",628495.829001411,3068313.57582628
2058,"Fishing_Moderate","waldo",627693.246416961,3065639.75168948
2059,"Fishing_Moderate","waldo",626890.663832512,3062965.92755268
2060,"Fishing_Moderate","waldo",626088.081248061,3060292.10341588
2061,"Fishing_Moderate","waldo",625285.498663611,3057618.27927907
2062,"Fishing_Moderate","waldo",624482.916079161,3054944.45514227
2063,"Fishing_Moderate","waldo",623680.333494711,3052270.63100547
2064,"Fishing_Moderate","waldo",622877.750910261,3049596.80686867
2065,"Fishing_Moderate","waldo",622075.168325811,3046922.98273187
2066,"Fishing_Moderate","waldo",621272.585741361,3044249.15859507
2067,"Fishing_Moderate","waldo",620470.003156911,3041575.33445826
2068,"Fishing_Moderate","waldo",619667.420572461,3038901.51032146
2069,"Fishing_Moderate","waldo",618864.837988011,3036227.68618466
2070,"Fishing_Moderate","waldo",618062.25540356,3033553.86204786
2071,"Fishing_Moderate","waldo",617259.67281911,3030880.03791106
2072,"Fishing_Moderate","waldo",616457.09023466,3028206.21377426
2073,"Fishing_Moderate","waldo",615654.507650211,3025532.38963746
2074,"Fishing_Moderate","waldo",614851.92506576,3022858.56550065
2075,"Fishing_Moderate","waldo",614049.34248131,3020184.74136385
2076,"Fishing_Moderate","waldo",613246.75989686,3017510.91722705
2077,"Fishing_Moderate","waldo",612444.17731241,3014837.09309025
2078,"Fishing_Moderate","waldo",611641.59472796,3012163.26895345
2079,"Fishing_Moderate","waldo",610839.01214351,3009489.44481665
2080,"Fishing_Moderate","waldo",610036.42955906,3006815.62067984
2081,"Fishing_Moderate","waldo",609233.84697461,3004141.79654304
2082,"Fishing_Moderate","waldo",608431.26439016,3001467.97240624
2083,"Fishing_Moderate","waldo",607628.68180571,2998794.14826944
2084,"Fishing_Moderate","waldo",606826.099221259,2996120.32413264
2085,"Fishing_Moderate","waldo",606023.516636809,2993446.49999584
2086,"Fishing_Moderate","waldo",605220.934052359,2990772.67585904
2087,"Fishing_Moderate","waldo",604418.351467909,2988098.85172223
2088,"Fishing_Moderate","waldo",603615.768883459,2985425.02758543
2089,"Fishing_Moderate","waldo",602813.186299009,2982751.20344863
2090,"Fishing_Moderate","waldo",602010.60371456,2980077.37931183
2091,"Fishing_Moderate","waldo",601208.021130109,2977403.55517503
2092,"Fishing_Moderate","waldo",600405.438545659,2974729.73103823
2093,"Fishing_Moderate","waldo",599602.855961209,2972055.90690142
2094,"Fishing_Moderate","waldo",598800.273376759,2969382.08276462
2095,"Fishing_Moderate","waldo",597997.690792309,2966708.25862782
2096,"Fishing_Moderate","waldo",597195.108207859,2964034.43449102
2097,"Fishing_Moderate","waldo",596392.525623409,2961360.61035422
2098,"Fishing_Moderate","waldo",595589.943038958,2958686.78621742
2099,"Fishing_Moderate","waldo",594787.360454509,2956012.96208061
2100,"Fishing_Moderate","waldo",593984.777870058,2953339.13794381
2020,"Fishing_Aggressive","waldo",658191.384626064,3167245.06888794
2021,"Fishing_Aggressive","waldo",657388.802041614,3164571.24475114
2022,"Fishing_Aggressive","waldo",656586.219457164,3161897.42061434
2023,"Fishing_Aggressive","waldo",655783.636872713,3159223.59647753
2024,"Fishing_Aggressive","waldo",654981.054288264,3156549.77234073
2025,"Fishing_Aggressive","waldo",654178.471703814,3153875.94820393
2026,"Fishing_Aggressive","waldo",653375.889119364,3151202.12406713
2027,"Fishing_Aggressive","waldo",652573.306534913,3148528.29993033
2028,"Fishing_Aggressive","waldo",651770.723950463,3145854.47579353
2029,"Fishing_Aggressive","waldo",650968.141366014,3143180.65165673
2030,"Fishing_Aggressive","waldo",650165.558781563,3140506.82751992
2031,"Fishing_Aggressive","waldo",649362.976197113,3137833.00338312
2032,"Fishing_Aggressive","waldo",648560.393612663,3135159.17924632
2033,"Fishing_Aggressive","waldo",647757.811028213,3132485.35510952
2034,"Fishing_Aggressive","waldo",646955.228443763,3129811.53097272
2035,"Fishing_Aggressive","waldo",646152.645859313,3127137.70683592
2036,"Fishing_Aggressive","waldo",645350.063274863,3124463.88269911
2037,"Fishing_Aggressive","waldo",644547.480690412,3121790.05856231
2038,"Fishing_Aggressive","waldo",643744.898105963,3119116.23442551
2039,"Fishing_Aggressive","waldo",642942.315521513,3116442.41028871
2040,"Fishing_Aggressive","waldo",642139.732937063,3113768.58615191
2041,"Fishing_Aggressive","waldo",641337.150352612,3111094.76201511
2042,"Fishing_Aggressive","waldo",640534.567768163,3108420.93787831
2043,"Fishing_Aggressive","waldo",639731.985183713,3105747.1137415
2044,"Fishing_Aggressive","waldo",638929.402599262,3103073.2896047
2045,"Fishing_Aggressive","waldo",638126.820014812,3100399.4654679
2046,"Fishing_Aggressive","waldo",637324.237430362,3097725.6413311
2047,"Fishing_Aggressive","waldo",636521.654845912,3095051.8171943
2048,"Fishing_Aggressive","waldo",635719.072261462,3092377.99305749
2049,"Fishing_Aggressive","waldo",634916.489677012,3089704.16892069
2050,"Fishing_Aggressive","waldo",634113.907092562,3087030.34478389
2051,"Fishing_Aggressive","waldo",633311.324508112,3084356.52064709
2052,"Fishing_Aggressive","waldo",632508.741923662,3081682.69651029
2053,"Fishing_Aggressive","waldo",631706.159339212,3079008.87237349
2054,"Fishing_Aggressive","waldo",630903.576754762,3076335.04823668
2055,"Fishing_Aggressive","waldo",630100.994170312,3073661.22409988
2056,"Fishing_Aggressive","waldo",629298.411585862,3070987.39996308
2057,"Fishing_Aggressive","waldo",628495.829001411,3068313.57582628
2058,"Fishing_Aggressive","waldo",627693.246416961,3065639.75168948
2059,"Fishing_Aggressive","waldo",626890.663832512,3062965.92755268
2060,"Fishing_Aggressive","waldo",626088.081248061,3060292.10341588
2061,"Fishing_Aggressive","waldo",625285.498663611,3057618.27927907
2062,"Fishing_Aggressive","waldo",624482.916079161,3054944.45514227
2063,"Fishing_Aggressive","waldo",623680.333494711,3052270.63100547
2064,"Fishing_Aggressive","waldo",622877.750910261,3049596.80686867
2065,"Fishing_Aggressive","waldo",622075.168325811,3046922.98273187
2066,"Fishing_Aggressive","waldo",621272.585741361,3044249.15859507
2067,"Fishing_Aggressive","waldo",620470.003156911,3041575.33445826
2068,"Fishing_Aggressive","waldo",619667.420572461,3038901.51032146
2069,"Fishing_Aggressive","waldo",618864.837988011,3036227.68618466
2070,"Fishing_Aggressive","waldo",618062.25540356,3033553.86204786
2071,"Fishing_Aggressive","waldo",617259.67281911,3030880.03791106
2072,"Fishing_Aggressive","waldo",616457.09023466,3028206.21377426
2073,"Fishing_Aggressive","waldo",615654.507650211,3025532.38963746
2074,"Fishing_Aggressive","waldo",614851.92506576,3022858.56550065
2075,"Fishing_Aggressive","waldo",614049.34248131,3020184.74136385
2076,"Fishing_Aggressive","waldo",613246.75989686,3017510.91722705
2077,"Fishing_Aggressive","waldo",612444.17731241,3014837.09309025
2078,"Fishing_Aggressive","waldo",611641.59472796,3012163.26895345
2079,"Fishing_Aggressive","waldo",610839.01214351,3009489.44481665
2080,"Fishing_Aggressive","waldo",610036.42955906,3006815.62067984
2081,"Fishing_Aggressive","waldo",609233.84697461,3004141.79654304
2082,"Fishing_Aggressive","waldo",608431.26439016,3001467.97240624
2083,"Fishing_Aggressive","waldo",607628.68180571,2998794.14826944
2084,"Fishing_Aggressive","waldo",606826.099221259,2996120.32413264
2085,"Fishing_Aggressive","waldo",606023.516636809,2993446.49999584
2086,"Fishing_Aggressive","waldo",605220.934052359,2990772.67585904
2087,"Fishing_Aggressive","waldo",604418.351467909,2988098.85172223
2088,"Fishing_Aggressive","waldo",603615.768883459,2985425.02758543
2089,"Fishing_Aggressive","waldo",602813.186299009,2982751.20344863
2090,"Fishing_Aggressive","waldo",602010.60371456,2980077.37931183
2091,"Fishing_Aggressive","waldo",601208.021130109,2977403.55517503
2092,"Fishing_Aggressive","waldo",600405.438545659,2974729.73103823
2093,"Fishing_Aggressive","waldo",599602.855961209,2972055.90690142
2094,"Fishing_Aggressive","waldo",598800.273376759,2969382.08276462
2095,"Fishing_Aggressive","waldo",597997.690792309,2966708.25862782
2096,"Fishing_Aggressive","waldo",597195.108207859,2964034.43449102
2097,"Fishing_Aggressive","waldo",596392.525623409,2961360.61035422
2098,"Fishing_Aggressive","waldo",595589.943038958,2958686.78621742
2099,"Fishing_Aggressive","waldo",594787.360454509,2956012.96208061
2100,"Fishing_Aggressive","waldo",593984.777870058,2953339.13794381
