year,species,total_weight,total_value,total_trips,total_harvs
1950,Alewife,82446900,3130646,0,0
1950,Clam Soft,33696810,1184370,0,0
1950,Cod Atlantic,6613000,304150,0,0
1950,Crab Unc,1434400,37654,0,0
1950,Cusk,1576700,61081,0,0
1950,Flounder Atlantic Witch (Gray Sole),1207900,62872,0,0
1950,Flounder Winter,1592900,74344,0,0
1950,Flounder Yellowtail,145300,10839,0,0
1950,Haddock,7442000,524315,0,0
1950,Hake White,6117600,195294,0,0
1950,Halibut Atlantic,86100,20470,0,0
1950,Herring Atlantic,185481500,1269467,0,0
1950,Lobster American,18352600,6412311,0,0
1950,Menhaden Atlantic,490000,2511,0,0
1950,Mussel Blue Sea,1905086,11370,0,0
1950,Periwinkles Atlantic (Cockles),13344,1035,0,0
1950,Plaice American (Dab),1613700,60385,0,0
1950,Pollock,6949800,160091,0,0
1950,Sandworms,56900,37158,0,0
1950,Scallop Sea,4371584,215725,0,0
1950,Wolffish Atlantic,256400,6265,0,0
1951,Alewife,3479200,26067,0,0
1951,Clam Soft,25090940,1186937,0,0
1951,Cod Atlantic,5292800,289632,0,0
1951,Crab Unc,749700,27731,0,0
1951,Cusk,1381600,70804,0,0
1951,Flounder Atlantic Witch (Gray Sole),1634700,105900,0,0
1951,Flounder Winter,2295600,184931,0,0
1951,Flounder Yellowtail,82400,9706,0,0
1951,Haddock,5267700,386378,0,0
1951,Hake White,3944400,156289,0,0
1951,Halibut Atlantic,114000,26784,0,0
1951,Herring Atlantic,59738100,913689,0,0
1951,Lobster American,20759500,7214107,0,0
1951,Menhaden Atlantic,1514300,8610,0,0
1951,Mussel Blue Sea,2620006,13472,0,0
1951,Periwinkles Atlantic (Cockles),13344,1057,0,0
1951,Plaice American (Dab),2019500,100900,0,0
1951,Pollock,5971800,207002,0,0
1951,Redfish Acadian Ocean Perch,73941800,3428816,0,0
1951,Sandworms,146700,88412,0,0
1951,Scallop Sea,5637744,310530,0,0
1951,Wolffish Atlantic,233000,6253,0,0
1952,Alewife,2783200,29763,0,0
1952,Clam Soft,27060740,1673347,0,0
1952,Cod Atlantic,4614500,256454,0,0
1952,Crab Unc,375400,15204,0,0
1952,Cusk,1215400,67402,0,0
1952,Flounder Atlantic Witch (Gray Sole),1367700,98844,0,0
1952,Flounder Winter,1425600,119441,0,0
1952,Flounder Yellowtail,55100,4563,0,0
1952,Haddock,6107700,434702,0,0
1952,Hake White,4816300,185263,0,0
1952,Halibut Atlantic,89000,24913,0,0
1952,Herring Atlantic,144661100,1752497,0,0
1952,Lobster American,20036300,8511821,0,0
1952,Menhaden Atlantic,604600,6056,0,0
1952,Mussel Blue Sea,1685336,8725,0,0
1952,Periwinkles Atlantic (Cockles),19599,1473,0,0
1952,Plaice American (Dab),1866000,96926,0,0
1952,Pollock,7052000,189899,0,0
1952,Redfish Acadian Ocean Perch,60468300,2612084,0,0
1952,Sandworms,157200,91109,0,0
1952,Scallop Sea,12460014,852460,0,0
1952,Wolffish Atlantic,193900,5598,0,0
1953,Alewife,2443100,27529,0,0
1953,Clam Soft,20325200,1382161,0,0
1953,Cod Atlantic,3769100,213921,0,0
1953,Crab Unc,598400,29110,0,0
1953,Cusk,1010400,51082,0,0
1953,Flounder Atlantic Witch (Gray Sole),1598900,124311,0,0
1953,Flounder Winter,1026900,75123,0,0
1953,Flounder Yellowtail,58500,5701,0,0
1953,Haddock,5390800,356940,0,0
1953,Hake White,4599700,190231,0,0
1953,Halibut Atlantic,78500,23937,0,0
1953,Herring Atlantic,100587500,1621170,0,0
1953,Lobster American,22300300,8411229,0,0
1953,Menhaden Atlantic,2184000,26083,0,0
1953,Mussel Blue Sea,301204,1301,0,0
1953,Periwinkles Atlantic (Cockles),44619,3092,0,0
1953,Plaice American (Dab),1413500,81537,0,0
1953,Pollock,5633900,133446,0,0
1953,Redfish Acadian Ocean Perch,60623200,2362155,0,0
1953,Sandworms,243600,148499,0,0
1953,Scallop Sea,14137676,786673,0,0
1953,Wolffish Atlantic,164800,5199,0,0
1954,Alewife,3296100,26643,0,0
1954,Clam Soft,18237310,1360436,0,0
1954,Cod Atlantic,3688900,195077,0,0
1954,Crab Unc,519600,27498,0,0
1954,Cusk,802400,43552,0,0
1954,Flounder Atlantic Witch (Gray Sole),1272900,93281,0,0
1954,Flounder Winter,1193100,93560,0,0
1954,Flounder Yellowtail,23700,2202,0,0
1954,Haddock,5554700,393154,0,0
1954,Hake White,3787700,153037,0,0
1954,Halibut Atlantic,105400,29077,0,0
1954,Herring Atlantic,123602000,1769516,0,0
1954,Lobster American,21667700,8087156,0,0
1954,Menhaden Atlantic,5876400,47172,0,0
1954,Mussel Blue Sea,477004,2048,0,0
1954,Periwinkles Atlantic (Cockles),23352,1767,0,0
1954,Plaice American (Dab),1654100,89629,0,0
1954,Pollock,4529300,105388,0,0
1954,Redfish Acadian Ocean Perch,79670700,3205500,0,0
1954,Sandworms,284100,167196,0,0
1954,Scallop Sea,5895141,334241,0,0
1954,Wolffish Atlantic,154400,5722,0,0
1955,Alewife,3778600,33024,0,0
1955,Clam Soft,12845350,948592,0,0
1955,Cod Atlantic,2863200,146214,0,0
1955,Crab Unc,499300,25977,0,0
1955,Cusk,673200,34065,0,0
1955,Flounder Atlantic Witch (Gray Sole),1182400,90708,0,0
1955,Flounder Winter,935800,67423,0,0
1955,Flounder Yellowtail,29700,2886,0,0
1955,Haddock,4565800,276116,0,0
1955,Hake White,2831100,103066,0,0
1955,Halibut Atlantic,153800,36862,0,0
1955,Herring Atlantic,99415800,1352969,0,0
1955,Lobster American,22718100,8716012,0,0
1955,Menhaden Atlantic,4016100,42206,0,0
1955,Mussel Blue Sea,612956,2829,0,0
1955,Periwinkles Atlantic (Cockles),32943,2606,0,0
1955,Plaice American (Dab),1386400,84455,0,0
1955,Pollock,5415900,125103,0,0
1955,Redfish Acadian Ocean Perch,67685000,2577442,0,0
1955,Sandworms,179400,110283,0,0
1955,Scallop Sea,9276288,580541,0,0
1955,Wolffish Atlantic,133100,4076,0,0
1956,Alewife,4587900,41833,0,0
1956,Clam Soft,10917690,808035,0,0
1956,Cod Atlantic,2746200,133730,0,0
1956,Crab Unc,1199700,34797,0,0
1956,Cusk,442200,23213,0,0
1956,Flounder Atlantic Witch (Gray Sole),1184800,99382,0,0
1956,Flounder Winter,508300,32373,0,0
1956,Flounder Yellowtail,51700,6266,0,0
1956,Haddock,4903600,289303,0,0
1956,Hake White,3186800,103731,0,0
1956,Halibut Atlantic,107400,29221,0,0
1956,Herring Atlantic,140472300,2299320,0,0
1956,Lobster American,20572300,9119807,0,0
1956,Menhaden Atlantic,1216400,15347,0,0
1956,Mussel Blue Sea,713162,2170,0,0
1956,Periwinkles Atlantic (Cockles),111339,8118,0,0
1956,Plaice American (Dab),1448200,75287,0,0
1956,Pollock,5585600,125044,0,0
1956,Redfish Acadian Ocean Perch,64966900,2464204,0,0
1956,Sandworms,282800,177672,0,0
1956,Scallop Sea,8079267,518437,0,0
1956,Wolffish Atlantic,116800,3566,0,0
1957,Alewife,3969500,32453,0,0
1957,Clam Soft,9622130,737518,0,0
1957,Cod Atlantic,2352400,122732,0,0
1957,Crab Unc,756400,36462,0,0
1957,Cusk,584100,26808,0,0
1957,Flounder Atlantic Witch (Gray Sole),1185600,140386,0,0
1957,Flounder Winter,694400,41018,0,0
1957,Flounder Yellowtail,40600,3533,0,0
1957,Haddock,4667300,310138,0,0
1957,Hake White,2870300,103781,0,0
1957,Halibut Atlantic,124300,28507,0,0
1957,Herring Atlantic,153621100,2312056,0,0
1957,Lobster American,24402800,8954234,0,0
1957,Menhaden Atlantic,273400,3418,0,0
1957,Mussel Blue Sea,227368,4547,0,0
1957,Periwinkles Atlantic (Cockles),79230,6508,0,0
1957,Plaice American (Dab),1152400,65333,0,0
1957,Pollock,3719600,97271,0,0
1957,Redfish Acadian Ocean Perch,64722700,2394868,0,0
1957,Sandworms,290900,214344,0,0
1957,Scallop Sea,6208349,369439,0,0
1957,Wolffish Atlantic,139300,4191,0,0
1958,Alewife,3095400,31841,0,0
1958,Clam Soft,8006600,599633,0,0
1958,Cod Atlantic,2735400,150074,0,0
1958,Crab Unc,1210400,45828,0,0
1958,Cusk,542100,29186,0,0
1958,Flounder Atlantic Witch (Gray Sole),1006600,100686,0,0
1958,Flounder Winter,487700,26648,0,0
1958,Flounder Yellowtail,64300,5357,0,0
1958,Haddock,3996900,339874,0,0
1958,Hake White,2088000,91913,0,0
1958,Halibut Atlantic,136300,35034,0,0
1958,Herring Atlantic,170977300,2562805,0,0
1958,Lobster American,21312000,10445004,0,0
1958,Mussel Blue Sea,705544,9093,0,0
1958,Periwinkles Atlantic (Cockles),127602,10584,0,0
1958,Plaice American (Dab),968400,62279,0,0
1958,Pollock,4364000,141155,0,0
1958,Redfish Acadian Ocean Perch,71067800,3002566,0,0
1958,Sandworms,269100,193853,0,0
1958,Scallop Sea,3281187,191611,0,0
1958,Wolffish Atlantic,100700,3034,0,0
1959,Alewife,1631400,18795,0,0
1959,Clam Soft,7107940,547789,0,0
1959,Cod Atlantic,2694000,144403,0,0
1959,Crab Unc,1358500,54964,0,0
1959,Cusk,595800,30703,0,0
1959,Flounder Atlantic Witch (Gray Sole),794900,86380,0,0
1959,Flounder Winter,342300,19043,0,0
1959,Flounder Yellowtail,113400,9725,0,0
1959,Haddock,3404700,302911,0,0
1959,Hake White,1810700,73509,0,0
1959,Halibut Atlantic,97400,24591,0,0
1959,Herring Atlantic,117149800,1880121,0,0
1959,Lobster American,22328800,11252686,0,0
1959,Mussel Blue Sea,141226,1705,0,0
1959,Periwinkles Atlantic (Cockles),143031,11090,0,0
1959,Plaice American (Dab),870800,45269,0,0
1959,Pollock,3689000,113174,0,0
1959,Redfish Acadian Ocean Perch,75224600,3116142,0,0
1959,Sandworms,538700,334285,0,0
1959,Scallop Sea,9442055,575476,0,0
1959,Wolffish Atlantic,103500,3466,0,0
1960,Alewife,1412300,17609,0,0
1960,Clam Soft,10160150,822810,0,0
1960,Cod Atlantic,2897200,144470,0,0
1960,Crab Unc,1225300,53636,0,0
1960,Cusk,578200,27869,0,0
1960,Flounder Atlantic Witch (Gray Sole),809500,81243,0,0
1960,Flounder Winter,365900,23009,0,0
1960,Flounder Yellowtail,65300,5986,0,0
1960,Haddock,3834300,290022,0,0
1960,Hake White,3033200,108667,0,0
1960,Halibut Atlantic,89900,24029,0,0
1960,Herring Atlantic,152327300,2486250,0,0
1960,Lobster American,24014200,10967018,0,0
1960,Menhaden Atlantic,35000,625,0,0
1960,Mussel Blue Sea,291828,2989,0,0
1960,Periwinkles Atlantic (Cockles),133440,10022,0,0
1960,Plaice American (Dab),711100,40845,0,0
1960,Pollock,3974700,106759,0,0
1960,Redfish Acadian Ocean Perch,78257700,3009777,0,0
1960,Sandworms,612900,365850,0,0
1960,Scallop Sea,15621249,658103,0,0
1960,Wolffish Atlantic,85200,2581,0,0
1961,Alewife,1881800,26241,0,0
1961,Clam Soft,9038050,793590,0,0
1961,Cod Atlantic,2506500,124007,0,0
1961,Crab Unc,1579300,58385,0,0
1961,Cusk,599400,31245,0,0
1961,Flounder Atlantic Witch (Gray Sole),569700,58143,0,0
1961,Flounder Winter,158600,7368,0,0
1961,Flounder Yellowtail,65900,3950,0,0
1961,Haddock,2939900,227065,0,0
1961,Hake White,2730500,95027,0,0
1961,Halibut Atlantic,69100,21221,0,0
1961,Herring Atlantic,54462600,1035522,0,0
1961,Lobster American,20917900,11119803,0,0
1961,Mussel Blue Sea,12892,92,0,0
1961,Periwinkles Atlantic (Cockles),140529,10274,0,0
1961,Plaice American (Dab),688500,32881,0,0
1961,Pollock,3206100,103355,0,0
1961,Redfish Acadian Ocean Perch,77350100,2942313,0,0
1961,Sandworms,643000,387066,0,0
1961,Scallop Sea,22825033,1025375,0,0
1961,Wolffish Atlantic,49400,1527,0,0
1962,Alewife,1682200,20644,0,0
1962,Clam Soft,9706410,894395,0,0
1962,Cod Atlantic,2260000,107384,0,0
1962,Crab Unc,1751500,67952,0,0
1962,Cusk,609300,31068,0,0
1962,Flounder Atlantic Witch (Gray Sole),597700,54477,0,0
1962,Flounder Winter,74600,4183,0,0
1962,Flounder Yellowtail,17300,1369,0,0
1962,Haddock,2544600,196319,0,0
1962,Hake White,3276500,109636,0,0
1962,Halibut Atlantic,92200,30329,0,0
1962,Herring Atlantic,156699400,2374552,0,0
1962,Lobster American,22075300,11195609,0,0
1962,Mussel Blue Sea,42778,750,0,0
1962,Periwinkles Atlantic (Cockles),145533,10674,0,0
1962,Plaice American (Dab),515800,24867,0,0
1962,Pollock,2569000,83318,0,0
1962,Redfish Acadian Ocean Perch,69453400,2866916,0,0
1962,Sandworms,677700,421267,0,0
1962,Scallop Sea,18071102,876350,0,0
1962,Shrimp Northern,351700,51513,0,0
1962,Wolffish Atlantic,44300,1321,0,0
1963,Alewife,1480300,21957,0,0
1963,Clam Soft,8974840,786765,0,0
1963,Cod Atlantic,1960200,87644,0,0
1963,Crab Unc,2010900,84522,0,0
1963,Cusk,469500,23256,0,0
1963,Flounder Atlantic Witch (Gray Sole),711100,66040,0,0
1963,Flounder Winter,49800,2822,0,0
1963,Haddock,2876800,245162,0,0
1963,Hake White,3564100,124974,0,0
1963,Halibut Atlantic,92400,31034,0,0
1963,Herring Atlantic,152316800,1649042,0,0
1963,Lobster American,22804300,12635826,0,0
1963,Mussel Blue Sea,119544,1407,0,0
1963,Periwinkles Atlantic (Cockles),142197,10704,0,0
1963,Plaice American (Dab),454600,21992,0,0
1963,Pollock,2488600,73482,0,0
1963,Redfish Acadian Ocean Perch,63904800,2935653,0,0
1963,Sandworms,813300,506578,0,0
1963,Scallop Sea,9879380,547923,0,0
1963,Shrimp Northern,538500,63886,0,0
1963,Wolffish Atlantic,49000,1561,0,0
1964,Alewife,1479590,23543,0,0
1964,Bloodworms,753414,740815,0,0
1964,Clam Northern Quahog / Hard,17265,1764,0,0
1964,Clam Soft,8670643,814652,0,0
1964,Cod Atlantic,2394246,107302,0,0
1964,Crab Unc,1914617,78155,0,0
1964,Cusk,370009,17807,0,0
1964,Flounder Atlantic Witch (Gray Sole),497602,40053,0,0
1964,Flounder Winter,76578,3853,0,0
1964,Flounder Yellowtail,5410,156,0,0
1964,Haddock,2938645,258723,0,0
1964,Hake Silver (Whiting),25349929,373502,0,0
1964,Hake White,3375748,123506,0,0
1964,Halibut Atlantic,76590,24840,0,0
1964,Herring Atlantic,57660641,1209581,0,0
1964,Lobster American,20920697,13878286,0,0
1964,Mackerel Atlantic,488083,18076,0,0
1964,Mussel Blue Sea,90303,1024,0,0
1964,Oysters,22469,1201,0,0
1964,Periwinkles Atlantic (Cockles),200552,12886,0,0
1964,Plaice American (Dab),572703,26270,0,0
1964,Pollock,1321336,44116,0,0
1964,Redfish Acadian Ocean Perch,58936209,2500433,0,0
1964,Salmon Atlantic,454,385,0,0
1964,Sandworms,772360,450544,0,0
1964,Scallop Sea,7637710,501752,0,0
1964,Sea Urchins Green,120908,3377,0,0
1964,Seaweed Unc,2495000,43663,0,0
1964,Shark Dogfish,225173,1216,0,0
1964,Shrimp Northern,924667,111626,0,0
1964,Wolffish Atlantic,25793,875,0,0
1964,Yellow Eel,22884,5019,0,0
1965,Alewife,3106455,43588,0,0
1965,Bloodworms,769936,759582,0,0
1965,Clam Northern Quahog / Hard,19114,2074,0,0
1965,Clam Soft,9622718,963671,0,0
1965,Cod Atlantic,2641683,129719,0,0
1965,Crab Unc,1847907,73591,0,0
1965,Cusk,285585,16064,0,0
1965,Flounder Atlantic Witch (Gray Sole),1705,101,0,0
1965,Flounder Winter,113142,6388,0,0
1965,Flounder Yellowtail,7175,490,0,0
1965,Haddock,1880798,183245,0,0
1965,Hake Silver (Whiting),27834209,486031,0,0
1965,Hake White,3849855,127429,0,0
1965,Halibut Atlantic,92677,31662,0,0
1965,Herring Atlantic,70179523,1167683,0,0
1965,Lobster American,18861785,14177204,0,0
1965,Mackerel Atlantic,669615,42689,0,0
1965,Mussel Blue Sea,185909,3025,0,0
1965,Oysters,14145,1100,0,0
1965,Periwinkles Atlantic (Cockles),212824,11806,0,0
1965,Plaice American (Dab),718953,34753,0,0
1965,Pollock,1092640,47162,0,0
1965,Redfish Acadian Ocean Perch,60338294,2381391,0,0
1965,Salmon Atlantic,208,161,0,0
1965,Sandworms,738635,447341,0,0
1965,Scallop Sea,3450161,288570,0,0
1965,Sea Urchins Green,126047,2987,0,0
1965,Seaweed Unc,2895000,50663,0,0
1965,Shark Dogfish,377574,2332,0,0
1965,Shrimp Northern,2087722,244870,0,0
1965,Wolffish Atlantic,41503,1235,0,0
1965,Yellow Eel,52100,11462,0,0
1966,Alewife,1785900,35718,0,0
1966,Bloodworms,716211,731335,0,0
1966,Clam Northern Quahog / Hard,248,15,0,0
1966,Clam Soft,14740195,1387246,0,0
1966,Cod Atlantic,2802362,176295,0,0
1966,Crab Unc,1774188,75111,0,0
1966,Cusk,303032,18579,0,0
1966,Flounder Atlantic Witch (Gray Sole),413818,38804,0,0
1966,Flounder Winter,96201,5199,0,0
1966,Flounder Yellowtail,21800,1723,0,0
1966,Haddock,1773054,173886,0,0
1966,Hake Silver (Whiting),29497234,1134774,0,0
1966,Hake White,2017608,86677,0,0
1966,Halibut Atlantic,101941,37351,0,0
1966,Herring Atlantic,58298675,1208693,0,0
1966,Lobster American,19915816,14904498,0,0
1966,Mackerel Atlantic,689795,22849,0,0
1966,Mussel Blue Sea,1405164,20364,0,0
1966,Oysters,62100,4972,0,0
1966,Periwinkles Atlantic (Cockles),215531,13209,0,0
1966,Plaice American (Dab),870086,47936,0,0
1966,Pollock,1277931,59635,0,0
1966,Redfish Acadian Ocean Perch,65082169,2678683,0,0
1966,Salmon Atlantic,292,236,0,0
1966,Sandworms,796196,509018,0,0
1966,Scallop Sea,2661477,181155,0,0
1966,Sea Urchins Green,142995,4193,0,0
1966,Seaweed Unc,2440000,45002,0,0
1966,Shark Dogfish,572394,3510,0,0
1966,Shrimp Northern,3831207,541669,0,0
1966,Wolffish Atlantic,11731,382,0,0
1966,Yellow Eel,48700,9740,0,0
1967,Alewife,1617400,48522,0,0
1967,Bloodworms,748110,834826,0,0
1967,Clam Soft,15563424,1478777,0,0
1967,Cod Atlantic,3495513,187564,0,0
1967,Crab Unc,1678413,75623,0,0
1967,Cusk,193685,11493,0,0
1967,Flounder Atlantic Witch (Gray Sole),528603,50649,0,0
1967,Flounder Winter,103119,5980,0,0
1967,Flounder Yellowtail,77850,6189,0,0
1967,Haddock,2350353,214500,0,0
1967,Hake Silver (Whiting),20678605,503128,0,0
1967,Hake White,1411972,60625,0,0
1967,Halibut Atlantic,99735,40007,0,0
1967,Herring Atlantic,64599660,1537697,0,0
1967,Lobster American,16489196,13597869,0,0
1967,Mackerel Atlantic,352683,15754,0,0
1967,Mussel Blue Sea,2172320,31473,0,0
1967,Oysters,61828,4432,0,0
1967,Periwinkles Atlantic (Cockles),225797,13596,0,0
1967,Plaice American (Dab),753075,45872,0,0
1967,Pollock,1095055,54723,0,0
1967,Redfish Acadian Ocean Perch,62153765,2408184,0,0
1967,Salmon Atlantic,232,211,0,0
1967,Sandworms,706435,492384,0,0
1967,Scallop Sea,1568581,150511,0,0
1967,Sea Urchins Green,110565,2908,0,0
1967,Seaweed Unc,3180000,55650,0,0
1967,Shark Dogfish,180984,1060,0,0
1967,Shrimp Northern,6925058,864974,0,0
1967,Wolffish Atlantic,14290,573,0,0
1967,Yellow Eel,48647,9439,0,0
1968,Alewife,2249400,44988,0,0
1968,Bloodworms,831551,1049581,0,0
1968,Clam Northern Quahog / Hard,5873,668,0,0
1968,Clam Soft,16326717,1388102,0,0
1968,Cod Atlantic,5036606,235179,0,0
1968,Crab Unc,1452647,77275,0,0
1968,Cusk,130601,7421,0,0
1968,Flounder Atlantic Witch (Gray Sole),800784,73933,0,0
1968,Flounder Winter,60000,3358,0,0
1968,Flounder Yellowtail,13040,915,0,0
1968,Haddock,1790450,189461,0,0
1968,Hake Silver (Whiting),28809976,813398,0,0
1968,Hake White,1255448,53440,0,0
1968,Halibut Atlantic,64395,25963,0,0
1968,Herring Atlantic,59703321,1668443,0,0
1968,Lobster American,20501732,14931671,0,0
1968,Mackerel Atlantic,387757,17128,0,0
1968,Mussel Blue Sea,2281896,30978,0,0
1968,Oysters,5368,470,0,0
1968,Periwinkles Atlantic (Cockles),186057,11240,0,0
1968,Plaice American (Dab),560531,31627,0,0
1968,Pollock,1504416,58103,0,0
1968,Redfish Acadian Ocean Perch,57749811,2240153,0,0
1968,Salmon Atlantic,61,61,0,0
1968,Sandworms,695828,533358,0,0
1968,Scallop Sea,1827577,217345,0,0
1968,Sea Urchins Green,82700,3180,0,0
1968,Seaweed Unc,5100000,153000,0,0
1968,Shrimp Northern,14363251,1589973,0,0
1968,Wolffish Atlantic,14247,451,0,0
1968,Yellow Eel,65520,14248,0,0
1969,Alewife,1768000,35360,0,0
1969,Bloodworms,782002,999787,0,0
1969,Clam Northern Quahog / Hard,67207,9762,0,0
1969,Clam Soft,20261098,1752149,0,0
1969,Cod Atlantic,4616709,237851,0,0
1969,Crab Unc,1185061,66460,0,0
1969,Cusk,135042,8108,0,0
1969,Flounder Atlantic Witch (Gray Sole),446782,35898,0,0
1969,Flounder Winter,95766,6836,0,0
1969,Flounder Yellowtail,76375,8221,0,0
1969,Haddock,982248,138945,0,0
1969,Hake Silver (Whiting),17889677,801872,0,0
1969,Hake White,1048131,46547,0,0
1969,Halibut Atlantic,52503,21450,0,0
1969,Herring Atlantic,54213635,967657,0,0
1969,Lobster American,19834780,16046829,0,0
1969,Mackerel Atlantic,248598,11658,0,0
1969,Mussel Blue Sea,2068170,28625,0,0
1969,Periwinkles Atlantic (Cockles),179489,9455,0,0
1969,Plaice American (Dab),353928,23445,0,0
1969,Pollock,1212223,50209,0,0
1969,Redfish Acadian Ocean Perch,50752394,2151758,0,0
1969,Salmon Atlantic,18,18,0,0
1969,Sandworms,672860,523836,0,0
1969,Scallop Sea,1264960,154913,0,0
1969,Sea Urchins Green,80972,5700,0,0
1969,Shrimp Northern,24235340,3044948,0,0
1969,Wolffish Atlantic,14404,487,0,0
1969,Yellow Eel,37926,7964,0,0
1970,Alewife,1622800,32456,0,0
1970,Bloodworms,845404,1215772,0,0
1970,Clam Northern Quahog / Hard,60846,9367,0,0
1970,Clam Soft,25766880,2497362,0,0
1970,Cod Atlantic,5426597,356915,0,0
1970,Crab Unc,1571140,89651,0,0
1970,Cusk,265796,19389,0,0
1970,Flounder Atlantic Witch (Gray Sole),445728,41863,0,0
1970,Flounder Winter,301033,21314,0,0
1970,Flounder Yellowtail,155067,13317,0,0
1970,Haddock,1012883,183829,0,0
1970,Hake Silver (Whiting),14837350,1184193,0,0
1970,Hake White,1410798,74913,0,0
1970,Halibut Atlantic,51660,25004,0,0
1970,Herring Atlantic,36593185,653114,0,0
1970,Lobster American,18172269,17201501,0,0
1970,Mackerel Atlantic,481500,21595,0,0
1970,Mussel Blue Sea,1764551,64431,0,0
1970,Periwinkles Atlantic (Cockles),165053,9608,0,0
1970,Plaice American (Dab),721256,64119,0,0
1970,Pollock,810966,49378,0,0
1970,Redfish Acadian Ocean Perch,46688234,2273971,0,0
1970,Salmon Atlantic,182,182,0,0
1970,Sandworms,746931,621474,0,0
1970,Scallop Sea,1498359,215875,0,0
1970,Sea Urchins Green,60200,3512,0,0
1970,Seaweed Unc,2537500,76125,0,0
1970,Shrimp Northern,17003828,3511198,0,0
1970,Wolffish Atlantic,18815,777,0,0
1970,Yellow Eel,37600,8688,0,0
1971,Alewife,1953600,39072,0,0
1971,Bloodworms,808186,1381676,0,0
1971,Clam Northern Quahog / Hard,48026,7994,0,0
1971,Clam Soft,25724339,2694244,0,0
1971,Cod Atlantic,4379488,335212,0,0
1971,Crab Unc,789765,52326,0,0
1971,Cusk,309325,23480,0,0
1971,Flounder Atlantic Witch (Gray Sole),514214,56782,0,0
1971,Flounder Winter,146780,11726,0,0
1971,Flounder Yellowtail,86457,8776,0,0
1971,Haddock,820721,179384,0,0
1971,Hake Silver (Whiting),9900355,479651,0,0
1971,Hake White,1945544,105790,0,0
1971,Halibut Atlantic,77031,36737,0,0
1971,Herring Atlantic,28570370,687346,0,0
1971,Lobster American,17558351,17481291,0,0
1971,Mackerel Atlantic,224691,14192,0,0
1971,Mussel Blue Sea,880219,35051,0,0
1971,Periwinkles Atlantic (Cockles),118478,15004,0,0
1971,Plaice American (Dab),509631,48701,0,0
1971,Pollock,890268,55369,0,0
1971,Redfish Acadian Ocean Perch,46629942,2347169,0,0
1971,Sandworms,752880,674296,0,0
1971,Scallop Sea,3225018,563859,0,0
1971,Sea Urchins Green,52105,4225,0,0
1971,Seaweed Unc,470000,14100,0,0
1971,Shrimp Northern,18419121,3670814,0,0
1971,Wolffish Atlantic,14572,609,0,0
1971,Yellow Eel,54300,15204,0,0
1972,Alewife,2216500,44330,0,0
1972,Bloodworms,703986,1325895,0,0
1972,Clam Northern Quahog / Hard,51466,7475,0,0
1972,Clam Soft,30094869,3708573,0,0
1972,Cod Atlantic,4432288,436649,0,0
1972,Crab Unc,753805,63020,0,0
1972,Cusk,431931,39076,0,0
1972,Flounder Atlantic Witch (Gray Sole),993178,147415,0,0
1972,Flounder Winter,281781,38317,0,0
1972,Flounder Yellowtail,276449,47546,0,0
1972,Haddock,491055,164784,0,0
1972,Hake Silver (Whiting),4094666,330938,0,0
1972,Hake White,2949425,176068,0,0
1972,Halibut Atlantic,74626,51175,0,0
1972,Herring Atlantic,44689750,1787072,0,0
1972,Lobster American,16256467,18587455,0,0
1972,Mackerel Atlantic,91895,14577,0,0
1972,Mussel Blue Sea,1645136,70826,0,0
1972,Periwinkles Atlantic (Cockles),123778,29952,0,0
1972,Plaice American (Dab),526817,67083,0,0
1972,Pollock,1325834,92823,0,0
1972,Redfish Acadian Ocean Perch,42747052,2267847,0,0
1972,Salmon Atlantic,100,100,0,0
1972,Sandworms,697158,625848,0,0
1972,Scallop Sea,8057976,1705110,0,0
1972,Sea Urchins Green,49610,3837,0,0
1972,Seaweed Unc,325000,8938,0,0
1972,Shrimp Northern,16568982,3231997,0,0
1972,Wolffish Atlantic,17831,956,0,0
1972,Yellow Eel,70210,24578,0,0
1973,Alewife,2691400,80742,0,0
1973,Bloodworms,803158,1744832,0,0
1973,Clam Northern Quahog / Hard,23409,2943,0,0
1973,Clam Soft,33082830,5264899,0,0
1973,Cod Atlantic,4034894,497687,0,0
1973,Crab Unc,1121197,109004,0,0
1973,Cusk,577701,61213,0,0
1973,Flounder Atlantic Witch (Gray Sole),1317975,268872,0,0
1973,Flounder Winter,209914,33353,0,0
1973,Flounder Yellowtail,120062,23190,0,0
1973,Haddock,351731,123630,0,0
1973,Hake Silver (Whiting),5517104,299263,0,0
1973,Hake White,2796605,191405,0,0
1973,Halibut Atlantic,60045,54084,0,0
1973,Herring Atlantic,37384405,1095072,0,0
1973,Lobster American,17044194,23269859,0,0
1973,Mackerel Atlantic,732905,461405,0,0
1973,Menhaden Atlantic,6935560,143693,0,0
1973,Mussel Blue Sea,2575406,116000,0,0
1973,Periwinkles Atlantic (Cockles),116172,28392,0,0
1973,Plaice American (Dab),770415,112628,0,0
1973,Pollock,2356724,187118,0,0
1973,Redfish Acadian Ocean Perch,36091575,2577955,0,0
1973,Salmon Atlantic,63,69,0,0
1973,Sandworms,953387,1060402,0,0
1973,Scallop Sea,6693763,1472120,0,0
1973,Sea Urchins Green,128398,9078,0,0
1973,Seaweed Unc,852000,26900,0,0
1973,Shrimp Northern,12073851,3555365,0,0
1973,Skates,3320,268,0,0
1973,Wolffish Atlantic,20245,1007,0,0
1973,Yellow Eel,79890,29555,0,0
1974,Alewife,3309500,99285,0,0
1974,Bloodworms,712262,1569823,0,0
1974,Clam Northern Quahog / Hard,1577,169,0,0
1974,Clam Soft,28926724,4510771,0,0
1974,Cod Atlantic,4003672,541414,0,0
1974,Crab Unc,963820,91902,0,0
1974,Cusk,632196,76498,0,0
1974,Flounder Atlantic Witch (Gray Sole),574513,144186,0,0
1974,Flounder Winter,239769,44821,0,0
1974,Flounder Yellowtail,197082,45079,0,0
1974,Haddock,228594,86661,0,0
1974,Hake Silver (Whiting),2868904,174647,0,0
1974,Hake White,3777792,265502,0,0
1974,Halibut Atlantic,47542,53626,0,0
1974,Herring Atlantic,47397980,1792546,0,0
1974,Lobster American,16457666,23212808,0,0
1974,Mackerel Atlantic,283602,33868,0,0
1974,Menhaden Atlantic,10148600,155089,0,0
1974,Mussel Blue Sea,1806802,82626,0,0
1974,Periwinkles Atlantic (Cockles),141605,31515,0,0
1974,Plaice American (Dab),721810,124186,0,0
1974,Pollock,3594008,328327,0,0
1974,Redfish Acadian Ocean Perch,30625696,2326496,0,0
1974,Salmon Atlantic,68,84,0,0
1974,Sandworms,822180,949956,0,0
1974,Scallop Sea,3709266,722672,0,0
1974,Sea Urchins Green,46725,3365,0,0
1974,Seaweed Unc,2736000,109440,0,0
1974,Shrimp Northern,9770732,3465764,0,0
1974,Skates,19490,1041,0,0
1974,Wolffish Atlantic,23305,1429,0,0
1974,Yellow Eel,79524,32318,0,0
1975,Alewife,3768300,150732,0,0
1975,Bloodworms,808903,1779266,0,0
1975,Clam Northern Quahog / Hard,62536,16395,0,0
1975,Clam Soft,32081461,5692252,0,0
1975,Cod Atlantic,5594578,910725,0,0
1975,Crab Unc,1271164,676706,0,0
1975,Cusk,801263,104463,0,0
1975,Flounder Atlantic Witch (Gray Sole),770680,257528,0,0
1975,Flounder Winter,531962,125799,0,0
1975,Flounder Yellowtail,324621,104067,0,0
1975,Haddock,775961,276377,0,0
1975,Hake Silver (Whiting),1198352,72443,0,0
1975,Hake White,3401818,365243,0,0
1975,Halibut Atlantic,45220,47911,0,0
1975,Herring Atlantic,38247475,1422695,0,0
1975,Lobster American,16515588,26520134,0,0
1975,Mackerel Atlantic,144759,21571,0,0
1975,Menhaden Atlantic,13958267,195416,0,0
1975,Mussel Blue Sea,3588348,198036,0,0
1975,Periwinkles Atlantic (Cockles),134603,29928,0,0
1975,Plaice American (Dab),1083578,243459,0,0
1975,Pollock,5916759,547344,0,0
1975,Redfish Acadian Ocean Perch,21513940,1979323,0,0
1975,Salmon Atlantic,269,342,0,0
1975,Sandworms,748376,862854,0,0
1975,Scallop Sea,13280852,3020035,0,0
1975,Sea Urchins Green,41973,2752,0,0
1975,Seaweed Unc,2330000,93200,0,0
1975,Shrimp Northern,7004288,1937652,0,0
1975,Skates,32869,2413,0,0
1975,Wolffish Atlantic,29296,2091,0,0
1975,Yellow Eel,154836,82380,0,0
1976,Alewife,3394600,101838,0,0
1976,Bloodworms,532401,1255852,0,0
1976,Clam Northern Quahog / Hard,20840,5460,0,0
1976,Clam Soft,36104655,7489339,0,0
1976,Cod Atlantic,6366673,1429263,0,0
1976,Crab Unc,1143725,101525,0,0
1976,Cusk,862122,146919,0,0
1976,Flounder Atlantic Witch (Gray Sole),851902,391584,0,0
1976,Flounder Winter,388016,107670,0,0
1976,Flounder Yellowtail,314450,120892,0,0
1976,Haddock,1536968,733125,0,0
1976,Hake Silver (Whiting),407554,28620,0,0
1976,Hake White,4122316,600777,0,0
1976,Halibut Atlantic,48109,50006,0,0
1976,Herring Atlantic,70233465,3053366,0,0
1976,Lobster American,19001053,29238371,0,0
1976,Mackerel Atlantic,404563,81102,0,0
1976,Menhaden Atlantic,17552625,299775,0,0
1976,Mussel Blue Sea,7050717,344424,0,0
1976,Periwinkles Atlantic (Cockles),159957,35770,0,0
1976,Plaice American (Dab),2055967,606331,0,0
1976,Pollock,7717166,874133,0,0
1976,Redfish Acadian Ocean Perch,20783285,2603614,0,0
1976,Salmon Atlantic,43,69,0,0
1976,Sandworms,697865,812318,0,0
1976,Scallop Sea,5243352,1351808,0,0
1976,Sea Urchins Green,36094,2234,0,0
1976,Seaweed Unc,4000000,160000,0,0
1976,Shark Dogfish,944316,39305,0,0
1976,Shrimp Northern,1360650,487812,0,0
1976,Skates,79853,10607,0,0
1976,Wolffish Atlantic,47883,4238,0,0
1976,Yellow Eel,191025,93665,0,0
1977,Alewife,3373500,134940,0,0
1977,Bloodworms,396652,1313987,0,0
1977,Clam Northern Quahog / Hard,10364,3220,0,0
1977,Clam Soft,38391657,9271544,0,0
1977,Cod Atlantic,9125373,1974989,0,0
1977,Crab Unc,1433596,142106,0,0
1977,Cusk,999660,162428,0,0
1977,Flounder Atlantic Witch (Gray Sole),1694181,848070,0,0
1977,Flounder Winter,427640,123889,0,0
1977,Flounder Yellowtail,331117,132500,0,0
1977,Haddock,2249642,960036,0,0
1977,Hake Silver (Whiting),254960,17020,0,0
1977,Hake White,4883137,739655,0,0
1977,Halibut Atlantic,46401,67564,0,0
1977,Herring Atlantic,73049915,3545465,0,0
1977,Lobster American,18487138,32101423,0,0
1977,Mackerel Atlantic,330366,77963,0,0
1977,Menhaden Atlantic,3289978,71062,0,0
1977,Mussel Blue Sea,12380527,680309,0,0
1977,Periwinkles Atlantic (Cockles),81465,17767,0,0
1977,Plaice American (Dab),5819200,1765599,0,0
1977,Pollock,10685179,1405744,0,0
1977,Redfish Acadian Ocean Perch,20803492,3140644,0,0
1977,Salmon Atlantic,70,100,0,0
1977,Sandworms,737638,1000432,0,0
1977,Scallop Sea,3288359,754823,0,0
1977,Sea Urchins Green,57402,7328,0,0
1977,Seaweed Unc,2069440,109378,0,0
1977,Shark Dogfish,1747701,72851,0,0
1977,Shrimp Northern,326178,161887,0,0
1977,Skates,138083,17437,0,0
1977,Wolffish Atlantic,47512,4390,0,0
1978,Alewife,2780800,139040,0,0
1978,Bloodworms,367783,1164688,0,0
1978,Clam Northern Quahog / Hard,6872,2600,0,0
1978,Clam Soft,29435447,7469611,0,0
1978,Cod Atlantic,10886020,2263753,0,0
1978,Crab Unc,1510374,180474,0,0
1978,Cusk,1340754,228278,0,0
1978,Flounder Atlantic Witch (Gray Sole),3045905,1564035,0,0
1978,Flounder Winter,722865,263170,0,0
1978,Flounder Yellowtail,509436,212639,0,0
1978,Haddock,4638405,1603485,0,0
1978,Hake Silver (Whiting),1161794,109255,0,0
1978,Hake White,5012776,904959,0,0
1978,Halibut Atlantic,74726,106879,0,0
1978,Herring Atlantic,66895150,3781612,0,0
1978,Lobster American,19130459,33878376,0,0
1978,Mackerel Atlantic,483958,97072,0,0
1978,Menhaden Atlantic,6959870,173996,0,0
1978,Mussel Blue Sea,16381730,670468,0,0
1978,Periwinkles Atlantic (Cockles),28861,6782,0,0
1978,Plaice American (Dab),8338002,3123725,0,0
1978,Pollock,15466479,2445942,0,0
1978,Redfish Acadian Ocean Perch,22453627,3743286,0,0
1978,Salmon Atlantic,474,1115,0,0
1978,Sandworms,748428,1075409,0,0
1978,Scallop Sea,7556435,2243066,0,0
1978,Sea Urchins Green,7974,859,0,0
1978,Seaweed Unc,1215924,85899,0,0
1978,Shark Dogfish,1426264,71721,0,0
1978,Shrimp Northern,125,12,0,0
1978,Skates,191680,24552,0,0
1978,Wolffish Atlantic,128771,12481,0,0
1979,Alewife,2647600,132380,0,0
1979,Bloodworms,440092,1434258,0,0
1979,Clam Northern Quahog / Hard,4544,2200,0,0
1979,Clam Soft,25447234,7507899,0,0
1979,Cod Atlantic,10330200,2591490,0,0
1979,Crab Unc,1344179,213616,0,0
1979,Cusk,1465739,285886,0,0
1979,Flounder Atlantic Witch (Gray Sole),2656928,1524651,0,0
1979,Flounder Winter,985664,312219,0,0
1979,Flounder Yellowtail,430521,168008,0,0
1979,Haddock,6246956,2591997,0,0
1979,Hake Silver (Whiting),143231,15328,0,0
1979,Hake White,3954716,719218,0,0
1979,Halibut Atlantic,88574,145954,0,0
1979,Herring Atlantic,89375145,4583641,0,0
1979,Lobster American,22133235,39900632,0,0
1979,Mackerel Atlantic,333957,84339,0,0
1979,Menhaden Atlantic,30005240,759979,0,0
1979,Mussel Blue Sea,17582766,716128,0,0
1979,Periwinkles Atlantic (Cockles),30791,7451,0,0
1979,Plaice American (Dab),11644502,4172117,0,0
1979,Pollock,13139499,2304685,0,0
1979,Redfish Acadian Ocean Perch,17836557,3534320,0,0
1979,Salmon Atlantic,145,77,0,0
1979,Sandworms,744400,1109292,0,0
1979,Scallop Sea,9693163,3878413,0,0
1979,Sea Urchins Green,3008,306,0,0
1979,Seaweed Unc,890000,51400,0,0
1979,Shark Dogfish,2313843,150782,0,0
1979,Shrimp Northern,72424,50880,0,0
1979,Skates,399195,63628,0,0
1979,Wolffish Atlantic,173518,19611,0,0
1979,Yellow Eel,111206,89214,0,0
1980,Alewife,2644300,158658,0,0
1980,Bloodworms,461683,1404222,0,0
1980,Clam Northern Quahog / Hard,4130,1750,0,0
1980,Clam Soft,27703924,8518278,0,0
1980,Cod Atlantic,11441058,2659426,0,0
1980,Crab Unc,1275695,248401,0,0
1980,Cusk,1607704,294792,0,0
1980,Flounder Atlantic Witch (Gray Sole),3597952,1909949,0,0
1980,Flounder Winter,1248822,387422,0,0
1980,Flounder Yellowtail,644713,223110,0,0
1980,Haddock,7124909,2911847,0,0
1980,Hake Silver (Whiting),545302,61499,0,0
1980,Hake White,4489245,852251,0,0
1980,Halibut Atlantic,70931,111481,0,0
1980,Herring Atlantic,107823120,5976744,0,0
1980,Lobster American,21986894,41729114,0,0
1980,Mackerel Atlantic,544472,78971,0,0
1980,Menhaden Atlantic,18805780,450475,0,0
1980,Mussel Blue Sea,13662807,546415,0,0
1980,Periwinkles Atlantic (Cockles),97570,28090,0,0
1980,Plaice American (Dab),14633889,4943565,0,0
1980,Pollock,13512109,2247223,0,0
1980,Redfish Acadian Ocean Perch,13782328,3029682,0,0
1980,Salmon Atlantic,126,149,0,0
1980,Sandworms,725058,1094535,0,0
1980,Scallop Sea,26785390,10685857,0,0
1980,Sea Urchins Green,33300,2391,0,0
1980,Seaweed Unc,1010000,60600,0,0
1980,Shark Dogfish,1364752,93474,0,0
1980,Shrimp Northern,153419,126096,0,0
1980,Skates,435412,65779,0,0
1980,Wolffish Atlantic,358116,37444,0,0
1980,Yellow Eel,105463,111061,0,0
1981,Alewife,232700,16289,0,0
1981,Bloodworms,437004,1394341,0,0
1981,Clam Northern Quahog / Hard,1652,650,0,0
1981,Clam Soft,25428638,8409568,0,0
1981,Cod Atlantic,10146371,3169504,0,0
1981,Crab Unc,987966,188733,0,0
1981,Cusk,1534456,345903,0,0
1981,Flounder Atlantic Witch (Gray Sole),3965413,2392313,0,0
1981,Flounder Winter,1474293,535981,0,0
1981,Flounder Yellowtail,514529,203090,0,0
1981,Haddock,8181603,3695665,0,0
1981,Hake Silver (Whiting),2823127,329513,0,0
1981,Hake White,8257213,1335411,0,0
1981,Halibut Atlantic,62261,97220,0,0
1981,Herring Atlantic,114592828,6435366,0,0
1981,Lobster American,22631614,47236923,0,0
1981,Mackerel Atlantic,395106,71227,0,0
1981,Menhaden Atlantic,12264062,292475,0,0
1981,Mussel Blue Sea,17299359,799906,0,0
1981,Periwinkles Atlantic (Cockles),338266,111716,0,0
1981,Plaice American (Dab),13616540,5853803,0,0
1981,Pollock,13712517,2882458,0,0
1981,Redfish Acadian Ocean Perch,9162560,2421858,0,0
1981,Salmon Atlantic,30,90,0,0
1981,Sandworms,744596,1235706,0,0
1981,Scallop Sea,31767996,15245802,0,0
1981,Sea Urchins Green,3656,420,0,0
1981,Seaweed Unc,560000,35000,0,0
1981,Shark Dogfish,1137960,108858,0,0
1981,Shrimp Northern,1165654,843245,0,0
1981,Skates,333304,52555,0,0
1981,Wolffish Atlantic,338754,48834,0,0
1981,Yellow Eel,55125,45308,0,0
1982,Alewife,1390200,97314,0,0
1982,Bloodworms,656696,1962712,0,0
1982,Clam Soft,20857693,6394045,0,0
1982,Cod Atlantic,12251802,3658222,0,0
1982,Crab Unc,1802225,345681,0,0
1982,Cusk,1808153,374515,0,0
1982,Flounder Atlantic Witch (Gray Sole),5764095,3176799,0,0
1982,Flounder Winter,1979543,692792,0,0
1982,Flounder Yellowtail,485800,164991,0,0
1982,Haddock,8249162,4581736,0,0
1982,Hake Silver (Whiting),1919736,258326,0,0
1982,Hake White,9375232,1248403,0,0
1982,Halibut Atlantic,88145,142583,0,0
1982,Herring Atlantic,51160800,2758156,0,0
1982,Lobster American,22730253,50343596,0,0
1982,Mackerel Atlantic,412451,82087,0,0
1982,Menhaden Atlantic,47894630,968487,0,0
1982,Mussel Blue Sea,16987583,834781,0,0
1982,Periwinkles Atlantic (Cockles),147647,48850,0,0
1982,Plaice American (Dab),16032135,7037494,0,0
1982,Pollock,12005873,2183236,0,0
1982,Redfish Acadian Ocean Perch,10496030,2750801,0,0
1982,Sandworms,779869,1248808,0,0
1982,Scallop Sea,13308133,6295185,0,0
1982,Shark Dogfish,622885,65234,0,0
1982,Shrimp Northern,1946696,1301828,0,0
1982,Skates,385758,49783,0,0
1982,Wolffish Atlantic,628627,85887,0,0
1982,Yellow Eel,45051,36637,0,0
1983,Alewife,1035400,82832,0,0
1983,Bloodworms,580519,2463415,0,0
1983,Clam Soft,20315341,7249306,0,0
1983,Cod Atlantic,12083116,3736262,0,0
1983,Crab Unc,2042635,445953,0,0
1983,Cusk,2194165,458018,0,0
1983,Flounder Atlantic Witch (Gray Sole),7805623,4562365,0,0
1983,Flounder Winter,1493995,496350,0,0
1983,Flounder Yellowtail,391760,130605,0,0
1983,Haddock,9000790,5187106,0,0
1983,Hake Silver (Whiting),2316849,327782,0,0
1983,Hake White,9461638,1313574,0,0
1983,Halibut Atlantic,88497,168610,0,0
1983,Herring Atlantic,40036938,2171224,0,0
1983,Lobster American,21976555,51234291,0,0
1983,Mackerel Atlantic,435638,66134,0,0
1983,Menhaden Atlantic,42448063,845981,0,0
1983,Mussel Blue Sea,26075271,1407883,0,0
1983,Periwinkles Atlantic (Cockles),179890,71087,0,0
1983,Plaice American (Dab),12244414,5971663,0,0
1983,Pollock,11113324,1724382,0,0
1983,Redfish Acadian Ocean Perch,8314470,2094220,0,0
1983,Sandworms,725992,1167041,0,0
1983,Scallop Sea,16455590,10881368,0,0
1983,Shark Dogfish,496093,18755,0,0
1983,Shrimp Northern,2268797,1680919,0,0
1983,Skates,570452,47504,0,0
1983,Wolffish Atlantic,724235,95378,0,0
1983,Yellow Eel,11900,8925,0,0
1984,Alewife,817500,57225,0,0
1984,Bloodworms,555789,1878826,0,0
1984,Clam Ocean Quahog,3861,364,0,0
1984,Clam Soft,25511924,11606099,0,0
1984,Cod Atlantic,11794465,3943350,0,0
1984,Crab Unc,2330960,481853,0,0
1984,Cusk,1825810,420284,0,0
1984,Flounder Atlantic Witch (Gray Sole),6408619,4523090,0,0
1984,Flounder Winter,948747,405479,0,0
1984,Flounder Yellowtail,187346,70322,0,0
1984,Haddock,4823607,3336271,0,0
1984,Hake Silver (Whiting),3623839,322564,0,0
1984,Hake White,8547696,1207257,0,0
1984,Halibut Atlantic,123168,236014,0,0
1984,Herring Atlantic,44960437,2449934,0,0
1984,Lobster American,19545682,49298135,0,0
1984,Mackerel Atlantic,159969,30388,0,0
1984,Menhaden Atlantic,17805930,401679,0,0
1984,Mussel Blue Sea,28267404,1668413,0,0
1984,Periwinkles Atlantic (Cockles),77745,28034,0,0
1984,Plaice American (Dab),8295110,5059507,0,0
1984,Pollock,14512747,2025078,0,0
1984,Redfish Acadian Ocean Perch,6788672,1952804,0,0
1984,Sandworms,664040,1069135,0,0
1984,Scallop Sea,13433399,9436604,0,0
1984,Sea Urchins Green,50790,4056,0,0
1984,Shark Dogfish,1246520,84529,0,0
1984,Shrimp Northern,5654203,2783600,0,0
1984,Skates,508750,30570,0,0
1984,Wolffish Atlantic,668389,93377,0,0
1985,Alewife,1344900,107592,0,0
1985,Bloodworms,550559,1882636,0,0
1985,Clam Soft,23295683,12132260,0,0
1985,Cod Atlantic,10352939,4095390,0,0
1985,Crab Unc,2321353,438486,0,0
1985,Cusk,2528135,737097,0,0
1985,Flounder Atlantic Witch (Gray Sole),5739037,4718782,0,0
1985,Flounder Winter,733384,418926,0,0
1985,Flounder Yellowtail,6049507,3355430,0,0
1985,Haddock,1860854,1841131,0,0
1985,Hake Silver (Whiting),2492602,276198,0,0
1985,Hake White,7021024,1366563,0,0
1985,Halibut Atlantic,94410,195554,0,0
1985,Herring Atlantic,32120729,1905771,0,0
1985,Lobster American,20125177,45035558,0,0
1985,Mackerel Atlantic,633985,76089,0,0
1985,Menhaden Atlantic,33192713,677403,0,0
1985,Mussel Blue Sea,35687300,2079349,0,0
1985,Periwinkles Atlantic (Cockles),36742,16520,0,0
1985,Plaice American (Dab),7182743,5216387,0,0
1985,Pollock,12387232,1701591,0,0
1985,Redfish Acadian Ocean Perch,4015440,1235712,0,0
1985,Salmon Atlantic,29,24,0,0
1985,Sandworms,634370,1021061,0,0
1985,Scallop Sea,6762136,4523790,0,0
1985,Shark Dogfish,903357,57594,0,0
1985,Shrimp Northern,6518815,2917464,0,0
1985,Skates,318445,13616,0,0
1985,Wolffish Atlantic,621236,104618,0,0
1985,Yellow Eel,24100,18228,0,0
1986,Alewife,1010000,70700,0,0
1986,Bloodworms,530454,2087210,0,0
1986,Clam Ocean Quahog,11301100,2398465,0,0
1986,Clam Soft,18501596,11046789,0,0
1986,Cod Atlantic,10154740,5526283,0,0
1986,Crab Unc,1862525,383215,0,0
1986,Cusk,1671764,755360,0,0
1986,Flounder Atlantic Witch (Gray Sole),4516184,4647392,0,0
1986,Flounder Winter,648922,512498,0,0
1986,Flounder Yellowtail,5067254,3511123,0,0
1986,Haddock,1147093,1291594,0,0
1986,Hake Silver (Whiting),1930305,351825,0,0
1986,Hake White,6052254,2140210,0,0
1986,Halibut Atlantic,82659,195202,0,0
1986,Herring Atlantic,43644838,2440200,0,0
1986,Lobster American,19704317,46171224,0,0
1986,Mackerel Atlantic,333442,90190,0,0
1986,Menhaden Atlantic,22614500,380826,0,0
1986,Mussel Blue Sea,36573291,2306662,0,0
1986,Oysters,130536,169361,0,0
1986,Periwinkles Atlantic (Cockles),13344,5012,0,0
1986,Plaice American (Dab),6024720,4998675,0,0
1986,Pollock,10947351,2798608,0,0
1986,Redfish Acadian Ocean Perch,1712677,766336,0,0
1986,Sandworms,533487,924448,0,0
1986,Scallop Sea,6005588,4160510,0,0
1986,Shark Dogfish,769712,42309,0,0
1986,Shrimp Northern,7511716,4801995,0,0
1986,Skates,237181,14321,0,0
1986,Wolffish Atlantic,915751,227648,0,0
1986,Yellow Eel,16703,13219,0,0
1987,Alewife,791700,55419,0,0
1987,Bloodworms,542142,2404139,0,0
1987,Clam Northern Quahog / Hard,1555223,508303,0,0
1987,Clam Ocean Quahog,8324732,2331780,0,0
1987,Clam Soft,13213036,8214291,0,0
1987,Cod Atlantic,9935134,6989634,0,0
1987,Crab Unc,3303457,693737,0,0
1987,Cusk,1296544,712653,0,0
1987,Flounder Atlantic Witch (Gray Sole),4966267,7054626,0,0
1987,Flounder Winter,536593,606045,0,0
1987,Flounder Yellowtail,3206000,2529396,0,0
1987,Haddock,736904,1001689,0,0
1987,Hake Silver (Whiting),1281274,341000,0,0
1987,Hake White,6665833,2879256,0,0
1987,Halibut Atlantic,55331,158241,0,0
1987,Herring Atlantic,45158678,2551476,0,0
1987,Lobster American,19747766,54548137,0,0
1987,Mackerel Atlantic,315015,76130,0,0
1987,Menhaden Atlantic,18668660,347500,0,0
1987,Mussel Blue Sea,33062636,1940673,0,0
1987,Oysters,953645,326132,0,0
1987,Periwinkles Atlantic (Cockles),782930,194254,0,0
1987,Plaice American (Dab),6508738,6516725,0,0
1987,Pollock,15560632,6216374,0,0
1987,Redfish Acadian Ocean Perch,1554720,1051956,0,0
1987,Sandworms,498744,970462,0,0
1987,Scallop Sea,10320137,5950167,0,0
1987,Sea Urchins Green,1440161,236391,0,0
1987,Shark Dogfish,597510,71879,0,0
1987,Shrimp Northern,7791485,8887484,0,0
1987,Skates,372403,25427,0,0
1987,Wolffish Atlantic,738281,284738,0,0
1987,Yellow Eel,13288,13700,0,0
1988,Alewife,662830,53026,0,0
1988,Bloodworms,400139,1932865,0,0
1988,Clam Northern Quahog / Hard,5700,2411,0,0
1988,Clam Ocean Quahog,7990888,1839641,0,0
1988,Clam Soft,11324473,7423976,0,0
1988,Cod Atlantic,8104717,4033956,0,0
1988,Crab Unc,3120498,667531,0,0
1988,Cusk,1038705,466426,0,0
1988,Flounder Atlantic Witch (Gray Sole),4529322,6486707,0,0
1988,Flounder Winter,617248,664965,0,0
1988,Flounder Yellowtail,1909927,1591535,0,0
1988,Haddock,399551,500611,0,0
1988,Hake Silver (Whiting),2142467,416783,0,0
1988,Hake White,5942661,1692062,0,0
1988,Halibut Atlantic,125374,280167,0,0
1988,Herring Atlantic,36443512,2368897,0,0
1988,Lobster American,21739067,60742438,0,0
1988,Mackerel Atlantic,1154843,251898,0,0
1988,Menhaden Atlantic,19687805,411669,0,0
1988,Mussel Blue Sea,30618137,1848601,0,0
1988,Oysters,1294072,547768,0,0
1988,Periwinkles Atlantic (Cockles),1486618,379571,0,0
1988,Plaice American (Dab),5795825,5585425,0,0
1988,Pollock,9774556,3502810,0,0
1988,Redfish Acadian Ocean Perch,869561,538941,0,0
1988,Sandworms,458463,916942,0,0
1988,Scallop Sea,10918423,5285634,0,0
1988,Sea Urchins Green,6221604,1758805,0,0
1988,Shark Dogfish,481509,59734,0,0
1988,Shrimp Northern,5009646,5677376,0,0
1988,Skates,180516,12123,0,0
1988,Wolffish Atlantic,712346,190255,0,0
1989,Alewife,803500,72315,0,0
1989,Bloodworms,447059,2233164,0,0
1989,Clam Ocean Quahog,5007142,1652571,0,0
1989,Clam Soft,12332962,8437650,0,0
1989,Cod Atlantic,12395874,7253087,0,0
1989,Crab Unc,3433600,839926,0,0
1989,Cusk,939618,456563,0,0
1989,Flounder Atlantic Witch (Gray Sole),2707633,4834498,0,0
1989,Flounder Winter,518292,585650,0,0
1989,Flounder Yellowtail,831374,719089,0,0
1989,Haddock,323371,421002,0,0
1989,Hake Silver (Whiting),758046,218462,0,0
1989,Hake White,6895770,2634867,0,0
1989,Halibut Atlantic,40219,106312,0,0
1989,Herring Atlantic,34446305,1882496,0,0
1989,Lobster American,23368719,59552211,0,0
1989,Mackerel Atlantic,2706923,604503,0,0
1989,Menhaden Atlantic,380619,9231,0,0
1989,Mussel Blue Sea,23946685,1408491,0,0
1989,Oysters,1353787,863774,0,0
1989,Periwinkles Atlantic (Cockles),3827560,1343318,0,0
1989,Plaice American (Dab),4969719,5332464,0,0
1989,Pollock,6140953,2835515,0,0
1989,Redfish Acadian Ocean Perch,640561,405865,0,0
1989,Sandworms,476262,1009749,0,0
1989,Scallop Sea,11691380,6109926,0,0
1989,Sea Urchins Green,9425926,3608475,0,0
1989,Seaweed Unc,6562884,328144,0,0
1989,Shark Dogfish,4879542,430376,0,0
1989,Shrimp Northern,5605200,5597595,0,0
1989,Skates,220051,15869,0,0
1989,Wolffish Atlantic,420390,137747,0,0
1989,Yellow Eel,27900,29247,0,0
1990,Alewife,783314,77085,0,0
1990,Bloodworms,493821,2685408,0,0
1990,Clam Northern Quahog / Hard,10436,3082,0,0
1990,Clam Ocean Quahog,4649413,1524103,0,0
1990,Clam Soft,12318086,8850690,0,0
1990,Cod Atlantic,15276501,9388134,0,0
1990,Crab Unc,3596796,831615,0,0
1990,Cucumber Sea,6300,1100,0,0
1990,Cusk,932328,442127,0,0
1990,Flounder Atlantic Witch (Gray Sole),1330245,2679626,0,0
1990,Flounder Winter,361636,341216,0,0
1990,Flounder Yellowtail,186255,137320,0,0
1990,Haddock,382216,447319,0,0
1990,Hake Silver (Whiting),263857,55510,0,0
1990,Hake White,6054763,2353063,0,0
1990,Halibut Atlantic,20503,49830,0,0
1990,Herring Atlantic,49391482,2665381,0,0
1990,Lobster American,28068238,61627973,0,0
1990,Mackerel Atlantic,1860026,408001,0,0
1990,Menhaden Atlantic,5744597,484590,0,0
1990,Mussel Blue Sea,16329623,865895,0,0
1990,Oysters,4825762,1736264,0,0
1990,Periwinkles Atlantic (Cockles),1446794,550119,0,0
1990,Plaice American (Dab),2754265,2960902,0,0
1990,Pollock,5664213,2907161,0,0
1990,Redfish Acadian Ocean Perch,586400,315906,0,0
1990,Salmon Atlantic,4589809,16064331,0,0
1990,Sandworms,510669,1239837,0,0
1990,Scallop Sea,10960389,5977003,0,0
1990,Sea Urchins Green,13458662,6045618,0,0
1990,Seaweed Unc,144517,10679,0,0
1990,Shark Dogfish,6365985,745060,0,0
1990,Shrimp Northern,6530201,4828693,0,0
1990,Skates,103765,7971,0,0
1990,Wolffish Atlantic,246231,85306,0,0
1990,Yellow Eel,66164,86320,0,0
1991,Alewife,429857,40575,0,0
1991,Bloodworms,483428,2456587,0,0
1991,Clam Northern Quahog / Hard,331,111,0,0
1991,Clam Ocean Quahog,3004765,1493320,0,0
1991,Clam Soft,7242180,4784092,0,0
1991,Cod Atlantic,21179886,16285661,0,0
1991,Crab Unc,2968451,687576,0,0
1991,Cucumber Sea,709,410,0,0
1991,Cusk,1228670,673464,0,0
1991,Flounder Atlantic Witch (Gray Sole),1702662,3036939,0,0
1991,Flounder Winter,367539,373026,0,0
1991,Flounder Yellowtail,174925,158147,0,0
1991,Haddock,426028,552690,0,0
1991,Hake Silver (Whiting),126840,44368,0,0
1991,Hake White,7231907,3257998,0,0
1991,Halibut Atlantic,43438,111013,0,0
1991,Herring Atlantic,53630630,3601524,0,0
1991,Lobster American,30788646,72265347,0,0
1991,Mackerel Atlantic,2056007,607019,0,0
1991,Menhaden Atlantic,16107463,1263781,0,0
1991,Mussel Blue Sea,13278748,789667,0,0
1991,Oysters,957244,607937,0,0
1991,Periwinkles Atlantic (Cockles),1502084,606331,0,0
1991,Plaice American (Dab),4499218,4382925,0,0
1991,Pollock,6972351,3879213,0,0
1991,Redfish Acadian Ocean Perch,498977,227433,0,0
1991,Salmon Atlantic,10370379,30000000,0,0
1991,Sandworms,494084,1189773,0,0
1991,Scallop Sea,13157876,7145576,0,0
1991,Sea Urchins Green,20535411,11158425,0,0
1991,Seaweed Unc,4373161,799528,0,0
1991,Shark Dogfish,2016168,188472,0,0
1991,Shrimp Northern,5360476,5096525,0,0
1991,Skates,37184,2576,0,0
1991,Wolffish Atlantic,331786,120438,0,0
1991,Yellow Eel,18217,27331,0,0
1992,Alewife,524283,47185,0,0
1992,Bloodworms,478264,2431139,0,0
1992,Clam Ocean Quahog,3003245,1517591,0,0
1992,Clam Soft,11101401,7862425,0,0
1992,Cod Atlantic,12995190,10789171,0,0
1992,Crab Unc,1930396,540158,0,0
1992,Cusk,1706516,874684,0,0
1992,Flounder Atlantic Witch (Gray Sole),2089258,3473511,0,0
1992,Flounder Winter,268549,282693,0,0
1992,Flounder Yellowtail,163457,162028,0,0
1992,Haddock,614050,744651,0,0
1992,Hake Silver (Whiting),101614,52948,0,0
1992,Hake White,11809155,4992437,0,0
1992,Halibut Atlantic,35070,85160,0,0
1992,Herring Atlantic,61835897,3947739,0,0
1992,Lobster American,26830448,71822699,0,0
1992,Mackerel Atlantic,115807,21499,0,0
1992,Menhaden Atlantic,14857195,910046,0,0
1992,Mussel Blue Sea,18086890,1020859,0,0
1992,Oysters,585296,183439,0,0
1992,Periwinkles Atlantic (Cockles),1374565,546038,0,0
1992,Plaice American (Dab),6777604,6477655,0,0
1992,Pollock,7523866,5130825,0,0
1992,Redfish Acadian Ocean Perch,882561,381254,0,0
1992,Salmon Atlantic,12869672,45315788,0,0
1992,Sandworms,411693,971129,0,0
1992,Scallop Sea,11827259,7344691,0,0
1992,Sea Urchins Green,26437638,15148449,0,0
1992,Seaweed Unc,743402,53047,0,0
1992,Shark Dogfish,1719384,203593,0,0
1992,Shrimp Northern,6554976,6540444,0,0
1992,Skates,99469,8326,0,0
1992,Wolffish Atlantic,318923,107721,0,0
1992,Yellow Eel,30672,55823,0,0
1993,Alewife,212170,21151,0,0
1993,Bloodworms,472038,2447724,0,0
1993,Clam Northern Quahog / Hard,51158,20520,0,0
1993,Clam Ocean Quahog,2062499,894072,0,0
1993,Clam Soft,11299439,9158238,0,0
1993,Cod Atlantic,9217757,7963623,0,0
1993,Crab Unc,2124193,569915,0,0
1993,Cusk,1936567,1073995,0,0
1993,Flounder Atlantic Witch (Gray Sole),2731042,4618362,0,0
1993,Flounder Winter,127378,126857,0,0
1993,Flounder Yellowtail,155484,178418,0,0
1993,Haddock,316412,458522,0,0
1993,Hake Silver (Whiting),61496,24423,0,0
1993,Hake White,11114488,4895094,0,0
1993,Halibut Atlantic,30143,97825,0,0
1993,Herring Atlantic,76608916,4832917,0,0
1993,Lobster American,29926464,73863438,0,0
1993,Mackerel Atlantic,96438,28533,0,0
1993,Menhaden Atlantic,19520455,1338385,0,0
1993,Mussel Blue Sea,28549826,1607749,0,0
1993,Oysters,893360,240800,0,0
1993,Periwinkles Atlantic (Cockles),847181,356748,0,0
1993,Plaice American (Dab),6084917,7414640,0,0
1993,Pollock,5573935,3732562,0,0
1993,Redfish Acadian Ocean Perch,980449,445921,0,0
1993,Salmon Atlantic,14866654,42554384,0,0
1993,Sandworms,410622,1005814,0,0
1993,Scallop Sea,13047454,9928679,0,0
1993,Sea Urchins Green,41625409,26816313,0,0
1993,Seaweed Unc,793639,101321,0,0
1993,Shark Dogfish,3524814,509492,0,0
1993,Shrimp Northern,3445933,3724663,0,0
1993,Skates,368267,50052,0,0
1993,Wolffish Atlantic,356020,112774,0,0
1993,Yellow Eel,14521,28022,0,0
1994,Alewife,151016,13591,0,0
1994,Bloodworms,537594,2796184,0,0
1994,Clam Northern Quahog / Hard,1044,455,0,0
1994,Clam Ocean Quahog,1955391,907580,0,0
1994,Clam Soft,9891508,8817991,0,0
1994,Cod Atlantic,8250246,7079548,0,0
1994,Crab Unc,2012073,536073,0,0
1994,Cucumber Sea,3317508,216728,0,0
1994,Cusk,1501696,863144,0,0
1994,Elver,7347,404085,0,0
1994,Flounder Atlantic Witch (Gray Sole),2992118,4893624,0,0
1994,Flounder Winter,80670,98524,0,0
1994,Flounder Yellowtail,73267,89309,0,0
1994,Haddock,134860,203276,0,0
1994,Hake Silver (Whiting),1935150,526584,0,0
1994,Hake White,6482223,3705459,0,0
1994,Halibut Atlantic,29664,104042,0,0
1994,Herring Atlantic,77880630,4642750,0,0
1994,Lobster American,38948867,100936678,0,0
1994,Mackerel Atlantic,94380,40145,0,0
1994,Monkfish,9361533,4657153,0,0
1994,Mussel Blue Sea,27732503,1572428,0,0
1994,Oysters,676723,169262,0,0
1994,Periwinkles Atlantic (Cockles),432612,190719,0,0
1994,Plaice American (Dab),5875137,7300627,0,0
1994,Pollock,3074755,2706542,0,0
1994,Redfish Acadian Ocean Perch,339008,227952,0,0
1994,Salmon Atlantic,13511472,35619618,0,0
1994,Sandworms,347206,1008884,0,0
1994,Scallop Sea,8859855,6929624,0,0
1994,Sea Urchins Green,38296612,33083336,0,0
1994,Seaweed Unc,737827,80259,0,0
1994,Shark Dogfish,1813347,264720,0,0
1994,Shrimp Northern,6206899,5104039,0,0
1994,Skates,976335,251263,0,0
1994,Wolffish Atlantic,302234,131040,0,0
1994,Yellow Eel,64135,85473,0,0
1995,Alewife,247170,27190,0,0
1995,Bloodworms,384692,2077334,0,0
1995,Clam Ocean Quahog,4036436,1690604,0,0
1995,Clam Soft,9145943,7940748,0,0
1995,Cod Atlantic,5323648,5087070,0,0
1995,Crab Unc,2193658,658691,0,0
1995,Cucumber Sea,1895162,128535,0,0
1995,Cusk,820599,525900,0,0
1995,Elver,16599,3821944,0,0
1995,Flounder Atlantic Witch (Gray Sole),2230696,3993731,0,0
1995,Flounder Winter,51994,64894,0,0
1995,Flounder Yellowtail,50745,56999,0,0
1995,Haddock,135360,193208,0,0
1995,Hake Silver (Whiting),1980554,628833,0,0
1995,Hake White,5581517,3686045,0,0
1995,Halibut Atlantic,11485,43172,0,0
1995,Herring Atlantic,94853634,5760054,0,0
1995,Lobster American,37208324,101893173,0,0
1995,Mackerel Atlantic,64349,24902,0,0
1995,Monkfish,9582432,4710443,0,0
1995,Mussel Blue Sea,37675194,2321533,0,0
1995,Oysters,542996,146808,0,0
1995,Periwinkles Atlantic (Cockles),259491,139654,0,0
1995,Plaice American (Dab),4946581,6346767,0,0
1995,Pollock,2904864,2874447,0,0
1995,Redfish Acadian Ocean Perch,289191,197954,0,0
1995,Salmon Atlantic,22107550,56686710,0,0
1995,Sandworms,225056,794405,0,0
1995,Scallop Sea,9808625,7323742,0,0
1995,Sea Urchins Green,34268592,35604275,0,0
1995,Seaweed Unc,528587,88471,0,0
1995,Shark Dogfish,1663568,338553,0,0
1995,Shrimp Northern,11879061,10674287,0,0
1995,Skates,769736,180389,0,0
1995,Wolffish Atlantic,229302,99832,0,0
1995,Yellow Eel,35697,70006,0,0
1996,Alewife,310360,40074,0,0
1996,Bloodworms,324093,1757221,0,0
1996,Clam Northern Quahog / Hard,2981,1191,0,0
1996,Clam Ocean Quahog,5139763,1931135,0,0
1996,Clam Soft,7628281,5408920,0,0
1996,Cod Atlantic,4864337,4078101,0,0
1996,Crab Unc,1800214,578015,0,0
1996,Cucumber Sea,2840388,176004,0,0
1996,Cusk,436846,319183,0,0
1996,Elver,10179,2236400,0,0
1996,Flounder Atlantic Witch (Gray Sole),2279413,3858215,0,0
1996,Flounder Winter,16595,18707,0,0
1996,Flounder Yellowtail,33225,34767,0,0
1996,Haddock,227823,277412,0,0
1996,Hake Silver (Whiting),3206663,1174927,0,0
1996,Hake White,4297704,2829419,0,0
1996,Halibut Atlantic,18069,65452,0,0
1996,Herring Atlantic,111016104,6804505,0,0
1996,Lobster American,36083443,106980557,0,0
1996,Mackerel Atlantic,40141,12324,0,0
1996,Monkfish,9392857,4573793,0,0
1996,Mussel Blue Sea,32887357,2099075,0,0
1996,Oysters,320679,104119,0,0
1996,Periwinkles Atlantic (Cockles),348203,168851,0,0
1996,Plaice American (Dab),4556522,5883221,0,0
1996,Pollock,2598742,1889808,0,0
1996,Redfish Acadian Ocean Perch,195672,141845,0,0
1996,Salmon Atlantic,22020910,46287953,0,0
1996,Sandworms,173234,651526,0,0
1996,Scallop Sea,8399381,6830362,0,0
1996,Sea Urchins Green,25743011,28778169,0,0
1996,Seaweed Unc,577130,133918,0,0
1996,Shark Dogfish,911048,169093,0,0
1996,Shrimp Northern,17995935,12924557,0,0
1996,Skates,589496,147505,0,0
1996,Wolffish Atlantic,168147,87285,0,0
1996,Yellow Eel,47720,0,0,0
1997,Alewife,464257,53507,0,0
1997,Bloodworms,387374,2131731,0,0
1997,Clam Northern Quahog / Hard,106508,42544,0,0
1997,Clam Ocean Quahog,6221916,1977875,0,0
1997,Clam Soft,8619860,7325092,0,0
1997,Cod Atlantic,3983734,3413268,0,0
1997,Crab Unc,2820385,1002918,0,0
1997,Cucumber Sea,1068000,66821,0,0
1997,Cusk,548591,323731,0,0
1997,Elver,7360,1536696,0,0
1997,Flounder Atlantic Witch (Gray Sole),1973641,3375763,0,0
1997,Flounder Winter,46004,48421,0,0
1997,Flounder Yellowtail,33163,37939,0,0
1997,Haddock,1009813,1070626,0,0
1997,Hake Silver (Whiting),1244100,319272,0,0
1997,Hake White,3146595,2106382,0,0
1997,Halibut Atlantic,22632,78806,0,0
1997,Herring Atlantic,123236252,7075316,0,0
1997,Lobster American,47023271,138292438,0,0
1997,Mackerel Atlantic,9250,4088,0,0
1997,Monkfish,8107412,4086652,0,0
1997,Mussel Blue Sea,25479632,1652302,0,0
1997,Oysters,130605,76771,0,0
1997,Periwinkles Atlantic (Cockles),250909,128902,0,0
1997,Plaice American (Dab),3929218,5035257,0,0
1997,Pollock,3373173,1971567,0,0
1997,Redfish Acadian Ocean Perch,235463,140138,0,0
1997,Salmon Atlantic,26964843,49484451,0,0
1997,Sandworms,103683,373508,0,0
1997,Scallop Sea,7539791,6760856,0,0
1997,Sea Urchins Green,19489013,21256800,0,0
1997,Seaweed Unc,1242204,227234,0,0
1997,Shark Dogfish,448660,67723,0,0
1997,Shrimp Northern,11948087,9730427,0,0
1997,Skates,487216,102877,0,0
1997,Wolffish Atlantic,141058,61034,0,0
1997,Yellow Eel,30008,0,0,0
1998,Alewife,545720,60030,0,0
1998,Bloodworms,492615,2702488,0,0
1998,Clam Northern Quahog / Hard,249191,99552,0,0
1998,Clam Ocean Quahog,6003241,1820877,0,0
1998,Clam Soft,11536041,10082059,0,0
1998,Cod Atlantic,2400124,2582965,0,0
1998,Crab Unc,3107696,1115038,0,0
1998,Cucumber Sea,5304749,249656,0,0
1998,Cusk,434018,281120,0,0
1998,Elver,14431,2277999,0,0
1998,Flounder Atlantic Witch (Gray Sole),1848028,2956165,0,0
1998,Flounder Winter,10364,10658,0,0
1998,Flounder Yellowtail,30036,30510,0,0
1998,Haddock,1797740,2237100,0,0
1998,Hake Silver (Whiting),176658,47740,0,0
1998,Hake White,2991924,2155531,0,0
1998,Halibut Atlantic,7708,26867,0,0
1998,Herring Atlantic,68255041,4746242,0,0
1998,Lobster American,47036836,137189341,0,0
1998,Mackerel Atlantic,9852,5139,0,0
1998,Monkfish,6237090,3133417,0,0
1998,Mussel Blue Sea,16379444,1061195,0,0
1998,Oysters,349404,181881,0,0
1998,Periwinkles Atlantic (Cockles),361606,190384,0,0
1998,Plaice American (Dab),3423150,4338900,0,0
1998,Pollock,4672666,3097611,0,0
1998,Redfish Acadian Ocean Perch,332550,203614,0,0
1998,Salmon Atlantic,28965124,60438625,0,0
1998,Sandworms,167600,652316,0,0
1998,Scallop Sea,6426353,5689669,0,0
1998,Sea Urchins Green,15053868,17072498,0,0
1998,Seaweed Unc,1550133,194698,0,0
1998,Shark Dogfish,273752,45778,0,0
1998,Shrimp Northern,6724113,6450877,0,0
1998,Skates,357671,72216,0,0
1998,Wolffish Atlantic,125835,73391,0,0
1998,Yellow Eel,20671,46511,0,0
1999,Alewife,591517,76897,0,0
1999,Bloodworms,514717,2887769,0,0
1999,Clam Northern Quahog / Hard,36875,14727,0,0
1999,Clam Ocean Quahog,7821101,2611008,0,0
1999,Clam Soft,11181594,10465211,0,0
1999,Cod Atlantic,1573694,1851678,0,0
1999,Crab Unc,2752114,952452,0,0
1999,Cucumber Sea,7724174,491403,0,0
1999,Cusk,278923,209378,0,0
1999,Elver,3818,115742,0,0
1999,Flounder Atlantic Witch (Gray Sole),1979699,2773070,0,0
1999,Flounder Winter,9798,9812,0,0
1999,Flounder Yellowtail,26951,28463,0,0
1999,Haddock,1588904,2124345,0,0
1999,Hake Silver (Whiting),141886,49758,0,0
1999,Hake White,2979075,2267158,0,0
1999,Halibut Atlantic,11731,49143,0,0
1999,Herring Atlantic,111415907,7710270,0,0
1999,Lobster American,53494418,184614071,0,0
1999,Monkfish,7628858,5207031,0,0
1999,Mussel Blue Sea,11202328,728901,0,0
1999,Oysters,475868,187713,0,0
1999,Periwinkles Atlantic (Cockles),477907,247201,0,0
1999,Plaice American (Dab),3017709,3763362,0,0
1999,Pollock,3567574,3111134,0,0
1999,Redfish Acadian Ocean Perch,395166,22915,0,0
1999,Salmon Atlantic,26985331,58197870,0,0
1999,Sandworms,242320,1068319,0,0
1999,Scallop Sea,5345294,4374908,0,0
1999,Sea Urchins Green,15435286,20300142,0,0
1999,Seaweed Unc,178470,70868,0,0
1999,Shark Dogfish,34811,8448,0,0
1999,Shrimp Northern,3292525,3158232,0,0
1999,Skates,482459,104964,0,0
1999,Wolffish Atlantic,119631,61389,0,0
1999,Yellow Eel,36087,0,0,0
2000,Alewife,560438,72857,0,0
2000,Bloodworms,327189,1592299,0,0
2000,Clam Northern Quahog / Hard,124989,49929,0,0
2000,Clam Ocean Quahog,9967482,3309823,0,0
2000,Clam Soft,11193217,9545531,0,0
2000,Cod Atlantic,2602240,2994368,0,0
2000,Crab Unc,5236116,2196336,0,0
2000,Cucumber Sea,9500304,545445,0,0
2000,Cusk,187767,130641,0,0
2000,Elver,2625,0,0,0
2000,Flounder Atlantic Witch (Gray Sole),2066331,2730576,0,0
2000,Flounder Winter,32854,35700,0,0
2000,Flounder Yellowtail,67590,77311,0,0
2000,Haddock,1693310,2335421,0,0
2000,Hake Silver (Whiting),21519,13345,0,0
2000,Hake White,3752323,2366591,0,0
2000,Halibut Atlantic,6217,24723,0,0
2000,Herring Atlantic,100096801,6400254,0,0
2000,Lobster American,57215406,187714817,0,0
2000,Monkfish,8601299,8875864,0,0
2000,Mussel Blue Sea,16628863,1037224,0,0
2000,Oysters,473091,165560,0,0
2000,Periwinkles Atlantic (Cockles),461915,236901,0,0
2000,Plaice American (Dab),5187014,5338494,0,0
2000,Pollock,3955032,3258044,0,0
2000,Redfish Acadian Ocean Perch,346034,212625,0,0
2000,Salmon Atlantic,36049476,78948352,0,0
2000,Sandworms,118117,544582,0,0
2000,Scallop Sea,5485871,3883690,0,0
2000,Sea Urchins Green,12897897,17739333,0,0
2000,Seaweed Unc,131147,84384,0,0
2000,Shrimp Northern,4597269,3647390,0,0
2000,Skates,304299,74908,0,0
2000,Wolffish Atlantic,103217,70187,0,0
2000,Yellow Eel,14349,16974,0,0
2001,Alewife,962920,134809,0,0
2001,Bloodworms,644374,4851471,0,0
2001,Clam Northern Quahog / Hard,616069,579104,0,0
2001,Clam Ocean Quahog,8932856,3499465,0,0
2001,Clam Soft,13031932,16609083,0,0
2001,Cod Atlantic,2941934,3114399,0,0
2001,Crab Unc,8060739,3431119,0,0
2001,Cucumber Sea,2516500,126094,0,0
2001,Cusk,133124,97734,0,0
2001,Elver,1687,40731,0,0
2001,Flounder Atlantic Witch (Gray Sole),2420452,2779402,0,0
2001,Flounder Yellowtail,131655,111166,0,0
2001,Haddock,2799221,3354838,0,0
2001,Hake Silver (Whiting),33606,11996,0,0
2001,Hake White,4187208,2207356,0,0
2001,Halibut Atlantic,11100,38891,0,0
2001,Herring Atlantic,115824675,7164559,0,0
2001,Lobster American,48617693,153982266,0,0
2001,Monkfish,10983433,7990779,0,0
2001,Mussel Blue Sea,16885930,2774524,0,0
2001,Oysters,271049,546486,0,0
2001,Periwinkles Atlantic (Cockles),1618535,202207,0,0
2001,Plaice American (Dab),5363105,5223611,0,0
2001,Pollock,3446768,2447862,0,0
2001,Redfish Acadian Ocean Perch,380244,177540,0,0
2001,Rockweed,4760078,84138,0,0
2001,Salmon Atlantic,29105536,58211072,0,0
2001,Sandworms,453873,2004339,0,0
2001,Scallop Sea,1762278,1159421,0,0
2001,Sea Urchins Green,10048198,12969562,0,0
2001,Seaweed Unc,5043837,220046,0,0
2001,Shrimp Northern,1988301,1796216,0,0
2001,Skates,304732,58670,0,0
2001,Wolffish Atlantic,90368,48767,0,0
2001,Yellow Eel,14482,29238,0,0
2002,Alewife,1359330,176713,0,0
2002,Bloodworms,682994,5759384,0,0
2002,Clam Northern Quahog / Hard,51032,47973,0,0
2002,Clam Ocean Quahog,10619109,4747959,0,0
2002,Clam Soft,11875072,14369771,0,0
2002,Cod Atlantic,2904089,3203755,0,0
2002,Crab Unc,9535876,4101047,0,0
2002,Cucumber Sea,6431200,325004,0,0
2002,Cusk,114408,74497,0,0
2002,Elver,9654,278278,0,0
2002,Flounder Atlantic Witch (Gray Sole),2335166,2657689,0,0
2002,Flounder Yellowtail,76455,88992,0,0
2002,Haddock,2268490,2740409,0,0
2002,Hake Silver (Whiting),42233,10374,0,0
2002,Hake White,4331450,2791921,0,0
2002,Halibut Atlantic,11175,45958,0,0
2002,Herring Atlantic,67168589,4618318,0,0
2002,Lobster American,63625745,210950030,0,0
2002,Mackerel Atlantic,15709,9100,0,0
2002,Monkfish,11127249,6248135,0,0
2002,Mussel Blue Sea,28088685,4116530,0,0
2002,Oysters,312729,659896,0,0
2002,Periwinkles Atlantic (Cockles),567833,359664,0,0
2002,Plaice American (Dab),4080193,4622074,0,0
2002,Pollock,2958177,2385568,0,0
2002,Redfish Acadian Ocean Perch,317936,184994,0,0
2002,Rockweed,5669067,99681,0,0
2002,Salmon Atlantic,14987837,16936256,0,0
2002,Sandworms,434624,2199761,0,0
2002,Scallop Sea,2902755,1959314,0,0
2002,Sea Urchins Green,6321232,7657398,0,0
2002,Seaweed Unc,5813662,177857,0,0
2002,Shrimp Northern,845984,906447,0,0
2002,Skates,302427,67622,0,0
2002,Wolffish Atlantic,66264,43105,0,0
2002,Yellow Eel,13133,30859,0,0
2003,Alewife,968800,136357,0,0
2003,Bloodworms,607070,5468508,0,0
2003,Clam Northern Quahog / Hard,17529,16355,0,0
2003,Clam Ocean Quahog,9847163,4480242,0,0
2003,Clam Soft,11584281,15859272,0,0
2003,Cod Atlantic,2386655,2954969,0,0
2003,Crab Unc,6554938,2684181,0,0
2003,Cucumber Sea,9945710,562166,0,0
2003,Cusk,78457,47698,0,0
2003,Elver,3325,84068,0,0
2003,Flounder Atlantic Witch (Gray Sole),1870281,2564101,0,0
2003,Flounder Winter,114071,122479,0,0
2003,Haddock,1473814,1717734,0,0
2003,Hake Silver (Whiting),2203,1062,0,0
2003,Hake White,6414831,3108314,0,0
2003,Halibut Atlantic,10480,43216,0,0
2003,Herring Atlantic,96680581,7296176,0,0
2003,Lobster American,54970948,205715329,0,0
2003,Monkfish,13290830,7852098,0,0
2003,Mussel Blue Sea,25123338,4487473,0,0
2003,Oysters,314333,613586,0,0
2003,Periwinkles Atlantic (Cockles),483916,212031,0,0
2003,Plaice American (Dab),2684184,3297418,0,0
2003,Pollock,4084978,2206167,0,0
2003,Redfish Acadian Ocean Perch,317440,156699,0,0
2003,Rockweed,3276511,57339,0,0
2003,Salmon Atlantic,13243419,28208482,0,0
2003,Sandworms,408052,2014855,0,0
2003,Scallop Sea,1098302,736969,0,0
2003,Sea Urchins Green,5962668,8569109,0,0
2003,Seaweed Unc,3600651,189974,0,0
2003,Shrimp Northern,2142527,1855771,0,0
2003,Skates,168379,39826,0,0
2003,Wolffish Atlantic,46756,29360,0,0
2003,Yellow Eel,15312,41042,0,0
2004,Alewife,884882,134749,0,0
2004,Bloodworms,617142,7537966,0,0
2004,Clam Northern Quahog / Hard,20586,10138,0,0
2004,Clam Ocean Quahog,8356188,3842468,0,0
2004,Clam Soft,11661647,16627775,0,0
2004,Cod Atlantic,2372604,3161157,0,0
2004,Crab Unc,5861264,2302868,0,0
2004,Cucumber Sea,10212950,510648,0,0
2004,Cusk,41434,27001,0,0
2004,Elver,1282,119614,0,0
2004,Flounder Atlantic Witch (Gray Sole),2135202,2819664,0,0
2004,Flounder Winter,52347,56613,0,0
2004,Haddock,2221859,2241864,0,0
2004,Hake Silver (Whiting),2419,1055,0,0
2004,Hake White,4763826,2816595,0,0
2004,Halibut Atlantic,14411,59025,0,0
2004,Herring Atlantic,92134922,7942709,0,0
2004,Lobster American,71574244,289078847,0,0
2004,Mackerel Atlantic,58152,11808,0,0
2004,Monkfish,10566510,6840097,0,0
2004,Mussel Blue Sea,22754462,3216992,0,0
2004,Oysters,488523,1003670,0,0
2004,Periwinkles Atlantic (Cockles),381929,277909,0,0
2004,Plaice American (Dab),1646476,2037788,0,0
2004,Pollock,4190200,2346892,0,0
2004,Redfish Acadian Ocean Perch,339307,179479,0,0
2004,Rockweed,3032871,53045,0,0
2004,Salmon Atlantic,18773038,39986571,0,0
2004,Sandworms,376916,1833286,0,0
2004,Scallop Sea,453260,218005,0,0
2004,Sea Urchins Green,5741945,7865930,0,0
2004,Seaweed Unc,3597921,202485,0,0
2004,Shrimp Northern,2389653,1040261,0,0
2004,Skates,29342,4965,0,0
2004,Wolffish Atlantic,59463,32725,0,0
2004,Yellow Eel,34841,77568,0,0
2005,Alewife,340060,56744,0,0
2005,Bloodworms,458643,6074860,0,0
2005,Clam Northern Quahog / Hard,117315,173342,0,0
2005,Clam Ocean Quahog,8260035,3606500,0,0
2005,Clam Soft,9099746,14080692,0,0
2005,Cod Atlantic,1964554,2815242,0,0
2005,Crab Unc,6005511,2330780,0,0
2005,Cucumber Sea,8567468,656313,0,0
2005,Cusk,53098,33822,0,0
2005,Elver,5476,1299252,0,0
2005,Flounder Atlantic Witch (Gray Sole),1777320,2537231,0,0
2005,Flounder Winter,44968,63987,0,0
2005,Flounder Yellowtail,7705,5688,0,0
2005,Haddock,2087138,2371086,0,0
2005,Hake Silver (Whiting),2524,462,0,0
2005,Hake White,3359227,2880981,0,0
2005,Halibut Atlantic,24909,70292,0,0
2005,Herring Atlantic,89339497,9341079,0,0
2005,Lobster American,68729861,317948336,0,0
2005,Mackerel Atlantic,84468,13544,0,0
2005,Monkfish,7115213,6220142,0,0
2005,Mussel Blue Sea,19673702,2625225,0,0
2005,Oysters,525747,1050731,0,0
2005,Periwinkles Atlantic (Cockles),446166,340254,0,0
2005,Plaice American (Dab),1240775,1747374,0,0
2005,Pollock,5258613,3104506,0,0
2005,Redfish Acadian Ocean Perch,400978,247174,0,0
2005,Rockweed,4280734,74913,0,0
2005,Salmon Atlantic,11602436,23204872,0,0
2005,Sandworms,438924,2251754,0,0
2005,Scallop Sea,276065,272703,0,0
2005,Sea Urchins Green,3517048,5142213,0,0
2005,Seaweed Unc,4853899,207184,0,0
2005,Shrimp Northern,3519216,1961655,0,0
2005,Skates,23919,5034,0,0
2005,Wolffish Atlantic,65695,38188,0,0
2005,Yellow Eel,17189,47463,0,0
2006,Alewife,1235080,235439,0,0
2006,Bloodworms,462428,5177307,0,0
2006,Clam Northern Quahog / Hard,352409,476369,0,0
2006,Clam Ocean Quahog,10012106,3919276,0,0
2006,Clam Soft,9608285,13775038,0,0
2006,Cod Atlantic,1420243,2371488,0,0
2006,Crab Unc,4489135,1650630,0,0
2006,Cucumber Sea,8770305,438515,0,0
2006,Cusk,49180,41405,0,0
2006,Elver,6967,427161,0,0
2006,Flounder Atlantic Witch (Gray Sole),945435,1811095,0,0
2006,Flounder Winter,72212,128020,0,0
2006,Haddock,1028739,1612136,0,0
2006,Hake Silver (Whiting),2627,202,0,0
2006,Hake White,1673018,1843706,0,0
2006,Halibut Atlantic,30018,139229,0,0
2006,Herring Atlantic,89797819,9499679,0,0
2006,Lobster American,75345827,305439420,0,0
2006,Mackerel Atlantic,22344,13647,0,0
2006,Monkfish,3666084,3237700,0,0
2006,Mussel Blue Sea,18785460,2715737,0,0
2006,Oysters,706265,1440990,0,0
2006,Periwinkles Atlantic (Cockles),339151,266979,0,0
2006,Plaice American (Dab),784021,1384132,0,0
2006,Pollock,3678191,2309060,0,0
2006,Redfish Acadian Ocean Perch,334810,245090,0,0
2006,Rockweed,7124677,142494,0,0
2006,Salmon Atlantic,10303944,20607888,0,0
2006,Sandworms,328492,1729935,0,0
2006,Scallop Sea,1296852,1258306,0,0
2006,Sea Urchins Green,3371761,4741065,0,0
2006,Seaweed Unc,7578136,254656,0,0
2006,Shrimp Northern,4356631,1571609,0,0
2006,Wolffish Atlantic,32743,27517,0,0
2006,Yellow Eel,18619,54721,0,0
2007,Alewife,740915,149447,0,0
2007,Bloodworms,549043,6050904,0,0
2007,Clam Northern Quahog / Hard,65423,44966,0,0
2007,Clam Ocean Quahog,8415940,3226865,0,0
2007,Clam Soft,9107965,12574283,0,0
2007,Cod Atlantic,1371737,2215546,0,0
2007,Crab Unc,4768539,1713728,0,0
2007,Cucumber Sea,6586806,783830,0,0
2007,Cusk,128844,75483,0,0
2007,Elver,3714,1287479,0,0
2007,Flounder Atlantic Witch (Gray Sole),602734,1385448,0,0
2007,Flounder Yellowtail,23353,36113,0,0
2007,Haddock,970976,1512558,0,0
2007,Hake Silver (Whiting),383,74,0,0
2007,Hake White,1319343,1351657,0,0
2007,Halibut Atlantic,42856,204783,0,0
2007,Herring Atlantic,71750312,8250463,0,0
2007,Lobster American,63975958,280648419,0,0
2007,Mackerel Atlantic,253643,68227,0,0
2007,Monkfish,2376334,2400533,0,0
2007,Mussel Blue Sea,14526646,1934148,0,0
2007,Oysters,722361,1568801,0,0
2007,Periwinkles Atlantic (Cockles),457497,342179,0,0
2007,Plaice American (Dab),584051,982776,0,0
2007,Pollock,4249066,2159728,0,0
2007,Redfish Acadian Ocean Perch,304510,202427,0,0
2007,Rockweed,6775612,135512,0,0
2007,Salmon Atlantic,8562278,21405695,0,0
2007,Sandworms,395115,2142427,0,0
2007,Scallop Sea,1475166,1408676,0,0
2007,Sea Urchins Green,2765778,4377512,0,0
2007,Seaweed Unc,7250035,269287,0,0
2007,Shrimp Northern,7458808,2931917,0,0
2007,Wolffish Atlantic,25177,22199,0,0
2007,Yellow Eel,13120,46577,0,0
2008,Alewife,1170469,252832,0,0
2008,Bloodworms,537011,5912663,0,0
2008,Clam Northern Quahog / Hard,107268,82648,0,0
2008,Clam Ocean Quahog,5523284,2195241,0,0
2008,Clam Soft,9764154,12825057,0,0
2008,Cod Atlantic,1324467,3769248,0,0
2008,Crab Unc,3588539,1295443,0,0
2008,Cucumber Sea,4310528,707302,0,0
2008,Cusk,42116,58272,0,0
2008,Elver,6951,1486353,0,0
2008,Flounder Atlantic Witch (Gray Sole),346606,781469,0,0
2008,Haddock,1130705,1470127,0,0
2008,Hake White,788601,734330,0,0
2008,Halibut Atlantic,46278,236042,0,0
2008,Herring Atlantic,67482579,8327328,0,0
2008,Lobster American,69908504,245150026,0,0
2008,Mackerel Atlantic,481322,73512,0,0
2008,Menhaden Atlantic,4310055,440636,0,0
2008,Monkfish,1177908,1468539,0,0
2008,Mussel Blue Sea,13008281,1622239,0,0
2008,Oysters,757570,1646150,0,0
2008,Periwinkles Atlantic (Cockles),844799,703950,0,0
2008,Plaice American (Dab),453522,1158830,0,0
2008,Pollock,4063929,2315971,0,0
2008,Redfish Acadian Ocean Perch,221722,132938,0,0
2008,Rockweed,11654227,233085,0,0
2008,Salmon Atlantic,19873323,56638971,0,0
2008,Sandworms,278422,1494747,0,0
2008,Scallop Sea,1137514,1014667,0,0
2008,Sea Urchins Green,3058114,5645829,0,0
2008,Seaweed Unc,12224350,373006,0,0
2008,Shark Dogfish,52342,20788,0,0
2008,Shrimp Northern,8491782,4166412,0,0
2008,Wolffish Atlantic,12318,11570,0,0
2008,Yellow Eel,12496,41862,0,0
2009,Alewife,1383130,298719,0,0
2009,Bloodworms,574300,6196083,0,0
2009,Clam Northern Quahog / Hard,681243,468741,0,0
2009,Clam Ocean Quahog,4591348,1820965,0,0
2009,Clam Soft,9306958,11686086,0,0
2009,Cod Atlantic,1238893,1534862,0,0
2009,Crab Unc,3289739,1174027,0,0
2009,Cusk,20910,14023,0,0
2009,Elver,5199,519569,0,0
2009,Flounder Atlantic Witch (Gray Sole),282428,472535,0,0
2009,Flounder Yellowtail,1259,1231,0,0
2009,Haddock,162475,216442,0,0
2009,Hake Silver (Whiting),657,252,0,0
2009,Hake White,775488,639842,0,0
2009,Halibut Atlantic,80715,369342,0,0
2009,Herring Atlantic,64605734,7850007,0,0
2009,Lobster American,81174638,237536890,0,0
2009,Mackerel Atlantic,53951,30230,0,0
2009,Menhaden Atlantic,166942,21482,0,0
2009,Monkfish,603217,524771,0,0
2009,Mussel Blue Sea,15503462,2191711,0,0
2009,Oysters,803048,1735406,0,0
2009,Periwinkles Atlantic (Cockles),1086689,889458,0,0
2009,Plaice American (Dab),323322,329728,0,0
2009,Pollock,3040387,2046629,0,0
2009,Redfish Acadian Ocean Perch,155784,105824,0,0
2009,Rockweed,11090274,332708,0,0
2009,Salmon Atlantic,13211196,36330789,0,0
2009,Sandworms,299082,1596916,0,0
2009,Scallop Sea,665758,592386,0,0
2009,Sea Urchins Green,3486741,5866376,0,0
2009,Seaweed Unc,11621922,490258,0,0
2009,Shark Dogfish,593980,114897,0,0
2009,Shrimp Northern,4792021,1926048,0,0
2009,Wolffish Atlantic,4279,2494,0,0
2009,Yellow Eel,2525,7575,0,0
2010,Alewife,1342285,290377,0,0
2010,Bloodworms,534228,5893249,0,0
2010,Clam Northern Quahog / Hard,1812798,1248492,0,0
2010,Clam Ocean Quahog,4659006,1787292,0,0
2010,Clam Soft,10211009,13044773,0,0
2010,Cod Atlantic,748130,1388705,0,0
2010,Crab Unc,3231202,1113694,0,0
2010,Elver,3158,584851,0,0
2010,Flounder Atlantic Witch (Gray Sole),137936,302939,0,0
2010,Haddock,127650,130983,0,0
2010,Hake White,612669,649781,0,0
2010,Halibut Atlantic,33139,197789,0,0
2010,Herring Atlantic,57500777,8572391,0,0
2010,Lobster American,96208772,318052441,0,0
2010,Mackerel Atlantic,354472,66040,0,0
2010,Monkfish,404156,393097,0,0
2010,Mussel Blue Sea,14671387,2067325,0,0
2010,Oysters,1098314,2092682,0,0
2010,Periwinkles Atlantic (Cockles),1105981,1054250,0,0
2010,Plaice American (Dab),194423,282846,0,0
2010,Pollock,1640355,1502498,0,0
2010,Redfish Acadian Ocean Perch,132349,97065,0,0
2010,Rockweed,12676252,380288,0,0
2010,Salmon Atlantic,24530940,76781842,0,0
2010,Sandworms,269473,1444510,0,0
2010,Scallop Sea,1613959,1547293,0,0
2010,Sea Urchins Green,2591516,5489826,0,0
2010,Seaweed Unc,12963556,455643,0,0
2010,Shark Dogfish,228646,62899,0,0
2010,Shrimp Northern,12272114,6660005,0,0
2010,Skates,10964,3011,0,0
2010,Yellow Eel,3038,9113,0,0
2011,Alewife,1151395,290046,0,0
2011,Bloodworms,525827,5846963,0,0
2011,Clam Northern Quahog / Hard,454106,414921,0,0
2011,Clam Ocean Quahog,5324163,2116816,0,0
2011,Clam Soft,11587233,15850931,0,0
2011,Cod Atlantic,814075,1617475,0,0
2011,Crab Unc,2477058,943612,0,0
2011,Cusk,18276,16559,0,0
2011,Elver,8585,7653332,0,0
2011,Flounder Atlantic Witch (Gray Sole),139010,257588,0,0
2011,Haddock,27895,33810,0,0
2011,Hake White,862432,799463,0,0
2011,Halibut Atlantic,36607,239319,0,0
2011,Herring Atlantic,97053021,14372011,0,0
2011,Lobster American,104924728,334539734,0,0
2011,Mackerel Atlantic,198031,34108,0,0
2011,Monkfish,532639,577738,0,0
2011,Mussel Blue Sea,15831725,1969379,0,0
2011,Oysters,603415,1259399,0,0
2011,Periwinkles Atlantic (Cockles),940969,862556,0,0
2011,Plaice American (Dab),142036,211495,0,0
2011,Pollock,2324875,1919852,0,0
2011,Redfish Acadian Ocean Perch,123431,95522,0,0
2011,Rockweed,14735164,442055,0,0
2011,Sandworms,246718,1282544,0,0
2011,Scallop Sea,1458715,1747931,0,0
2011,Sea Urchins Green,2407074,5113355,0,0
2011,Seaweed Unc,15164508,641991,0,0
2011,Shark Dogfish,349166,74849,0,0
2011,Shrimp Northern,10132077,7627447,0,0
2011,Yellow Eel,4065,13008,0,0
2012,Alewife,1606535,426320,0,0
2012,Bloodworms,457037,5190554,0,0
2012,Clam Northern Quahog / Hard,419792,395657,0,0
2012,Clam Ocean Quahog,5760725,1736987,0,0
2012,Clam Soft,11081155,15693501,0,0
2012,Cod Atlantic,492714,1234108,0,0
2012,Crab Unc,1725695,709865,0,0
2012,Elver,21611,40384618,0,0
2012,Flounder Atlantic Witch (Gray Sole),282750,475631,0,0
2012,Haddock,56142,102822,0,0
2012,Hake Silver (Whiting),52490,22718,0,0
2012,Hake White,1140575,1414395,0,0
2012,Halibut Atlantic,49786,332137,0,0
2012,Herring Atlantic,92527533,14483090,0,0
2012,Lobster American,127321422,342079520,0,0
2012,Mackerel Atlantic,41649,14239,0,0
2012,Monkfish,1075116,1047317,0,0
2012,Mussel Blue Sea,13952165,1929834,0,0
2012,Oysters,700807,1652380,0,0
2012,Periwinkles Atlantic (Cockles),928981,841201,0,0
2012,Plaice American (Dab),254636,429252,0,0
2012,Pollock,2665811,2526892,0,0
2012,Redfish Acadian Ocean Perch,1054122,685702,0,0
2012,Rockweed,14625667,438770,0,0
2012,Sandworms,243839,1363971,0,0
2012,Scallop Sea,2436324,3249737,0,0
2012,Sea Urchins Green,1903922,5024329,0,0
2012,Seaweed Unc,15109944,598351,0,0
2012,Shark Dogfish,226770,42555,0,0
2012,Shrimp Northern,4817110,4597633,0,0
2012,Yellow Eel,11275,36078,0,0
2013,Alewife,1423773,350785,0,0
2013,Bloodworms,470243,5642886,0,0
2013,Clam Northern Quahog / Hard,516155,502285,0,0
2013,Clam Ocean Quahog,4845781,1436750,0,0
2013,Clam Soft,11250760,18102437,0,0
2013,Cod Atlantic,286299,736154,0,0
2013,Crab Unc,1383877,668011,0,0
2013,Cucumber Sea,1070020,307581,0,0
2013,Cusk,24564,17618,0,0
2013,Elver,18080,32931077,0,0
2013,Flounder Atlantic Witch (Gray Sole),247664,576799,0,0
2013,Haddock,132030,211279,0,0
2013,Hake Silver (Whiting),25518,20079,0,0
2013,Hake White,1081181,1477447,0,0
2013,Halibut Atlantic,50493,330195,0,0
2013,Herring Atlantic,98858907,15492024,0,0
2013,Lobster American,127808436,370383982,0,0
2013,Mackerel Atlantic,1025986,164290,0,0
2013,Monkfish,874262,726155,0,0
2013,Mussel Blue Sea,13336775,2341271,0,0
2013,Oysters,966167,2417546,0,0
2013,Periwinkles Atlantic (Cockles),969421,898708,0,0
2013,Plaice American (Dab),484159,779015,0,0
2013,Pollock,2226593,2560807,0,0
2013,Redfish Acadian Ocean Perch,261244,179622,0,0
2013,Rockweed,16786501,503595,0,0
2013,Sandworms,255440,1371262,0,0
2013,Scallop Sea,4213627,5655084,0,0
2013,Sea Urchins Green,1987929,5781216,0,0
2013,Seaweed Unc,17941352,664795,0,0
2013,Shark Dogfish,106610,17945,0,0
2013,Shrimp Northern,563313,1008766,0,0
2013,Yellow Eel,6691,21410,0,0
2014,Alewife,1720285,482212,0,0
2014,Bloodworms,447767,6084513,0,0
2014,Clam Northern Quahog / Hard,971908,1072724,0,0
2014,Clam Ocean Quahog,3804172,1313622,0,0
2014,Clam Soft,10182821,20231500,0,0
2014,Cod Atlantic,404122,884372,0,0
2014,Crab Unc,1793245,806618,0,0
2014,Cucumber Sea,487480,161974,0,0
2014,Elver,9690,8474302,0,0
2014,Flounder Atlantic Witch (Gray Sole),141791,366471,0,0
2014,Haddock,283823,382278,0,0
2014,Hake Silver (Whiting),79072,43342,0,0
2014,Hake White,818486,1230130,0,0
2014,Halibut Atlantic,65830,438460,0,0
2014,Herring Atlantic,103529863,16211924,0,0
2014,Lobster American,124325923,459508386,0,0
2014,Mackerel Atlantic,1370579,330501,0,0
2014,Monkfish,632918,560931,0,0
2014,Mussel Blue Sea,13300428,2152708,0,0
2014,Oysters,1179451,3065016,0,0
2014,Periwinkles Atlantic (Cockles),827291,794577,0,0
2014,Plaice American (Dab),487782,873494,0,0
2014,Pollock,2318515,2878378,0,0
2014,Redfish Acadian Ocean Perch,571888,337983,0,0
2014,Rockweed,16282440,561824,0,0
2014,Sandworms,222379,1430051,0,0
2014,Scallop Sea,5042648,7672578,0,0
2014,Sea Urchins Green,1958303,5281916,0,0
2014,Seaweed Unc,16330572,583301,0,0
2014,Shark Dogfish,214763,34990,0,0
2014,Yellow Eel,7578,24251,0,0
2015,Alewife,1295998,415433,0,0
2015,Bloodworms,400895,6333467,0,0
2015,Clam Northern Quahog / Hard,1013067,1363417,0,0
2015,Clam Ocean Quahog,3433117,1310964,0,0
2015,Clam Soft,9266696,22840960,0,0
2015,Cod Atlantic,254596,496752,0,0
2015,Crab Unc,897994,897994,0,0
2015,Cusk,18351,10963,0,0
2015,Elver,5259,11422831,0,0
2015,Flounder Atlantic Witch (Gray Sole),117525,296584,0,0
2015,Haddock,403477,572113,0,0
2015,Hake Silver (Whiting),57630,43541,0,0
2015,Hake White,627261,901101,0,0
2015,Halibut Atlantic,93404,622592,0,0
2015,Herring Atlantic,86441073,13525989,0,0
2015,Lobster American,122663393,502450309,0,0
2015,Mackerel Atlantic,1123614,301547,0,0
2015,Monkfish,740104,612448,0,0
2015,Mussel Blue Sea,14068699,2460210,0,0
2015,Oysters,1845250,4491791,0,0
2015,Periwinkles Atlantic (Cockles),741449,782782,0,0
2015,Plaice American (Dab),647027,1181142,0,0
2015,Pollock,1381059,1963082,0,0
2015,Redfish Acadian Ocean Perch,552056,356933,0,0
2015,Rockweed,14981702,515916,0,0
2015,Sandworms,206064,1564637,0,0
2015,Scallop Sea,4104232,6267752,0,0
2015,Sea Urchins Green,1950569,5386788,0,0
2015,Seaweed Unc,15016829,531098,0,0
2015,Shark Dogfish,20460,3449,0,0
2015,Yellow Eel,4142,13254,0,0
2016,Alewife,1292662,398861,0,0
2016,Bloodworms,413300,6585071,0,0
2016,Clam Northern Quahog / Hard,988577,1411164,0,0
2016,Clam Ocean Quahog,3028916,1298591,0,0
2016,Clam Soft,7642785,16231342,0,0
2016,Cod Atlantic,166082,341502,0,0
2016,Crab Unc,1028133,1028133,0,0
2016,Cusk,27145,15252,0,0
2016,Elver,9400,13446828,0,0
2016,Flounder Atlantic Witch (Gray Sole),65153,183115,0,0
2016,Haddock,323264,544695,0,0
2016,Hake Silver (Whiting),45956,43522,0,0
2016,Hake White,432519,766991,0,0
2016,Halibut Atlantic,108724,636950,0,0
2016,Herring Atlantic,78425124,19475541,0,0
2016,Lobster American,132490774,540183010,0,0
2016,Mackerel Atlantic,372938,94302,0,0
2016,Menhaden Atlantic,6133104,1938050,0,0
2016,Monkfish,542412,456247,0,0
2016,Mussel Blue Sea,10225824,2422407,0,0
2016,Oysters,2081782,5013725,0,0
2016,Periwinkles Atlantic (Cockles),732319,737872,0,0
2016,Pollock,1049370,1662861,0,0
2016,Redfish Acadian Ocean Perch,209267,151306,0,0
2016,Rockweed,17367229,557490,0,0
2016,Sandworms,209478,1595069,0,0
2016,Scallop Sea,4595208,7065158,0,0
2016,Sea Urchins Green,2058313,6619335,0,0
2016,Seaweed Unc,17462819,616578,0,0
2016,Yellow Eel,6811,21795,0,0
2017,Alewife,1682174,569623,0,0
2017,Bloodworms,403136,6442499,0,0
2017,Clam Northern Quahog / Hard,1183587,1744193,0,0
2017,Clam Ocean Quahog,2850532,1202528,0,0
2017,Clam Soft,6916497,13195062,0,0
2017,Cod Atlantic,80312,218930,0,0
2017,Crab Unc,1783173,1783173,0,0
2017,Cusk,15664,9749,0,0
2017,Elver,9343,12166417,0,0
2017,Flounder Atlantic Witch (Gray Sole),41495,101187,0,0
2017,Haddock,369681,548579,0,0
2017,Hake White,342951,469226,0,0
2017,Halibut Atlantic,73243,448047,0,0
2017,Herring Atlantic,65415273,17712598,0,0
2017,Lobster American,111982334,438515983,0,0
2017,Mackerel Atlantic,1374121,309016,0,0
2017,Menhaden Atlantic,8921075,3184836,0,0
2017,Monkfish,882687,623119,0,0
2017,Mussel Blue Sea,7223321,2125701,0,0
2017,Oysters,2800178,6679667,0,0
2017,Periwinkles Atlantic (Cockles),728733,745474,0,0
2017,Plaice American (Dab),316540,796208,0,0
2017,Pollock,848136,1182332,0,0
2017,Redfish Acadian Ocean Perch,185473,114302,0,0
2017,Rockweed,20355995,657508,0,0
2017,Sandworms,201542,1533774,0,0
2017,Scallop Sea,6633255,9354050,0,0
2017,Sea Urchins Green,1952462,6104971,0,0
2017,Seaweed Unc,20577355,807711,0,0
2017,Yellow Eel,6358,20347,0,0
2018,Alewife,1963269,677530,0,0
2018,Bloodworms,415037,6658965,0,0
2018,Clam Northern Quahog / Hard,1638852,2657025,0,0
2018,Clam Ocean Quahog,2434542,1072330,0,0
2018,Clam Soft,7187777,12921624,0,0
2018,Cod Atlantic,90017,212132,0,0
2018,Crab Unc,2200143,2200143,0,0
2018,Elver,9194,21753350,0,0
2018,Haddock,657371,763743,0,0
2018,Hake White,578908,590849,0,0
2018,Halibut Atlantic,52027,310081,0,0
2018,Herring Atlantic,62198413,16662228,0,0
2018,Lobster American,121321163,491586857,0,0
2018,Mackerel Atlantic,385936,97573,0,0
2018,Menhaden Atlantic,14724341,4417299,0,0
2018,Monkfish,1149594,674282,0,0
2018,Mussel Blue Sea,9804542,2738476,0,0
2018,Oysters,2790213,7286107,0,0
2018,Periwinkles Atlantic (Cockles),664847,638593,0,0
2018,Pollock,818142,987796,0,0
2018,Redfish Acadian Ocean Perch,190782,125514,0,0
2018,Rockweed,23189252,874009,0,0
2018,Sandworms,196532,1487826,0,0
2018,Scallop Sea,5161193,6506289,0,0
2018,Sea Urchins Green,2043325,6206944,0,0
2018,Seaweed Unc,23322594,974981,0,0
2018,Yellow Eel,2832,9062,0,0
2019,Alewife,2154989,827865,0,0
2019,Bloodworms,393354,6283315,0,0
2019,Clam Northern Quahog / Hard,2076377,3761074,0,0
2019,Clam Ocean Quahog,1123956,522598,0,0
2019,Clam Soft,7810802,18239889,0,0
2019,Cod Atlantic,88181,240687,0,0
2019,Crab Unc,1462492,1462492,0,0
2019,Elver,9620,20119194,0,0
2019,Flounder Atlantic Witch (Gray Sole),131540,221471,0,0
2019,Haddock,369331,502501,0,0
2019,Hake White,354425,492027,0,0
2019,Halibut Atlantic,52813,293241,0,0
2019,Herring Atlantic,13137030,5755729,0,0
2019,Lobster American,100725013,485405036,0,0
2019,Mackerel Atlantic,560050,165561,0,0
2019,Menhaden Atlantic,21524536,5833088,0,0
2019,Monkfish,1291726,759253,0,0
2019,Mussel Blue Sea,11005719,3345260,0,0
2019,Oysters,3251124,7622441,0,0
2019,Periwinkles Atlantic (Cockles),574005,600087,0,0
2019,Plaice American (Dab),419750,781601,0,0
2019,Pollock,488179,638582,0,0
2019,Redfish Acadian Ocean Perch,98966,57379,0,0
2019,Rockweed,14793321,590927,0,0
2019,Sandworms,208594,1584965,0,0
2019,Scallop Sea,3463761,4359123,0,0
2019,Sea Urchins Green,1706781,5835917,0,0
2019,Seaweed Unc,15196753,855068,0,0
2019,Yellow Eel,2567,8214,0,0
