"Date","Time (GMT)","Highest","MHHW (ft)","MHW (ft)","MSL (ft)","MTL (ft)","MLW (ft)","MLLW (ft)","Lowest (ft)","Inf"
"1950/01/01","00:00","11.045","NaN","8.624","4.415","4.395","0.166","NaN","-2.354","0"
"1950/02/01","00:00","10.547","NaN","8.824","4.575","4.546","0.255","NaN","-1.553","0"
"1950/03/01","00:00","11.245","NaN","8.637","4.346","4.267","-0.103","NaN","-2.455","0"
"1950/04/01","00:00","11.045","NaN","9.077","4.677","4.605","0.127","NaN","-2.154","0"
"1950/05/01","00:00","11.347","NaN","9.014","4.536","4.487","-0.034","NaN","-2.354","0"
"1950/06/01","00:00","11.445","NaN","9.106","4.825","4.687","0.264","NaN","-1.953","0"
"1950/07/01","00:00","11.045","NaN","9.116","4.677","4.644","0.186","NaN","-1.455","0"
"1950/08/01","00:00","10.445","NaN","9.155","4.726","4.707","0.264","NaN","-0.956","0"
"1950/09/01","00:00","11.347","NaN","9.277","4.815","4.805","0.337","NaN","-1.153","0"
"1950/10/01","00:00","11.646","NaN","9.136","4.776","4.766","0.386","NaN","-1.855","0"
"1950/11/01","00:00","11.646","NaN","9.336","4.995","4.976","0.615","NaN","-1.953","0"
"1950/12/01","00:00","12.344","NaN","9.287","4.897","4.887","0.484","NaN","-1.353","0"
"1951/01/01","00:00","11.846","NaN","8.995","4.605","4.595","0.195","NaN","-1.753","0"
"1951/02/01","00:00","11.744","NaN","9.034","4.566","4.566","0.084","NaN","-1.953","0"
"1951/03/01","00:00","10.947","NaN","9.566","5.084","5.045","0.527","NaN","-1.553","0"
"1951/04/01","00:00","10.845","NaN","9.385","4.907","4.864","0.346","NaN","-2.255","0"
"1951/05/01","00:00","11.944","NaN","9.405","4.936","4.926","0.435","NaN","-1.455","0"
"1951/06/01","00:00","11.846","NaN","9.375","4.926","4.926","0.465","NaN","-1.753","0"
"1951/07/01","00:00","11.846","NaN","9.215","4.844","4.825","0.445","NaN","-1.553","0"
"1951/08/01","00:00","11.744","NaN","9.195","4.897","4.864","0.527","NaN","-1.255","0"
"1951/09/01","00:00","10.845","NaN","9.146","4.815","4.815","0.484","NaN","-0.956","0"
"1951/10/01","00:00","11.245","NaN","9.306","4.897","4.887","0.455","NaN","-1.255","0"
"1951/11/01","00:00","12.046","NaN","9.224","4.835","4.825","0.435","NaN","-1.553","0"
"1951/12/01","00:00","11.744","NaN","9.195","4.707","4.707","0.215","NaN","-1.753","0"
"1952/01/01","00:00","11.944","NaN","9.336","4.815","4.795","0.255","NaN","-2.354","0"
"1952/02/01","00:00","11.944","NaN","9.267","4.825","4.805","0.356","NaN","-1.655","0"
"1952/03/01","00:00","11.045","NaN","9.346","4.844","4.825","0.317","NaN","-1.455","0"
"1952/04/01","00:00","10.547","NaN","9.205","4.776","4.756","0.294","NaN","-1.655","0"
"1952/05/01","00:00","11.347","NaN","9.464","5.107","5.084","0.714","NaN","-0.756","0"
"1952/06/01","00:00","11.646","NaN","9.405","4.986","4.986","0.556","NaN","-1.153","0"
"1952/07/01","00:00","11.245","NaN","9.195","4.766","4.756","0.317","NaN","-1.753","0"
"1952/08/01","00:00","11.347","NaN","9.175","4.795","4.776","0.376","NaN","-1.655","0"
"1952/09/01","00:00","11.245","NaN","9.205","4.776","4.746","0.274","NaN","-1.655","0"
"1952/10/01","00:00","11.147","NaN","9.136","4.677","4.664","0.195","NaN","-2.154","0"
"1952/11/01","00:00","10.947","NaN","9.165","4.746","4.736","0.307","NaN","-1.255","0"
"1952/12/01","00:00","10.947","NaN","9.375","4.976","4.966","0.547","NaN","-1.655","0"
"1953/01/01","00:00","11.646","NaN","9.375","4.966","4.956","0.547","NaN","-2.255","0"
"1953/02/01","00:00","12.046","NaN","8.995","4.585","4.595","0.195","NaN","-2.154","0"
"1953/03/01","00:00","11.744","NaN","9.356","4.917","4.917","0.484","NaN","-1.753","0"
"1953/04/01","00:00","12.344","NaN","9.395","4.936","4.917","0.425","NaN","-1.753","0"
"1953/05/01","00:00","11.347","NaN","9.454","5.005","4.986","0.517","NaN","-1.153","0"
"1953/06/01","00:00","10.845","NaN","9.277","4.795","4.785","0.294","NaN","-1.153","0"
"1953/07/01","00:00","10.947","NaN","9.254","4.746","4.726","0.195","NaN","-1.455","0"
"1953/08/01","00:00","11.147","NaN","9.316","4.844","4.815","0.307","NaN","-1.553","0"
"1953/09/01","00:00","11.147","NaN","9.326","4.795","4.766","0.205","NaN","-2.255","0"
"1953/10/01","00:00","12.344","NaN","9.234","4.795","4.785","0.337","NaN","-1.655","0"
"1953/11/01","00:00","11.245","NaN","9.234","4.805","4.795","0.346","NaN","-1.655","0"
"1953/12/01","00:00","11.147","NaN","9.005","4.644","4.634","0.274","NaN","-1.353","0"
"1954/01/01","00:00","11.347","NaN","9.077","4.756","4.746","0.415","NaN","-1.553","0"
"1954/02/01","00:00","11.544","NaN","9.306","4.874","4.854","0.405","NaN","-1.153","0"
"1954/03/01","00:00","10.845","NaN","9.244","4.835","4.835","0.415","NaN","-1.753","0"
"1954/04/01","00:00","10.845","NaN","9.165","4.644","4.634","0.117","NaN","-2.656","0"
"1954/05/01","00:00","12.144","NaN","9.776","5.176","5.176","0.566","NaN","-1.455","0"
"1954/06/01","00:00","11.744","NaN","9.536","5.025","4.995","0.445","NaN","-1.655","0"
"1954/07/01","00:00","10.845","NaN","9.424","4.936","4.926","0.425","NaN","-1.255","0"
"1954/08/01","00:00","12.446","NaN","9.336","4.825","4.835","0.346","NaN","-1.055","0"
"1954/09/01","00:00","11.147","NaN","9.434","4.926","4.874","0.317","NaN","-1.753","0"
"1954/10/01","00:00","11.744","NaN","9.385","4.936","4.897","0.405","NaN","-1.953","0"
"1954/11/01","00:00","11.045","NaN","9.287","4.815","4.815","0.337","NaN","-2.656","0"
"1954/12/01","00:00","11.646","NaN","9.254","4.756","4.726","0.195","NaN","-2.055","0"
"1955/01/01","00:00","11.646","NaN","9.444","4.917","4.897","0.346","NaN","-1.753","0"
"1955/02/01","00:00","10.845","NaN","9.215","4.654","4.625","0.045","NaN","-1.553","0"
"1955/03/01","00:00","12.046","NaN","9.205","4.687","4.664","0.127","NaN","-1.753","0"
"1955/04/01","00:00","12.046","NaN","9.556","4.956","4.926","0.284","NaN","-1.553","0"
"1955/05/01","00:00","11.544","NaN","9.477","4.946","4.907","0.346","NaN","-2.154","0"
"1955/06/01","00:00","11.944","NaN","9.546","5.005","5.005","0.455","NaN","-1.655","0"
"1955/07/01","00:00","11.544","NaN","9.326","4.897","4.887","0.455","NaN","-1.553","0"
"1955/08/01","00:00","11.147","NaN","9.385","4.907","4.907","0.415","NaN","-1.353","0"
"1955/09/01","00:00","10.346","NaN","9.254","4.756","4.746","0.235","NaN","-0.956","0"
"1955/10/01","00:00","11.646","NaN","9.556","5.015","5.015","0.474","NaN","-1.255","0"
"1955/11/01","00:00","12.144","NaN","9.464","4.887","4.887","0.317","NaN","-3.456","0"
"1955/12/01","00:00","11.846","NaN","9.185","4.556","4.546","-0.103","NaN","-2.055","0"
"1956/01/01","00:00","11.245","NaN","9.556","4.897","4.887","0.205","NaN","-2.255","0"
"1956/02/01","00:00","11.347","NaN","9.136","4.575","4.566","0.005","NaN","-2.754","0"
"1956/03/01","00:00","12.246","NaN","9.224","4.795","4.687","0.136","NaN","-1.353","0"
"1956/04/01","00:00","11.147","NaN","9.424","5.166","4.926","0.425","NaN","-1.255","0"
"1956/05/01","00:00","NaN","NaN","9.175","4.766","4.746","0.317","NaN","NaN","0"
"1956/06/01","00:00","NaN","NaN","9.405","4.887","4.864","0.327","NaN","NaN","0"
"1956/07/01","00:00","11.944","NaN","9.526","4.946","4.926","0.327","NaN","-1.455","0"
"1956/08/01","00:00","NaN","NaN","9.595","4.986","4.976","0.356","NaN","NaN","0"
"1956/09/01","00:00","NaN","NaN","9.395","4.844","4.825","0.255","NaN","NaN","0"
"1956/10/01","00:00","11.245","NaN","9.254","4.687","4.664","0.084","NaN","-1.353","0"
"1956/11/01","00:00","10.845","NaN","9.336","4.805","4.795","0.255","NaN","-1.455","0"
"1956/12/01","00:00","10.947","NaN","9.185","4.707","4.687","0.186","NaN","-2.754","0"
"1957/01/01","00:00","11.445","NaN","8.916","4.424","4.415","-0.083","NaN","-2.856","0"
"1957/02/01","00:00","11.744","NaN","9.057","4.536","4.526","-0.005","NaN","-2.055","0"
"1957/03/01","00:00","11.147","NaN","9.356","4.844","4.815","0.274","NaN","-1.953","0"
"1957/04/01","00:00","10.947","NaN","9.106","4.575","4.575","0.035","NaN","-2.055","0"
"1957/05/01","00:00","10.845","NaN","9.297","4.776","4.776","0.245","NaN","-1.455","0"
"1957/06/01","00:00","11.445","NaN","9.287","4.835","4.776","0.274","NaN","-1.153","0"
"1957/07/01","00:00","NaN","NaN","9.556","4.926","4.907","0.255","NaN","NaN","0"
"1957/08/01","00:00","11.245","NaN","9.385","4.756","4.736","0.074","NaN","-2.055","0"
"1957/09/01","00:00","11.544","NaN","9.346","4.776","4.756","0.156","NaN","-1.753","0"
"1957/10/01","00:00","11.544","NaN","9.277","4.815","4.795","0.317","NaN","-1.953","0"
"1957/11/01","00:00","11.445","NaN","9.267","4.844","4.795","0.337","NaN","-1.655","0"
"1957/12/01","00:00","11.245","NaN","9.116","4.654","4.634","0.156","NaN","-1.455","0"
"1958/01/01","00:00","11.544","NaN","9.424","4.897","4.864","0.317","NaN","-1.553","0"
"1958/02/01","00:00","11.646","NaN","9.605","4.926","4.897","0.186","NaN","-1.953","0"
"1958/03/01","00:00","11.744","NaN","9.825","5.225","5.205","0.586","NaN","-1.655","0"
"1958/04/01","00:00","13.047","NaN","9.907","5.156","5.136","0.366","NaN","-1.953","0"
"1958/05/01","00:00","11.445","NaN","9.625","4.917","4.835","0.045","NaN","-2.554","0"
"1958/06/01","00:00","11.544","NaN","9.615","4.844","4.844","0.084","NaN","-1.753","0"
"1958/07/01","00:00","11.045","NaN","9.575","4.936","4.887","0.205","NaN","-1.353","0"
"1958/08/01","00:00","11.245","NaN","9.526","4.917","4.897","0.264","NaN","-1.153","0"
"1958/09/01","00:00","11.445","NaN","9.625","4.956","4.956","0.284","NaN","-1.753","0"
"1958/10/01","00:00","11.347","NaN","9.487","4.946","4.926","0.376","NaN","-2.154","0"
"1958/11/01","00:00","11.944","NaN","9.356","4.835","4.825","0.307","NaN","-2.154","0"
"1958/12/01","00:00","11.744","NaN","9.165","4.625","4.566","-0.024","NaN","-2.354","0"
"1959/01/01","00:00","11.245","NaN","9.336","4.716","4.687","0.035","NaN","-1.553","0"
"1959/02/01","00:00","11.045","NaN","9.014","4.434","4.415","-0.195","NaN","-1.655","0"
"1959/03/01","00:00","11.744","NaN","9.254","4.644","4.566","-0.136","NaN","-2.154","0"
"1959/04/01","00:00","11.646","NaN","9.424","4.966","4.776","0.127","NaN","-2.055","0"
"1959/05/01","00:00","NaN","NaN","9.267","4.644","4.634","0.005","NaN","NaN","0"
"1959/06/01","00:00","11.944","NaN","9.507","4.897","4.874","0.245","NaN","-1.553","0"
"1959/07/01","00:00","11.245","NaN","9.126","4.615","4.585","0.054","NaN","-1.553","0"
"1959/08/01","00:00","10.947","NaN","9.385","4.854","4.844","0.307","NaN","-1.255","0"
"1959/09/01","00:00","10.445","NaN","9.254","4.746","4.726","0.195","NaN","-0.956","0"
"1959/10/01","00:00","11.045","NaN","9.526","4.887","4.874","0.225","NaN","-1.455","0"
"1959/11/01","00:00","12.046","NaN","9.356","4.736","4.707","0.045","NaN","-2.055","0"
"1959/12/01","00:00","13.047","NaN","9.477","4.776","4.746","0.025","NaN","-2.255","0"
"1960/01/01","00:00","11.347","NaN","9.405","4.785","4.756","0.107","NaN","-2.055","0"
"1960/02/01","00:00","12.046","NaN","9.687","5.136","5.117","0.547","NaN","-2.055","0"
"1960/03/01","00:00","11.045","NaN","9.526","4.874","4.887","0.245","NaN","-1.455","0"
"1960/04/01","00:00","11.347","NaN","9.556","4.986","4.956","0.356","NaN","-1.655","0"
"1960/05/01","00:00","11.646","NaN","9.566","5.117","5.097","0.625","NaN","-1.455","0"
"1960/06/01","00:00","12.046","NaN","9.566","4.966","4.986","0.396","NaN","-1.855","0"
"1960/07/01","00:00","11.445","NaN","9.444","4.835","4.844","0.255","NaN","-2.154","0"
"1960/08/01","00:00","11.445","NaN","9.464","4.926","4.874","0.284","NaN","-1.753","0"
"1960/09/01","00:00","11.045","NaN","9.444","4.776","4.756","0.064","NaN","-1.353","0"
"1960/10/01","00:00","11.646","NaN","9.497","4.887","4.844","0.195","NaN","-1.353","0"
"1960/11/01","00:00","11.245","NaN","9.365","4.756","4.746","0.117","NaN","-1.655","0"
"1960/12/01","00:00","12.446","NaN","9.205","4.585","4.566","-0.074","NaN","-2.255","0"
"1961/01/01","00:00","12.745","NaN","9.326","4.687","4.716","0.097","NaN","-2.856","0"
"1961/02/01","00:00","12.145","NaN","9.516","4.836","4.815","0.116","NaN","-1.753","5"
"1961/03/01","00:00","11.846","NaN","9.634","5.034","5.015","0.396","NaN","-1.455","5"
"1961/04/01","00:00","12.446","NaN","9.795","5.274","5.255","0.716","NaN","-0.454","5"
"1961/05/01","00:00","NaN","NaN","9.536","4.936","4.917","0.294","NaN","NaN","5"
"1961/06/01","00:00","NaN","NaN","9.415","4.736","4.716","0.015","NaN","NaN","5"
"1961/07/01","00:00","11.744","NaN","9.585","4.805","4.805","0.025","NaN","-1.855","0"
"1961/08/01","00:00","11.347","NaN","9.356","4.716","4.677","-0.005","NaN","-2.055","0"
"1961/09/01","00:00","11.544","NaN","9.405","4.805","4.776","0.136","NaN","-1.553","0"
"1961/10/01","00:00","11.944","NaN","9.487","4.966","4.936","0.396","NaN","-1.255","0"
"1961/11/01","00:00","11.445","NaN","9.516","4.995","4.976","0.445","NaN","-0.854","0"
"1961/12/01","00:00","11.347","NaN","9.306","4.854","4.854","0.405","NaN","-1.353","0"
"1962/01/01","00:00","11.944","NaN","8.834","4.454","4.375","-0.093","NaN","-2.055","0"
"1962/02/01","00:00","11.646","NaN","9.215","4.615","4.615","0.015","NaN","-2.154","0"
"1962/03/01","00:00","12.144","NaN","9.536","4.926","4.887","0.235","NaN","-1.855","0"
"1962/04/01","00:00","10.845","NaN","9.356","4.697","4.677","0.005","NaN","-2.154","0"
"1962/05/01","00:00","11.445","NaN","9.497","4.795","4.776","0.054","NaN","-1.553","0"
"1962/06/01","00:00","11.045","NaN","9.395","4.776","4.785","0.176","NaN","-1.553","0"
"1962/07/01","00:00","10.645","NaN","9.444","4.995","4.936","0.425","NaN","-0.956","0"
"1962/08/01","00:00","11.347","NaN","9.326","4.756","4.776","0.225","NaN","-1.553","0"
"1962/09/01","00:00","11.245","NaN","9.306","4.726","4.736","0.166","NaN","-1.855","0"
"1962/10/01","00:00","11.445","NaN","9.516","4.976","4.956","0.386","NaN","-2.154","0"
"1962/11/01","00:00","11.944","NaN","9.497","4.874","4.864","0.235","NaN","-1.553","0"
"1962/12/01","00:00","11.846","NaN","9.516","4.844","4.874","0.245","NaN","-1.953","0"
"1963/01/01","00:00","12.144","NaN","9.185","4.595","4.526","-0.136","NaN","-2.455","0"
"1963/02/01","00:00","10.845","NaN","8.945","4.346","4.306","-0.323","NaN","-2.354","0"
"1963/03/01","00:00","11.245","NaN","9.346","4.687","4.687","0.015","NaN","-1.953","0"
"1963/04/01","00:00","12.046","NaN","9.434","4.776","4.785","0.146","NaN","-2.055","0"
"1963/05/01","00:00","11.045","NaN","9.215","4.644","4.585","-0.034","NaN","-2.455","0"
"1963/06/01","00:00","11.445","NaN","9.336","4.776","4.726","0.127","NaN","-1.953","0"
"1963/07/01","00:00","11.347","NaN","9.277","4.805","4.785","0.307","NaN","-1.055","0"
"1963/08/01","00:00","10.445","NaN","9.155","4.726","4.697","0.235","NaN","-1.255","0"
"1963/09/01","00:00","10.845","NaN","9.136","4.654","4.634","0.136","NaN","-1.255","0"
"1963/10/01","00:00","10.947","NaN","9.205","4.654","4.625","0.054","NaN","-1.753","0"
"1963/11/01","00:00","12.646","NaN","9.677","5.064","4.986","0.294","NaN","-2.154","0"
"1963/12/01","00:00","11.944","NaN","9.267","4.605","4.585","-0.093","NaN","-3.154","0"
"1964/01/01","00:00","11.245","NaN","9.356","4.736","4.697","0.025","NaN","-1.855","0"
"1964/02/01","00:00","11.245","NaN","9.116","4.556","4.526","-0.064","NaN","-1.655","0"
"1964/03/01","00:00","10.747","NaN","9.136","4.605","4.556","-0.024","NaN","-1.753","0"
"1964/04/01","00:00","10.747","NaN","8.896","4.375","4.336","-0.224","NaN","-2.354","0"
"1964/05/01","00:00","11.445","NaN","9.116","4.677","4.644","0.176","NaN","-2.055","0"
"1964/06/01","00:00","11.646","NaN","9.254","4.736","4.697","0.127","NaN","-2.154","0"
"1964/07/01","00:00","11.445","NaN","9.224","4.707","4.677","0.117","NaN","-1.753","0"
"1964/08/01","00:00","11.245","NaN","9.336","4.756","4.736","0.127","NaN","-1.553","0"
"1964/09/01","00:00","11.245","NaN","9.365","4.766","4.697","0.025","NaN","-1.153","0"
"1964/10/01","00:00","10.845","NaN","9.375","4.766","4.756","0.136","NaN","-1.353","0"
"1964/11/01","00:00","11.944","NaN","9.326","4.887","4.815","0.307","NaN","-1.953","0"
"1964/12/01","00:00","11.744","NaN","9.155","4.677","4.605","0.054","NaN","-2.656","0"
"1965/01/01","00:00","11.744","NaN","9.034","4.664","4.625","0.205","NaN","-2.656","0"
"1965/02/01","00:00","11.045","NaN","9.067","4.677","4.605","0.146","NaN","-2.354","0"
"1965/03/01","00:00","10.645","NaN","8.975","4.605","4.526","0.074","NaN","-1.553","0"
"1965/04/01","00:00","10.645","NaN","9.146","4.726","4.687","0.225","NaN","-1.055","0"
"1965/05/01","00:00","11.147","NaN","9.224","4.746","4.716","0.205","NaN","-1.455","0"
"1965/06/01","00:00","11.445","NaN","9.287","4.815","4.736","0.195","NaN","-1.655","0"
"1965/07/01","00:00","11.744","NaN","9.346","4.707","4.716","0.084","NaN","-2.055","0"
"1965/08/01","00:00","11.445","NaN","9.205","4.615","4.595","-0.014","NaN","-1.753","0"
"1965/09/01","00:00","11.245","NaN","9.136","4.707","4.644","0.166","NaN","-1.353","0"
"1965/10/01","00:00","11.245","NaN","9.155","4.815","4.766","0.386","NaN","-1.055","0"
"1965/11/01","00:00","11.147","NaN","9.205","4.854","4.825","0.435","NaN","-1.055","0"
"1965/12/01","00:00","10.747","NaN","8.965","4.664","4.644","0.317","NaN","-1.655","0"
"1966/01/01","00:00","11.944","NaN","9.326","4.956","4.946","0.566","NaN","-1.455","0"
"1966/02/01","00:00","11.744","NaN","9.316","4.707","4.726","0.136","NaN","-2.255","0"
"1966/03/01","00:00","12.046","NaN","9.287","4.795","4.805","0.317","NaN","-2.055","0"
"1966/04/01","00:00","11.245","NaN","9.165","4.697","4.664","0.166","NaN","-1.855","0"
"1966/05/01","00:00","11.045","NaN","9.306","4.805","4.766","0.225","NaN","-1.855","0"
"1966/06/01","00:00","10.747","NaN","9.326","4.795","4.795","0.264","NaN","-1.255","0"
"1966/07/01","00:00","11.445","NaN","9.365","4.897","4.887","0.405","NaN","-1.353","0"
"1966/08/01","00:00","11.445","NaN","9.267","4.835","4.805","0.356","NaN","-1.655","0"
"1966/09/01","00:00","11.445","NaN","9.336","4.854","4.844","0.356","NaN","-1.753","0"
"1966/10/01","00:00","10.845","NaN","8.926","4.566","4.526","0.127","NaN","-2.255","0"
"1966/11/01","00:00","10.947","NaN","9.106","4.697","4.664","0.235","NaN","-2.055","0"
"1966/12/01","00:00","11.944","NaN","8.975","4.595","4.556","0.146","NaN","-2.154","0"
"1967/01/01","00:00","12.046","NaN","9.175","4.664","4.634","0.107","NaN","-1.255","0"
"1967/02/01","00:00","10.947","NaN","9.014","4.615","4.566","0.117","NaN","-2.554","0"
"1967/03/01","00:00","11.347","NaN","9.126","4.595","4.585","0.045","NaN","-2.055","0"
"1967/04/01","00:00","11.646","NaN","9.277","4.917","4.854","0.435","NaN","-2.154","0"
"1967/05/01","00:00","12.246","NaN","9.424","4.995","4.897","0.366","NaN","-2.055","0"
"1967/06/01","00:00","11.744","NaN","9.267","4.844","4.815","0.356","NaN","-1.153","0"
"1967/07/01","00:00","10.445","NaN","9.224","4.874","4.815","0.405","NaN","-1.055","0"
"1967/08/01","00:00","10.747","NaN","9.077","4.766","4.736","0.386","NaN","-1.055","0"
"1967/09/01","00:00","10.645","NaN","9.146","4.726","4.726","0.307","NaN","-1.753","0"
"1967/10/01","00:00","11.347","NaN","9.136","4.677","4.664","0.195","NaN","-1.655","0"
"1967/11/01","00:00","11.846","NaN","9.077","4.605","4.566","0.054","NaN","-2.154","0"
"1967/12/01","00:00","11.846","NaN","9.277","4.736","4.726","0.166","NaN","-1.953","0"
"1968/01/01","00:00","10.747","NaN","8.867","4.434","4.424","-0.014","NaN","-2.354","0"
"1968/02/01","00:00","10.547","NaN","9.024","4.634","4.615","0.195","NaN","-1.455","0"
"1968/03/01","00:00","11.045","NaN","9.165","4.707","4.677","0.186","NaN","-2.154","0"
"1968/04/01","00:00","11.445","NaN","9.067","4.716","4.677","0.294","NaN","-2.154","0"
"1968/05/01","00:00","11.646","NaN","9.395","4.995","4.995","0.586","NaN","-2.255","0"
"1968/06/01","00:00","11.846","NaN","9.526","5.097","5.074","0.625","NaN","-1.655","0"
"1968/07/01","00:00","11.245","NaN","9.306","4.854","4.825","0.337","NaN","-1.655","0"
"1968/08/01","00:00","11.445","NaN","9.736","5.307","5.264","0.796","NaN","-0.756","0"
"1968/09/01","00:00","11.147","NaN","9.375","4.966","4.926","0.474","NaN","-0.854","0"
"1968/10/01","00:00","11.646","NaN","9.205","4.844","4.815","0.425","NaN","-1.655","0"
"1968/11/01","00:00","12.046","NaN","9.434","5.015","4.976","0.527","NaN","-2.554","0"
"1968/12/01","00:00","12.446","NaN","9.185","4.795","4.776","0.356","NaN","-1.953","0"
"1969/01/01","00:00","11.544","NaN","9.057","4.677","4.654","0.255","NaN","-2.154","0"
"1969/02/01","00:00","11.245","NaN","9.477","5.054","5.025","0.566","NaN","-1.855","0"
"1969/03/01","00:00","10.845","NaN","9.464","5.025","4.995","0.517","NaN","-1.255","0"
"1969/04/01","00:00","11.045","NaN","9.477","4.995","4.966","0.445","NaN","-1.255","0"
"1969/05/01","00:00","11.744","NaN","9.585","5.045","5.045","0.494","NaN","-1.153","0"
"1969/06/01","00:00","11.846","NaN","9.625","5.084","5.064","0.494","NaN","-1.553","0"
"1969/07/01","00:00","11.846","NaN","9.536","4.986","4.956","0.376","NaN","-1.753","0"
"1969/08/01","00:00","11.347","NaN","9.595","5.045","5.025","0.455","NaN","-1.353","0"
"1969/09/01","00:00","11.245","NaN","9.385","4.976","4.956","0.517","NaN","-0.556","0"
"1969/10/01","00:00","11.245","NaN","9.356","5.064","5.045","0.737","NaN","-1.353","0"
"1969/11/01","00:00","12.144","NaN","9.434","5.127","5.097","0.757","NaN","-1.055","0"
"1969/12/01","00:00","12.344","NaN","9.477","5.176","5.156","0.845","NaN","-1.655","0"
"1970/01/01","00:00","12.106","NaN","9.385","4.995","4.986","0.586","NaN","-1.474","0"
"1970/02/01","00:00","12.095","NaN","9.356","4.854","4.825","0.294","NaN","-2.163","0"
"1970/03/01","00:00","11.856","NaN","9.316","4.887","4.844","0.376","NaN","-1.743","0"
"1970/04/01","00:00","11.135","NaN","9.497","5.005","4.966","0.435","NaN","-1.635","0"
"1970/05/01","00:00","11.106","NaN","9.415","4.926","4.887","0.346","NaN","-1.114","0"
"1970/06/01","00:00","11.405","NaN","9.575","5.107","5.074","0.576","NaN","-1.205","0"
"1970/07/01","00:00","NaN","NaN","9.444","5.045","5.015","0.586","NaN","NaN","5"
"1970/08/01","00:00","NaN","NaN","9.595","5.176","5.136","0.674","NaN","NaN","5"
"1970/09/01","00:00","NaN","NaN","9.526","5.127","5.084","0.655","NaN","NaN","5"
"1970/10/01","00:00","NaN","NaN","9.477","5.107","5.064","0.655","NaN","NaN","5"
"1970/11/01","00:00","11.885","NaN","9.687","5.327","5.294","0.894","NaN","-0.884","0"
"1970/12/01","00:00","11.547","NaN","9.766","5.366","5.346","0.937","NaN","-0.966","0"
"1971/01/01","00:00","11.846","NaN","9.507","5.035","5.005","0.494","NaN","-1.835","0"
"1971/02/01","00:00","11.944","NaN","9.405","4.936","4.897","0.396","NaN","-1.376","0"
"1971/03/01","00:00","12.236","NaN","9.654","5.097","5.054","0.455","NaN","-1.694","0"
"1971/04/01","00:00","12.125","NaN","9.605","5.156","5.117","0.615","NaN","-1.343","0"
"1971/05/01","00:00","11.385","NaN","9.555","5.195","5.146","0.725","NaN","-0.985","0"
"1971/06/01","00:00","NaN","NaN","9.477","5.117","5.074","0.674","NaN","NaN","5"
"1971/07/01","00:00","NaN","NaN","9.326","4.976","4.946","0.566","NaN","NaN","5"
"1971/08/01","00:00","NaN","NaN","9.244","4.956","4.917","0.586","NaN","NaN","5"
"1971/09/01","00:00","11.104","NaN","9.346","5.005","4.907","0.465","NaN","-1.534","0"
"1971/10/01","00:00","12.125","NaN","9.585","5.107","5.045","0.517","NaN","-1.465","0"
"1971/11/01","00:00","12.197","NaN","9.625","5.156","5.136","0.655","NaN","-1.563","0"
"1971/12/01","00:00","11.334","NaN","9.224","4.756","4.746","0.255","NaN","-1.885","0"
"1972/01/01","00:00","11.035","NaN","9.186","4.726","4.707","0.225","NaN","-1.805","0"
"1972/02/01","00:00","13.047","NaN","9.306","4.865","4.835","0.357","NaN","-1.504","0"
"1972/03/01","00:00","12.335","NaN","9.527","5.006","4.986","0.436","NaN","-1.275","0"
"1972/04/01","00:00","12.375","NaN","9.527","5.065","5.025","0.527","NaN","-1.805","0"
"1972/05/01","00:00","11.806","NaN","9.486","5.107","5.065","0.646","NaN","-1.754","0"
"1972/06/01","00:00","11.715","NaN","9.634","5.186","5.156","0.674","NaN","-1.343","0"
"1972/07/01","00:00","11.216","NaN","9.575","5.054","5.025","0.474","NaN","NaN","0"
"1972/08/01","00:00","11.124","NaN","9.444","4.936","4.917","0.386","NaN","-0.943","0"
"1972/09/01","00:00","10.875","NaN","9.536","5.064","5.045","0.556","NaN","-1.474","0"
"1972/10/01","00:00","11.367","NaN","9.405","4.907","4.874","0.356","NaN","-2.114","0"
"1972/11/01","00:00","12.627","NaN","9.605","5.097","5.054","0.517","NaN","-2.383","0"
"1972/12/01","00:00","12.246","NaN","9.365","4.926","4.907","0.435","NaN","-1.734","0"
"1973/01/01","00:00","11.445","NaN","9.005","4.644","4.595","0.186","NaN","-1.714","0"
"1973/02/01","00:00","11.245","NaN","9.057","4.566","4.526","-0.005","NaN","-1.573","0"
"1973/03/01","00:00","11.275","NaN","9.195","4.815","4.716","0.225","NaN","-1.543","0"
"1973/04/01","00:00","12.607","NaN","9.424","4.946","4.815","0.205","NaN","-1.665","0"
"1973/05/01","00:00","11.724","NaN","9.405","4.936","4.805","0.205","NaN","-1.763","0"
"1973/06/01","00:00","11.616","NaN","9.297","4.897","4.697","0.084","NaN","-2.006","0"
"1973/07/01","00:00","11.524","NaN","9.487","4.966","4.776","0.054","NaN","-2.045","0"
"1973/08/01","00:00","11.094","NaN","9.526","4.946","4.864","0.215","NaN","-1.304","0"
"1973/09/01","00:00","10.894","NaN","9.455","4.926","4.907","0.365","NaN","-1.205","0"
"1973/10/01","00:00","10.986","NaN","9.316","4.907","4.897","0.465","NaN","-1.064","0"
"1973/11/01","00:00","10.976","NaN","9.116","4.634","4.615","0.117","NaN","-1.953","0"
"1973/12/01","00:00","11.895","NaN","9.136","4.654","4.625","0.107","NaN","-2.016","0"
"1974/01/01","00:00","11.767","NaN","9.215","4.677","4.644","0.074","NaN","-2.656","0"
"1974/02/01","00:00","12.154","NaN","9.224","4.746","4.687","0.136","NaN","-1.734","0"
"1974/03/01","00:00","11.186","NaN","8.995","4.395","4.516","0.035","NaN","-2.344","0"
"1974/04/01","00:00","11.147","NaN","9.185","4.874","4.736","0.284","NaN","-1.363","0"
"1974/05/01","00:00","11.646","NaN","9.444","4.854","4.805","0.166","NaN","-1.255","0"
"1974/06/01","00:00","11.924","NaN","9.464","4.815","4.805","0.146","NaN","-1.494","0"
"1974/07/01","00:00","11.626","NaN","9.516","4.956","4.926","0.346","NaN","-1.855","0"
"1974/08/01","00:00","11.577","NaN","9.224","4.707","4.697","0.156","NaN","-1.734","0"
"1974/09/01","00:00","11.475","NaN","9.497","4.936","4.907","0.317","NaN","-1.514","0"
"1974/10/01","00:00","11.065","NaN","9.057","4.575","4.556","0.045","NaN","-2.035","0"
"1974/11/01","00:00","11.856","NaN","9.434","4.874","4.864","0.284","NaN","-1.324","0"
"1974/12/01","00:00","12.295","NaN","9.497","4.815","4.795","0.097","NaN","-1.953","0"
"1975/01/01","00:00","11.787","NaN","9.336","4.664","4.644","-0.054","NaN","-2.275","0"
"1975/02/01","00:00","11.934","NaN","9.267","4.707","4.677","0.074","NaN","-2.534","0"
"1975/03/01","00:00","11.577","NaN","9.487","4.805","4.776","0.054","NaN","-2.334","0"
"1975/04/01","00:00","11.445","NaN","9.497","4.887","4.825","0.156","NaN","-2.114","0"
"1975/05/01","00:00","11.114","NaN","9.405","4.854","4.825","0.245","NaN","-1.396","0"
"1975/06/01","00:00","10.855","NaN","9.497","4.966","4.936","0.376","NaN","-1.114","0"
"1975/07/01","00:00","11.285","NaN","9.424","4.926","4.887","0.346","NaN","-1.363","0"
"1975/08/01","00:00","11.465","NaN","9.454","4.976","4.907","0.346","NaN","-1.675","0"
"1975/09/01","00:00","11.167","NaN","9.346","4.844","4.746","0.156","NaN","-1.865","0"
"1975/10/01","00:00","11.616","NaN","9.736","5.186","5.084","0.425","NaN","-1.914","0"
"1975/11/01","00:00","11.856","NaN","9.825","5.205","5.176","0.517","NaN","-1.694","0"
"1975/12/01","00:00","11.675","NaN","9.634","5.005","4.986","0.337","NaN","-1.675","0"
"1976/01/01","00:00","11.416","NaN","9.536","4.936","4.917","0.294","NaN","-1.806","0"
"1976/02/01","00:00","12.075","NaN","9.556","4.854","4.815","0.074","NaN","-2.104","0"
"1976/03/01","00:00","13.266","NaN","9.526","4.874","4.844","0.156","NaN","-2.465","0"
"1976/04/01","00:00","11.705","NaN","9.785","5.127","5.107","0.425","NaN","-2.206","0"
"1976/05/01","00:00","11.455","NaN","9.644","5.005","4.976","0.307","NaN","-2.245","0"
"1976/06/01","00:00","11.964","NaN","9.654","5.005","4.986","0.317","NaN","-1.514","0"
"1976/07/01","00:00","11.915","NaN","9.936","5.245","5.186","0.425","NaN","-0.956","0"
"1976/08/01","00:00","11.396","NaN","9.874","5.127","5.074","0.284","NaN","-0.835","0"
"1976/09/01","00:00","11.705","10.176","9.835","5.195","5.146","0.455","0.264","-1.455","0"
"1976/10/01","00:00","11.744","9.986","9.664","5.045","5.015","0.376","0.025","-2.285","0"
"1976/11/01","00:00","NaN","NaN","9.585","5.045","5.015","0.445","NaN","NaN","5"
"1976/12/01","00:00","12.554","NaN","9.395","4.836","4.805","0.205","NaN","-2.206","5"
"1977/01/01","00:00","12.256","10.025","9.516","4.917","4.864","0.215","-0.165","-1.744","0"
"1977/02/01","00:00","11.106","10.015","9.566","4.825","4.795","0.025","-0.175","-1.235","0"
"1977/03/01","00:00","11.846","NaN","9.726","5.084","5.054","0.396","NaN","-1.524","5"
"1977/04/01","00:00","12.736","9.966","9.654","4.907","4.907","0.156","-0.156","-1.994","0"
"1977/05/01","00:00","12.155","10.366","9.936","5.195","5.156","0.376","0.035","-1.845","0"
"1977/06/01","00:00","12.086","10.517","10.045","5.327","5.264","0.484","0.117","-1.764","0"
"1977/07/01","00:00","12.126","10.284","9.835","5.097","5.054","0.274","-0.044","-1.655","0"
"1977/08/01","00:00","11.265","10.176","9.785","5.225","5.074","0.366","0.156","-1.186","0"
"1977/09/01","00:00","11.276","10.146","9.854","5.264","5.225","0.596","0.386","-1.005","0"
"1977/10/01","00:00","12.166","10.074","9.776","5.186","5.156","0.537","0.225","-1.255","0"
"1977/11/01","00:00","12.155","10.084","9.654","5.097","5.074","0.494","0.156","-1.465","0"
"1977/12/01","00:00","11.896","10.115","9.705","5.155","5.126","0.555","0.146","-3.195","0"
"1978/01/01","00:00","13.936","NaN","9.664","4.995","4.966","0.264","NaN","-2.554","0"
"1978/02/01","00:00","14.126","10.535","10.095","5.265","5.225","0.365","0.126","-1.575","0"
"1978/03/01","00:00","11.336","9.905","9.566","4.836","4.796","0.035","-0.215","-2.275","0"
"1978/04/01","00:00","11.486","10.146","9.844","5.127","5.074","0.307","-0.014","-1.385","0"
"1978/05/01","00:00","11.765","10.117","9.805","5.054","4.995","0.195","-0.136","-1.744","0"
"1978/06/01","00:00","11.885","NaN","9.736","5.054","4.995","0.255","NaN","-1.796","0"
"1978/07/01","00:00","11.705","10.074","9.644","5.064","4.976","0.307","-0.014","-2.025","0"
"1978/08/01","00:00","11.925","10.025","9.644","5.195","5.015","0.386","0.107","-1.635","0"
"1978/09/01","00:00","11.225","9.887","9.634","5.127","5.035","0.445","0.176","-1.305","0"
"1978/10/01","00:00","11.325","9.785","9.536","4.966","4.936","0.337","0.005","-1.244","0"
"1978/11/01","00:00","11.845","9.907","9.566","4.956","4.926","0.294","-0.113","-1.695","0"
"1978/12/01","00:00","11.725","10.135","9.686","4.945","4.925","0.175","-0.275","-2.084","0"
"1979/01/01","00:00","13.026","10.415","9.956","5.107","5.084","0.225","-0.126","-1.974","0"
"1979/02/01","00:00","NaN","9.946","9.516","4.844","4.815","0.116","-0.136","NaN","11"
"1979/03/01","00:00","11.745","9.936","9.595","4.796","4.745","-0.095","-0.334","-2.034","0"
"1979/04/01","00:00","11.895","10.074","9.726","5.015","4.976","0.225","-0.103","-1.104","0"
"1979/05/01","00:00","11.316","10.015","9.605","4.956","4.926","0.245","-0.146","-1.084","0"
"1979/06/01","00:00","11.666","10.054","9.634","4.995","4.966","0.284","-0.113","-1.624","0"
"1979/07/01","00:00","11.495","10.095","9.646","5.055","5.015","0.396","0.066","-1.615","0"
"1979/08/01","00:00","11.885","10.136","9.707","5.084","5.035","0.366","0.115","-1.715","0"
"1979/09/01","00:00","12.195","9.995","9.585","4.946","4.907","0.225","-0.074","-1.615","0"
"1979/10/01","00:00","12.166","10.025","9.664","5.025","4.976","0.294","0.054","-1.905","0"
"1979/11/01","00:00","11.256","9.854","9.487","4.805","4.766","0.054","-0.274","-1.795","0"
"1979/12/01","00:00","10.925","9.844","9.346","4.677","4.644","-0.054","-0.445","-1.764","0"
"1980/01/01","00:00","11.776","9.874","9.336","4.707","4.677","0.015","-0.284","-2.255","0"
"1980/02/01","00:00","11.945","9.946","9.516","4.825","4.785","0.064","-0.146","-2.264","0"
"1980/03/01","00:00","12.006","9.785","9.415","4.716","4.664","-0.074","-0.336","-2.925","0"
"1980/04/01","00:00","11.725","9.946","9.644","4.926","4.887","0.136","-0.136","-2.314","0"
"1980/05/01","00:00","11.695","10.175","9.796","5.135","5.106","0.416","0.055","-1.784","0"
"1980/06/01","00:00","11.205","10.127","9.707","5.054","5.015","0.327","-0.093","-1.744","0"
"1980/07/01","00:00","11.466","10.216","9.776","5.055","5.026","0.265","-0.055","-1.115","0"
"1980/08/01","00:00","11.265","10.127","9.785","5.015","4.986","0.186","-0.014","-1.425","0"
"1980/09/01","00:00","11.805","9.865","9.555","4.905","4.876","0.186","-0.014","-1.784","0"
"1980/10/01","00:00","12.535","9.845","9.506","4.905","4.876","0.236","-0.064","-2.314","0"
"1980/11/01","00:00","12.006","9.926","9.546","4.926","4.907","0.264","-0.156","-1.914","0"
"1980/12/01","00:00","11.106","9.655","9.195","4.686","4.655","0.115","-0.305","-2.394","0"
"1981/01/01","00:00","11.066","9.707","9.205","4.716","4.687","0.166","-0.234","-1.584","0"
"1981/02/01","00:00","11.765","9.815","9.395","4.707","4.677","-0.044","-0.336","-2.255","0"
"1981/03/01","00:00","12.336","10.064","9.726","5.146","5.117","0.504","0.215","-1.325","0"
"1981/04/01","00:00","11.236","9.654","9.336","4.716","4.677","0.025","-0.346","-2.575","0"
"1981/05/01","00:00","11.745","10.035","9.707","4.995","4.966","0.215","-0.165","-2.115","0"
"1981/06/01","00:00","11.986","10.307","9.844","5.146","5.117","0.386","-0.024","-1.925","0"
"1981/07/01","00:00","11.325","10.136","9.664","4.986","4.966","0.264","-0.113","-2.144","0"
"1981/08/01","00:00","10.776","9.966","9.566","4.976","4.946","0.327","-0.005","-1.195","0"
"1981/09/01","00:00","11.146","10.054","9.716","5.176","5.156","0.596","0.346","-0.845","0"
"1981/10/01","00:00","11.546","9.726","9.365","4.917","4.897","0.415","0.097","-1.764","0"
"1981/11/01","00:00","11.686","9.966","9.575","5.107","5.097","0.615","0.166","-2.025","0"
"1981/12/01","00:00","12.345","10.064","9.615","5.084","5.064","0.527","0.097","-1.885","0"
"1982/01/01","00:00","12.554","9.785","9.254","4.716","4.697","0.146","-0.185","-1.826","0"
"1982/02/01","00:00","10.816","9.585","9.155","4.585","4.566","-0.024","-0.284","-2.075","0"
"1982/03/01","00:00","10.927","9.575","9.185","4.615","4.575","-0.024","-0.303","-2.154","0"
"1982/04/01","00:00","10.976","9.605","9.254","4.634","4.605","-0.054","-0.415","-2.026","0"
"1982/05/01","00:00","11.587","9.825","9.497","4.864","4.854","0.215","-0.165","-1.845","0"
"1982/06/01","00:00","11.944","10.176","9.756","5.146","5.136","0.517","0.136","-1.655","0"
"1982/07/01","00:00","11.846","9.956","9.487","4.986","4.956","0.415","0.045","-1.474","0"
"1982/08/01","00:00","11.236","9.854","9.405","4.966","4.936","0.465","0.166","-1.484","0"
"1982/09/01","00:00","11.026","9.664","9.297","4.854","4.825","0.356","0.084","-0.976","0"
"1982/10/01","00:00","11.295","9.864","9.566","5.054","5.025","0.494","0.195","-0.913","0"
"1982/11/01","00:00","11.396","9.634","9.224","4.716","4.687","0.136","-0.303","-1.186","0"
"1982/12/01","00:00","11.485","9.887","9.415","4.825","4.805","0.195","-0.254","-2.193","0"
"1983/01/01","00:00","11.924","9.897","9.405","4.785","4.756","0.117","-0.284","-2.183","0"
"1983/02/01","00:00","11.724","9.995","9.575","5.035","5.005","0.435","0.146","-1.875","0"
"1983/03/01","00:00","11.806","10.195","9.835","5.205","5.166","0.494","0.215","-1.684","0"
"1983/04/01","00:00","11.544","10.186","9.795","5.215","5.166","0.547","0.176","-0.854","0"
"1983/05/01","00:00","11.396","10.054","9.615","5.127","5.117","0.606","0.136","-0.854","0"
"1983/06/01","00:00","11.505","10.005","9.507","4.986","5.035","0.566","0.127","-1.376","0"
"1983/07/01","00:00","11.816","10.097","9.605","5.117","5.107","0.596","0.205","-1.514","0"
"1983/08/01","00:00","11.987","10.035","9.556","5.074","5.045","0.527","0.215","-1.606","0"
"1983/09/01","00:00","11.734","9.897","9.464","4.976","4.936","0.415","0.074","-1.474","0"
"1983/10/01","00:00","11.826","9.874","9.487","5.054","5.015","0.547","0.166","-1.333","0"
"1983/11/01","00:00","12.315","10.245","9.795","5.284","5.264","0.737","0.346","-0.884","0"
"1983/12/01","00:00","11.665","9.946","9.415","4.907","4.874","0.346","-0.054","-1.773","0"
"1984/01/01","00:00","11.675","9.664","9.106","4.677","4.654","0.205","-0.146","-2.305","0"
"1984/02/01","00:00","11.895","9.815","9.306","4.825","4.805","0.307","-0.014","-1.524","0"
"1984/03/01","00:00","11.626","9.854","9.395","4.946","4.917","0.445","0.156","-2.065","0"
"1984/04/01","00:00","12.125","10.166","9.785","5.255","5.225","0.665","0.386","-1.245","0"
"1984/05/01","00:00","11.186","9.946","9.497","4.995","4.966","0.435","0.045","-1.435","0"
"1984/06/01","00:00","11.426","10.074","9.556","5.097","5.035","0.517","0.107","-1.255","0"
"1984/07/01","00:00","11.065","9.986","9.487","4.917","4.887","0.284","-0.083","-1.376","0"
"1984/08/01","00:00","11.356","10.064","9.644","5.064","5.035","0.425","0.176","-1.494","0"
"1984/09/01","00:00","11.336","9.746","9.356","4.887","4.854","0.356","0.074","-2.034","0"
"1984/10/01","00:00","11.566","9.795","9.424","5.025","4.986","0.556","0.225","-1.925","0"
"1984/11/01","00:00","11.236","9.835","9.395","5.045","5.025","0.665","0.235","-1.914","0"
"1984/12/01","00:00","11.606","9.585","9.044","4.756","4.726","0.405","-0.024","-1.775","0"
"1985/01/01","00:00","11.236","9.664","9.165","4.874","4.844","0.537","0.156","-1.885","0"
"1985/02/01","00:00","11.466","9.697","9.205","4.716","4.697","0.186","-0.103","-1.724","0"
"1985/03/01","00:00","10.916","9.464","9.067","4.697","4.644","0.215","-0.024","-1.985","0"
"1985/04/01","00:00","11.756","9.625","9.267","4.815","4.785","0.294","-0.113","-1.934","0"
"1985/05/01","00:00","11.916","9.936","9.526","5.025","4.976","0.435","-0.005","-2.014","0"
"1985/06/01","00:00","11.485","10.035","9.546","5.025","4.995","0.455","-0.034","-1.616","0"
"1985/07/01","00:00","11.265","10.015","9.444","4.966","4.926","0.415","-0.034","-1.304","0"
"1985/08/01","00:00","10.875","9.785","9.326","4.917","4.887","0.445","0.117","-0.874","0"
"1985/09/01","00:00","10.527","9.687","9.287","4.887","4.864","0.445","0.107","-1.343","0"
"1985/10/01","00:00","11.865","9.605","9.175","4.795","4.776","0.376","0.005","-1.963","0"
"1985/11/01","00:00","11.587","9.736","9.277","4.956","4.926","0.586","0.136","-1.953","0"
"1985/12/01","00:00","12.236","9.726","9.195","4.887","4.854","0.527","0.045","-1.465","0"
"1986/01/01","00:00","11.396","9.575","9.024","4.585","4.556","0.084","-0.336","-2.085","0"
"1986/02/01","00:00","10.976","9.815","9.316","4.854","4.825","0.327","-0.014","-1.504","0"
"1986/03/01","00:00","10.494","9.526","9.077","4.615","4.585","0.084","-0.274","-1.806","0"
"1986/04/01","00:00","11.846","9.956","9.546","5.084","5.054","0.576","0.146","-1.543","0"
"1986/05/01","00:00","11.915","10.045","9.605","5.117","5.064","0.527","0.084","-1.796","0"
"1986/06/01","00:00","11.885","9.907","9.405","4.936","4.907","0.396","-0.034","-1.763","0"
"1986/07/01","00:00","11.826","9.907","9.395","5.025","4.995","0.586","0.195","-1.534","0"
"1986/08/01","00:00","11.245","9.736","9.244","4.936","4.907","0.556","0.205","-1.215","0"
"1986/09/01","00:00","10.474","9.654","9.205","4.897","4.874","0.537","0.245","-0.864","0"
"1986/10/01","00:00","10.947","9.687","9.287","4.986","4.966","0.645","0.294","-1.484","0"
"1986/11/01","00:00","11.396","9.677","9.165","4.785","4.766","0.366","-0.083","-1.494","0"
"1986/12/01","00:00","12.755","9.785","9.195","4.746","4.736","0.264","-0.224","-2.114","0"
"1987/01/01","00:00","13.135","10.195","9.585","5.025","5.005","0.425","0.015","-1.796","0"
"1987/02/01","00:00","10.937","9.546","9.077","4.664","4.644","0.225","-0.083","-2.026","0"
"1987/03/01","00:00","11.524","9.917","9.526","5.005","4.986","0.435","0.107","-1.435","0"
"1987/04/01","00:00","11.426","10.035","9.605","5.166","5.136","0.665","0.255","-0.835","0"
"1987/05/01","00:00","11.035","9.716","9.215","4.864","4.844","0.474","-0.005","-1.835","0"
"1987/06/01","00:00","11.567","9.966","9.405","5.054","5.035","0.655","0.205","-1.553","0"
"1987/07/01","00:00","11.826","9.936","9.405","5.045","5.015","0.635","0.235","-1.386","0"
"1987/08/01","00:00","11.826","9.874","9.365","4.986","4.946","0.537","0.215","-1.343","0"
"1987/09/01","00:00","11.055","9.805","9.316","4.917","4.887","0.465","0.136","-1.616","0"
"1987/10/01","00:00","11.085","9.716","9.254","4.874","4.835","0.425","0.015","-1.304","0"
"1987/11/01","00:00","11.226","9.687","9.244","4.864","4.815","0.386","-0.044","-1.445","0"
"1987/12/01","00:00","11.514","10.035","9.454","5.074","5.064","0.665","0.255","-1.225","0"
"1988/01/01","00:00","11.826","9.454","8.877","4.575","4.556","0.225","-0.064","-1.494","0"
"1988/02/01","00:00","11.524","9.687","9.116","4.795","4.756","0.396","0.127","-2.026","0"
"1988/03/01","00:00","11.094","9.385","8.926","4.615","4.595","0.255","0.025","-1.934","0"
"1988/04/01","00:00","11.514","9.986","9.566","5.176","5.156","0.747","0.435","-1.235","0"
"1988/05/01","00:00","10.865","9.805","9.277","4.917","4.897","0.504","0.097","-1.104","0"
"1988/06/01","00:00","11.475","10.054","9.454","5.064","5.045","0.625","0.176","-0.703","0"
"1988/07/01","00:00","11.455","9.917","9.356","4.897","4.854","0.356","-0.005","-1.343","0"
"1988/08/01","00:00","11.426","9.926","9.464","4.946","4.917","0.366","0.127","-1.524","0"
"1988/09/01","00:00","11.085","9.697","9.287","4.874","4.844","0.415","0.127","-1.826","0"
"1988/10/01","00:00","11.754","9.746","9.297","4.926","4.897","0.504","0.117","-1.274","0"
"1988/11/01","00:00","11.114","9.716","9.215","4.897","4.874","0.547","0.156","-1.425","0"
"1988/12/01","00:00","10.976","9.546","9.034","4.716","4.697","0.366","0.005","-1.445","0"
"1989/01/01","00:00","11.104","9.516","8.985","4.687","4.644","0.307","0.035","-2.085","0"
"1989/02/01","00:00","11.045","9.556","9.024","4.566","4.566","0.107","-0.254","-2.173","0"
"1989/03/01","00:00","10.786","9.254","8.814","4.516","4.477","0.136","-0.126","-2.275","0"
"1989/04/01","00:00","11.997","9.575","9.146","4.726","4.677","0.205","-0.136","-2.173","0"
"1989/05/01","00:00","11.357","9.825","9.415","4.936","4.897","0.376","-0.044","-1.855","0"
"1989/06/01","00:00","11.495","10.084","9.516","5.015","4.986","0.455","0.025","-1.225","0"
"1989/07/01","00:00","10.914","9.897","9.356","4.907","4.887","0.415","0.005","-0.956","0"
"1989/08/01","00:00","10.816","9.844","9.385","4.966","4.936","0.494","0.166","-1.353","0"
"1989/09/01","00:00","11.386","9.654","9.277","4.874","4.844","0.415","0.117","-1.245","0"
"1989/10/01","00:00","11.406","9.625","9.267","4.887","4.864","0.474","0.107","-1.996","0"
"1989/11/01","00:00","11.754","9.795","9.244","4.897","4.874","0.494","0.064","-2.134","0"
"1989/12/01","00:00","11.455","9.585","9.014","4.585","4.575","0.136","-0.274","-1.996","0"
"1990/01/01","00:00","11.777","9.615","9.087","4.615","4.595","0.097","-0.284","-1.435","0"
"1990/02/01","00:00","10.825","9.497","8.965","4.575","4.536","0.097","-0.175","-2.114","0"
"1990/03/01","00:00","10.537","9.424","8.995","4.487","4.464","-0.054","-0.346","-2.154","0"
"1990/04/01","00:00","11.426","9.605","9.155","4.677","4.634","0.127","-0.224","-1.996","0"
"1990/05/01","00:00","11.915","9.956","9.477","5.005","4.976","0.474","0.015","-1.694","0"
"1990/06/01","00:00","12.056","9.887","9.385","4.986","4.956","0.517","0.107","-1.104","0"
"1990/07/01","00:00","11.334","9.785","9.267","4.926","4.887","0.504","0.136","-0.956","0"
"1990/08/01","00:00","10.875","9.785","9.297","5.005","4.976","0.655","0.405","-0.785","0"
"1990/09/01","00:00","NaN","9.697","9.336","4.995","5.005","0.684","0.405","NaN","11"
"1990/10/01","00:00","NaN","9.687","9.336","4.976","4.956","0.576","0.284","NaN","11"
"1990/11/01","00:00","12.226","9.917","9.454","5.015","4.986","0.517","0.064","-1.166","0"
"1990/12/01","00:00","13.257","9.776","9.277","4.746","4.726","0.176","-0.284","-1.914","0"
"1991/01/01","00:00","11.567","9.874","9.267","4.795","4.785","0.307","-0.024","-2.275","0"
"1991/02/01","00:00","11.324","9.625","9.155","4.776","4.736","0.317","0.035","-2.134","0"
"1991/03/01","00:00","11.596","10.084","9.677","5.166","5.146","0.606","0.346","-1.274","0"
"1991/04/01","00:00","11.334","9.766","9.375","4.926","4.897","0.405","0.054","-1.143","0"
"1991/05/01","00:00","11.646","9.874","9.385","5.015","4.986","0.596","0.146","-1.215","0"
"1991/06/01","00:00","11.905","10.045","9.516","5.107","5.074","0.635","0.215","-1.694","0"
"1991/07/01","00:00","11.797","9.956","9.454","5.035","5.005","0.556","0.215","-1.445","0"
"1991/08/01","00:00","11.695","9.966","9.487","5.005","4.976","0.465","0.195","-1.245","0"
"1991/09/01","00:00","11.094","9.805","9.346","4.897","4.864","0.396","0.084","-1.225","0"
"1991/10/01","00:00","12.735","9.917","9.464","5.054","5.015","0.576","0.205","-1.143","0"
"1991/11/01","00:00","11.954","10.107","9.687","4.986","4.936","0.186","-0.254","-1.914","0"
"1991/12/01","00:00","12.226","10.084","9.516","4.956","4.917","0.327","-0.064","-1.796","0"
"1992/01/01","00:00","11.787","10.074","9.546","5.015","4.986","0.425","0.156","-1.963","0"
"1992/02/01","00:00","11.675","9.995","9.546","4.995","4.966","0.376","0.074","-1.714","0"
"1992/03/01","00:00","11.606","9.795","9.424","4.936","4.907","0.386","0.166","-1.734","0"
"1992/04/01","00:00","11.055","9.825","9.454","4.926","4.897","0.346","0.054","-1.524","0"
"1992/05/01","00:00","10.947","9.887","9.415","4.874","4.844","0.264","-0.093","-1.415","0"
"1992/06/01","00:00","11.567","10.327","9.766","5.146","5.127","0.474","0.107","-1.264","0"
"1992/07/01","00:00","11.724","10.255","9.736","5.054","5.015","0.284","-0.014","-1.944","0"
"1992/08/01","00:00","11.865","10.045","9.654","4.926","4.907","0.156","-0.034","-1.616","0"
"1992/09/01","00:00","11.386","9.687","9.316","4.756","4.716","0.117","-0.103","-1.855","0"
"1992/10/01","00:00","11.455","9.756","9.356","4.907","4.874","0.396","0.074","-1.524","0"
"1992/11/01","00:00","11.754","9.687","9.254","4.815","4.795","0.327","-0.014","-1.104","0"
"1992/12/01","00:00","12.144","9.756","9.316","4.864","4.835","0.356","-0.014","-2.134","0"
"1993/01/01","00:00","11.166","9.785","9.236","4.726","4.686","0.135","-0.144","-2.055","0"
"1993/02/01","00:00","11.495","9.995","9.635","4.986","4.896","0.166","-0.055","-2.434","0"
"1993/03/01","00:00","11.964","9.703","9.342","4.695","4.641","-0.06","-0.372","-2.216","0"
"1993/04/01","00:00","11.765","10.285","9.936","5.155","5.106","0.265","-0.034","-2.325","0"
"1993/05/01","00:00","11.666","10.265","9.845","5.035","4.986","0.135","-0.204","-1.885","0"
"1993/06/01","00:00","11.405","10.186","9.716","4.925","4.885","0.066","-0.365","-1.445","0"
"1993/07/01","00:00","11.376","10.285","9.805","5.086","5.055","0.296","-0.064","-1.244","0"
"1993/08/01","00:00","11.365","10.035","9.646","5.015","4.986","0.325","0.055","-1.354","0"
"1993/09/01","00:00","11.716","9.905","9.586","4.995","4.945","0.305","0.035","-1.744","0"
"1993/10/01","00:00","11.777","9.844","9.444","4.887","4.864","0.274","-0.044","-2.173","0"
"1993/11/01","00:00","11.777","9.726","9.297","4.746","4.707","0.117","-0.293","-2.016","0"
"1993/12/01","00:00","11.977","10.107","9.605","4.986","4.956","0.317","-0.093","-1.196","0"
"1994/01/01","00:00","11.265","9.651","9.139","4.457","4.41","-0.32","-0.661","-2.124","0"
"1994/02/01","00:00","11.324","9.7","9.27","4.615","4.585","-0.1","-0.382","-2.134","0"
"1994/03/01","00:00","11.685","10.005","9.648","4.821","4.784","-0.08","-0.306","-2.295","0"
"1994/04/01","00:00","11.797","9.746","9.359","4.657","4.62","-0.119","-0.49","-2.436","0"
"1994/05/01","00:00","12.456","10.11","9.746","5.11","5.071","0.396","-0.008","-1.534","0"
"1994/06/01","00:00","11.655","9.992","9.562","4.903","4.867","0.173","-0.215","-1.543","0"
"1994/07/01","00:00","11.245","9.949","9.49","4.949","4.907","0.323","0.035","-1.255","0"
"1994/08/01","00:00","10.747","9.864","9.411","4.91","4.864","0.317","0.054","-0.933","0"
"1994/09/01","00:00","11.147","9.963","9.605","5.018","4.99","0.376","0.179","-1.215","0"
"1994/10/01","00:00","11.094","9.812","9.497","4.923","4.892","0.287","0.018","-2.085","0"
"1994/11/01","00:00","11.964","9.756","9.375","4.749","4.71","0.045","-0.343","-2.193","0"
"1994/12/01","00:00","11.665","9.986","9.467","4.779","4.749","0.031","-0.343","-2.104","0"
"1995/01/01","00:00","12.335","10.084","9.562","4.808","4.774","-0.014","-0.32","-1.996","0"
"1995/02/01","00:00","11.157","9.743","9.411","4.818","4.772","0.133","-0.136","-1.353","0"
"1995/03/01","00:00","10.986","9.841","9.539","4.835","4.8","0.061","-0.156","-1.573","0"
"1995/04/01","00:00","11.367","9.726","9.411","4.772","4.736","0.061","-0.234","-1.773","0"
"1995/05/01","00:00","11.997","10.061","9.657","5.074","5.038","0.419","0.031","-1.734","0"
"1995/06/01","00:00","11.997","9.949","9.464","4.881","4.851","0.238","-0.142","-2.045","0"
"1995/07/01","00:00","11.606","10.051","9.589","4.992","4.958","0.327","0.048","-1.773","0"
"1995/08/01","00:00","11.606","10.1","9.723","5.031","4.999","0.274","0.081","-1.264","0"
"1995/09/01","00:00","10.966","9.972","9.605","4.923","4.885","0.166","-0.09","-1.196","0"
"1995/10/01","00:00","11.685","10.031","9.674","5.077","5.01","0.346","0.031","-1.396","0"
"1995/11/01","00:00","12.226","10.278","9.89","5.291","5.241","0.592","0.235","-1.616","0"
"1995/12/01","00:00","12.774","10.228","9.776","5.159","5.135","0.494","0.173","-1.353","0"
"1996/01/01","00:00","11.833","10.117","9.684","5.087","5.046","0.409","0.031","-2.15","0"
"1996/02/01","00:00","11.931","9.976","9.628","4.972","4.935","0.241","0.038","-2.492","0"
"1996/03/01","00:00","11.751","9.713","9.392","4.818","4.797","0.202","-0.06","-1.721","0"
"1996/04/01","00:00","12.016","10.012","9.716","5.117","5.082","0.448","0.12","-0.959","0"
"1996/05/01","00:00","11.232","10.012","9.631","4.995","4.967","0.304","-0.07","-1.678","0"
"1996/06/01","00:00","11.544","10.071","9.628","4.963","4.931","0.235","-0.149","-2.013","0"
"1996/07/01","00:00","12.128","10.317","9.858","5.084","5.033","0.209","-0.1","-1.743","0"
"1996/08/01","00:00","11.888","10.094","9.723","4.949","4.915","0.107","-0.074","-1.625","0"
"1996/09/01","00:00","11.629","10.458","10.192","5.346","5.302","0.412","0.199","-1.835","0"
"1996/10/01","00:00","11.58","10.153","9.884","5.248","5.21","0.537","0.202","-1.238","0"
"1996/11/01","00:00","11.012","10.071","9.746","5.169","5.135","0.524","0.163","-1.34","0"
"1996/12/01","00:00","11.951","10.104","9.71","5.176","5.143","0.576","0.179","-1.159","0"
"1997/01/01","00:00","12.574","10.012","9.579","5.045","4.994","0.409","0.028","-2.104","0"
"1997/02/01","00:00","11.928","9.897","9.536","4.871","4.841","0.146","-0.116","-2.137","0"
"1997/03/01","00:00","11.924","9.867","9.572","4.926","4.899","0.225","-0.133","-2.206","0"
"1997/04/01","00:00","11.573","10.304","9.999","5.232","5.205","0.412","-0.018","-1.73","0"
"1997/05/01","00:00","11.737","10.091","9.759","5.012","4.982","0.205","-0.224","-1.429","0"
"1997/06/01","00:00","11.219","10.238","9.812","5.081","5.046","0.281","-0.119","-1.202","0"
"1997/07/01","00:00","11.15","10.097","9.595","4.923","4.897","0.199","-0.152","-1.747","0"
"1997/08/01","00:00","11.639","10.061","9.608","4.989","4.953","0.297","0.058","-1.678","0"
"1997/09/01","00:00","11.606","9.966","9.608","5.028","5","0.392","0.166","-1.54","0"
"1997/10/01","00:00","11.524","9.91","9.605","5.061","5.023","0.442","0.123","-1.583","0"
"1997/11/01","00:00","12.079","10.071","9.707","5.159","5.133","0.56","0.186","-1.78","0"
"1997/12/01","00:00","11.82","10.107","9.634","5.077","5.033","0.432","-0.018","-1.704","0"
"1998/01/01","00:00","12.194","10.222","9.789","5.127","5.094","0.399","0.081","-1.432","0"
"1998/02/01","00:00","12.079","10.343","9.959","5.32","5.278","0.596","0.314","-1.166","0"
"1998/03/01","00:00","11.682","10.146","9.831","5.077","5.03","0.228","-0.051","-2.003","0"
"1998/04/01","00:00","11.731","10.261","9.933","5.199","5.159","0.386","0.061","-1.927","0"
"1998/05/01","00:00","11.872","10.278","9.874","5.199","5.159","0.445","0.045","-1.606","0"
"1998/06/01","00:00","11.465","10.258","9.835","5.235","5.202","0.57","0.228","-1.13","0"
"1998/07/01","00:00","11.314","10.169","9.726","5.159","5.128","0.53","0.222","-0.743","0"
"1998/08/01","00:00","10.786","9.9","9.47","4.946","4.923","0.376","0.173","-1.166","0"
"1998/09/01","00:00","11.813","10.117","9.739","5.123","5.099","0.458","0.291","-0.95","0"
"1998/10/01","00:00","11.311","9.776","9.477","4.923","4.907","0.337","0.104","-1.917","0"
"1998/11/01","00:00","11.711","9.858","9.533","4.903","4.881","0.228","-0.113","-2.075","0"
"1998/12/01","00:00","11.865","9.933","9.477","4.799","4.779","0.081","-0.274","-2.121","0"
"1999/01/01","00:00","11.55","9.858","9.333","4.661","4.595","-0.142","-0.51","-3.072","0"
"1999/02/01","00:00","11.124","9.986","9.611","4.992","4.972","0.333","0.087","-1.36","0"
"1999/03/01","00:00","11.744","9.907","9.615","4.894","4.856","0.097","-0.165","-1.645","0"
"1999/04/01","00:00","11.728","9.94","9.667","5.022","4.997","0.327","-0.011","-1.753","0"
"1999/05/01","00:00","11.396","9.89","9.474","4.9","4.867","0.261","-0.142","-2.327","0"
"1999/06/01","00:00","11.888","9.907","9.431","4.881","4.841","0.251","-0.192","-1.963","0"
"1999/07/01","00:00","11.491","10.081","9.611","5.025","4.982","0.353","0.002","-1.701","0"
"1999/08/01","00:00","11.288","10.045","9.664","5.035","4.994","0.323","0.061","-1.245","0"
"1999/09/01","00:00","11.36","10.025","9.684","4.999","4.958","0.232","-0.034","-1.304","0"
"1999/10/01","00:00","11.669","9.887","9.569","4.903","4.876","0.182","-0.136","-1.747","0"
"1999/11/01","00:00","11.675","9.844","9.467","4.815","4.78","0.094","-0.27","-2.459","0"
"1999/12/01","00:00","11.639","9.926","9.444","4.815","4.78","0.117","-0.313","-2.17","0"
"2000/01/01","00:00","12.384","9.897","9.428","4.805","4.777","0.127","-0.264","-2.108","0"
"2000/02/01","00:00","11.905","9.608","9.178","4.526","4.479","-0.221","-0.516","-2.324","0"
"2000/03/01","00:00","10.934","9.841","9.474","4.93","4.887","0.3","0.008","-1.202","0"
"2000/04/01","00:00","11.199","9.959","9.654","5.015","4.971","0.287","-0.051","-1.34","0"
"2000/05/01","00:00","11.337","10.146","9.795","5.127","5.102","0.409","0.002","-1.576","0"
"2000/06/01","00:00","11.839","10.136","9.667","4.986","4.946","0.225","-0.205","-2.052","0"
"2000/07/01","00:00","12.026","10.314","9.821","5.071","5.028","0.235","-0.152","-1.76","0"
"2000/08/01","00:00","11.767","10.11","9.677","4.966","4.918","0.159","-0.1","-1.737","0"
"2000/09/01","00:00","11.14","9.844","9.513","4.94","4.905","0.297","0.11","-1.179","0"
"2000/10/01","00:00","10.537","9.713","9.385","4.854","4.818","0.251","-0.041","-0.963","0"
"2000/11/01","00:00","11.445","9.93","9.582","5.104","5.081","0.579","0.205","-1.068","0"
"2000/12/01","00:00","12.223","9.602","9.126","4.713","4.687","0.248","-0.182","-2.849","0"
"2001/01/01","00:00","11.846","9.897","9.47","4.933","4.903","0.337","-0.024","-2.006","0"
"2001/02/01","00:00","11.728","9.648","9.201","4.602","4.58","-0.041","-0.372","-3.207","0"
"2001/03/01","00:00","12.276","9.953","9.625","5.002","4.963","0.3","-0.034","-2.206","0"
"2001/04/01","00:00","11.124","9.812","9.457","4.821","4.782","0.107","-0.336","-1.609","0"
"2001/05/01","00:00","10.789","9.93","9.579","4.933","4.913","0.248","-0.215","-1.507","0"
"2001/06/01","00:00","11.295","10.015","9.549","4.943","4.91","0.271","-0.201","-1.527","0"
"2001/07/01","00:00","11.705","10.117","9.579","4.986","4.954","0.33","-0.057","-1.622","0"
"2001/08/01","00:00","11.708","10.012","9.497","4.966","4.933","0.369","0.061","-1.701","0"
"2001/09/01","00:00","11.459","9.936","9.513","5.012","4.977","0.442","0.189","-1.494","0"
"2001/10/01","00:00","11.547","9.759","9.408","4.966","4.928","0.448","0.15","-1.655","0"
"2001/11/01","00:00","10.875","9.69","9.264","4.828","4.799","0.333","-0.07","-1.524","0"
"2001/12/01","00:00","10.907","9.9","9.392","4.94","4.905","0.419","-0.093","-1.419","0"
"2002/01/01","00:00","11.915","9.936","9.352","4.782","4.753","0.153","-0.234","-1.734","0"
"2002/02/01","00:00","11.826","9.936","9.438","4.93","4.874","0.31","-0.047","-2.728","0"
"2002/03/01","00:00","11.157","9.549","9.192","4.529","4.487","-0.218","-0.569","-2.213","0"
"2002/04/01","00:00","11.997","9.779","9.313","4.766","4.715","0.117","-0.257","-2.301","0"
"2002/05/01","00:00","11.216","9.858","9.356","4.848","4.812","0.268","-0.172","-1.625","0"
"2002/06/01","00:00","10.911","9.871","9.379","4.913","4.884","0.389","-0.041","-1.169","0"
"2002/07/01","00:00","10.822","9.897","9.398","4.972","4.951","0.504","0.14","-0.913","0"
"2002/08/01","00:00","11.016","9.792","9.3","4.91","4.884","0.468","0.235","-1.33","0"
"2002/09/01","00:00","11.646","9.864","9.444","4.995","4.974","0.504","0.264","-1.579","0"
"2002/10/01","00:00","11.485","9.881","9.415","4.986","4.974","0.533","0.248","-1.648","0"
"2002/11/01","00:00","12.508","9.785","9.405","4.913","4.884","0.363","-0.031","-1.698","0"
"2002/12/01","00:00","11.357","10.015","9.503","4.926","4.913","0.323","-0.034","-2.364","0"
"2003/01/01","00:00","12.495","9.999","9.411","4.874","4.818","0.225","-0.142","-2.131","0"
"2003/02/01","00:00","11.334","9.503","9.031","4.556","4.521","0.012","-0.274","-1.383","0"
"2003/03/01","00:00","11.455","9.595","9.172","4.631","4.567","-0.037","-0.405","-1.845","0"
"2003/04/01","00:00","11.258","9.749","9.388","4.874","4.835","0.281","-0.044","-2.341","0"
"2003/05/01","00:00","11.295","9.894","9.48","5.028","4.997","0.514","0.051","-2.616","0"
"2003/06/01","00:00","11.911","10.054","9.536","5.117","5.084","0.632","0.179","-1.632","0"
"2003/07/01","00:00","11.521","10.048","9.513","5.081","5.036","0.56","0.136","-1.212","0"
"2003/08/01","00:00","11.127","10.041","9.572","5.041","5.004","0.435","0.166","-0.933","0"
"2003/09/01","00:00","11.731","9.976","9.592","5.031","4.997","0.402","0.133","-0.93","0"
"2003/10/01","00:00","11.879","9.923","9.52","5.025","4.987","0.455","0.048","-1.747","0"
"2003/11/01","00:00","12.007","9.936","9.474","4.999","4.969","0.465","0.002","-1.858","0"
"2003/12/01","00:00","12.246","10.022","9.52","5.035","5.005","0.491","0.064","-1.973","0"
"2004/01/01","00:00","11.61","9.795","9.188","4.812","4.799","0.409","0.058","-1.514","0"
"2004/02/01","00:00","11.99","9.664","9.175","4.687","4.669","0.163","-0.165","-1.369","0"
"2004/03/01","00:00","11.144","9.611","9.192","4.776","4.759","0.327","-0.011","-1.097","0"
"2004/04/01","00:00","11.445","9.756","9.323","4.874","4.841","0.36","-0.064","-1.324","0"
"2004/05/01","00:00","11.685","9.825","9.379","4.907","4.872","0.366","-0.06","-1.934","0"
"2004/06/01","00:00","11.898","10.12","9.579","5.038","5.004","0.428","-0.051","-2.245","0"
"2004/07/01","00:00","11.787","10.182","9.595","5.018","4.986","0.376","-0.064","-1.904","0"
"2004/08/01","00:00","11.57","10.107","9.589","5.022","4.984","0.379","0.071","-1.645","0"
"2004/09/01","00:00","10.973","9.93","9.539","5.094","5.059","0.579","0.34","-0.871","0"
"2004/10/01","00:00","11.449","10.084","9.716","5.34","5.314","0.911","0.55","-0.526","0"
"2004/11/01","00:00","11.459","9.923","9.461","5.156","5.133","0.806","0.382","-1.035","0"
"2004/12/01","00:00","12.374","9.877","9.372","5.113","5.084","0.796","0.323","-1.583","0"
"2005/01/01","00:00","11.993","9.933","9.444","5.051","5.022","0.599","0.143","-1.944","0"
"2005/02/01","00:00","12.659","10.074","9.569","5.054","5.033","0.497","0.166","-1.619","0"
"2005/03/01","00:00","12.417","10.238","9.808","5.268","5.232","0.655","0.255","-1.74","0"
"2005/04/01","00:00","11.974","10.271","9.858","5.33","5.287","0.717","0.281","-0.953","0"
"2005/05/01","00:00","12.6","10.435","9.992","5.448","5.432","0.871","0.36","-0.651","0"
"2005/06/01","00:00","11.902","10.386","9.858","5.284","5.261","0.665","0.136","-1.419","0"
"2005/07/01","00:00","12.02","10.218","9.641","5.173","5.15","0.658","0.241","-1.671","0"
"2005/08/01","00:00","11.816","10.074","9.503","5.11","5.077","0.652","0.3","-1.369","0"
"2005/09/01","00:00","11.528","9.907","9.431","5.041","5.012","0.592","0.307","-1.373","0"
"2005/10/01","00:00","11.501","9.933","9.536","5.218","5.187","0.839","0.435","-1.107","0"
"2005/11/01","00:00","11.094","9.976","9.477","5.084","5.051","0.625","0.159","-1.268","0"
"2005/12/01","00:00","11.721","10.068","9.438","4.969","4.945","0.451","-0.07","-1.438","0"
"2006/01/01","00:00","12.508","10.202","9.52","5.038","4.987","0.455","0.015","-1.514","0"
"2006/02/01","00:00","12.472","9.969","9.342","4.959","4.938","0.533","0.136","-1.734","0"
"2006/03/01","00:00","11.672","9.969","9.556","4.976","4.938","0.32","-0.008","-1.885","0"
"2006/04/01","00:00","11.229","9.913","9.457","4.949","4.908","0.36","-0.067","-1.727","0"
"2006/05/01","00:00","11.498","10.232","9.72","5.274","5.243","0.766","0.241","-1.064","0"
"2006/06/01","00:00","10.97","10.182","9.631","5.238","5.202","0.773","0.317","-1.018","0"
"2006/07/01","00:00","11.439","10.038","9.49","5.094","5.058","0.625","0.238","-1.281","0"
"2006/08/01","00:00","11.544","9.995","9.464","5.117","5.082","0.701","0.451","-1.291","0"
"2006/09/01","00:00","11.39","10.071","9.552","5.156","5.128","0.704","0.468","-1.232","0"
"2006/10/01","00:00","11.557","10.084","9.572","5.225","5.214","0.855","0.474","-1.822","0"
"2006/11/01","00:00","11.386","10.1","9.644","5.107","5.077","0.51","0.136","-1.99","0"
"2006/12/01","00:00","11.849","9.946","9.395","4.9","4.882","0.369","-0.074","-1.35","0"
"2007/01/01","00:00","11.049","9.812","9.244","4.858","4.826","0.409","0.048","-1.481","0"
"2007/02/01","00:00","11.623","9.611","9.132","4.703","4.651","0.169","-0.064","-1.747","0"
"2007/03/01","00:00","11.157","9.434","8.998","4.579","4.538","0.077","-0.27","-2.649","0"
"2007/04/01","00:00","13.161","10.008","9.638","5.159","5.122","0.606","0.228","-1.619","0"
"2007/05/01","00:00","12.315","9.923","9.421","4.953","4.917","0.412","-0.06","-1.711","0"
"2007/06/01","00:00","11.728","10.251","9.687","5.225","5.195","0.704","0.241","-0.989","0"
"2007/07/01","00:00","NaN","10.081","9.5","5.031","4.995","0.491","0.127","-0.766","13"
"2007/08/01","00:00","10.907","9.969","9.507","4.949","4.905","0.304","0.084","-0.92","0"
"2007/09/01","00:00","11.57","9.818","9.382","4.838","4.799","0.215","-0.083","-1.494","0"
"2007/10/01","00:00","11.777","9.992","9.546","5.028","4.987","0.428","0.018","-2.196","0"
"2007/11/01","00:00","11.55","9.936","9.428","4.835","4.795","0.163","-0.28","-2.39","0"
"2007/12/01","00:00","11.429","9.782","9.192","4.716","4.677","0.163","-0.247","-2.019","0"
"2008/01/01","00:00","10.763","9.726","9.162","4.746","4.713","0.264","-0.09","-2.423","0"
"2008/02/01","00:00","11.006","9.739","9.195","4.707","4.674","0.153","-0.126","-1.668","0"
"2008/03/01","00:00","11.314","9.602","9.132","4.743","4.72","0.307","-0.057","-1.766","0"
"2008/04/01","00:00","11.127","9.71","9.303","4.792","4.756","0.209","-0.201","-2.042","0"
"2008/05/01","00:00","12.089","10.291","9.782","5.241","5.214","0.645","0.189","-1.776","0"
"2008/06/01","00:00","11.928","10.235","9.677","5.087","5.051","0.425","-0.014","-1.878","0"
"2008/07/01","00:00","11.826","10.225","9.621","4.989","4.951","0.281","-0.126","-1.862","0"
"2008/08/01","00:00","11.859","10.199","9.69","5.143","5.092","0.494","0.222","-0.956","0"
"2008/09/01","00:00","10.599","9.9","9.516","5.068","5.03","0.543","0.3","-0.68","0"
"2008/10/01","00:00","11.557","10.005","9.631","5.215","5.184","0.737","0.422","-0.953","0"
"2008/11/01","00:00","12.23","10.018","9.52","5.12","5.091","0.661","0.271","-1.458","0"
"2008/12/01","00:00","12.351","9.73","9.172","4.815","4.779","0.386","-0.064","-2.124","0"
"2009/01/01","00:00","12.19","9.812","9.303","4.881","4.862","0.422","0.048","-1.694","0"
"2009/02/01","00:00","11.675","10.005","9.503","5.022","4.997","0.491","0.232","-1.566","0"
"2009/03/01","00:00","11.419","9.799","9.365","4.871","4.821","0.278","-0.028","-2.003","0"
"2009/04/01","00:00","11.354","10.018","9.585","5.058","5.018","0.451","0.025","-1.343","0"
"2009/05/01","00:00","11.377","10.002","9.566","5.025","4.99","0.415","-0.054","-1.606","0"
"2009/06/01","00:00","12.394","10.445","9.969","5.405","5.373","0.776","0.363","-1.212","0"
"2009/07/01","00:00","11.987","10.373","9.864","5.396","5.366","0.868","0.517","-1.563","0"
"2009/08/01","00:00","11.777","10.13","9.605","5.156","5.125","0.645","0.346","-1.117","0"
"2009/09/01","00:00","11.252","10.081","9.651","5.163","5.125","0.599","0.33","-1.209","0"
"2009/10/01","00:00","11.77","10.215","9.818","5.36","5.338","0.858","0.524","-0.579","0"
"2009/11/01","00:00","11.308","10.1","9.631","5.232","5.194","0.757","0.317","-0.697","0"
"2009/12/01","00:00","12.469","10.34","9.733","5.232","5.197","0.661","0.218","-1.084","0"
"2010/01/01","00:00","12.905","10.612","10.041","5.402","5.361","0.681","0.353","-2.265","0"
"2010/02/01","00:00","12.131","10.589","10.146","5.596","5.576","1.006","0.678","-1.858","0"
"2010/03/01","00:00","12.597","10.779","10.366","5.602","5.55","0.734","0.425","-1.015","0"
"2010/04/01","00:00","12.321","10.543","10.094","5.432","5.392","0.691","0.294","-0.976","0"
"2010/05/01","00:00","11.649","10.34","9.818","5.261","5.222","0.625","0.169","-0.68","0"
"2010/06/01","00:00","11.518","10.435","9.894","5.379","5.345","0.796","0.425","-1.133","0"
"2010/07/01","00:00","11.734","10.264","9.746","5.261","5.227","0.707","0.402","-1.127","0"
"2010/08/01","00:00","11.921","10.232","9.753","5.268","5.232","0.711","0.507","-1.228","0"
"2010/09/01","00:00","12.095","10.369","9.881","5.337","5.304","0.727","0.478","-1.123","0"
"2010/10/01","00:00","12.052","10.327","9.871","5.366","5.333","0.796","0.455","-1.386","0"
"2010/11/01","00:00","12.436","10.346","9.93","5.3","5.276","0.622","0.238","-1.698","0"
"2010/12/01","00:00","12.22","10.681","10.143","5.504","5.489","0.835","0.412","-0.763","0"
"2011/01/01","00:00","12.735","10.386","9.881","5.238","5.218","0.556","0.195","-1.783","0"
"2011/02/01","00:00","12.043","10.199","9.736","5.146","5.115","0.494","0.287","-1.661","0"
"2011/03/01","00:00","12.138","9.989","9.602","5.022","4.986","0.369","0.123","-2.239","0"
"2011/04/01","00:00","12.059","10.143","9.756","5.169","5.13","0.504","0.182","-2.022","0"
"2011/05/01","00:00","12.046","10.346","9.903","5.379","5.343","0.783","0.415","-1.415","0"
"2011/06/01","00:00","12.033","10.478","9.982","5.435","5.402","0.822","0.438","-0.559","0"
"2011/07/01","00:00","11.413","10.425","9.917","5.343","5.3","0.684","0.389","-0.474","0"
"2011/08/01","00:00","11.918","10.445","10.051","5.409","5.36","0.668","0.461","-1.209","0"
"2011/09/01","00:00","12.269","10.261","9.913","5.251","5.222","0.53","0.337","-1.399","0"
"2011/10/01","00:00","12.016","10.386","10.025","5.412","5.364","0.704","0.376","-1.763","0"
"2011/11/01","00:00","12.239","10.068","9.648","5.081","5.041","0.432","0.054","-1.783","0"
"2011/12/01","00:00","12.023","9.877","9.444","4.982","4.953","0.461","0.058","-1.458","0"
"2012/01/01","00:00","11.803","9.93","9.359","4.91","4.881","0.402","0.031","-1.291","0"
"2012/02/01","00:00","10.93","9.89","9.418","4.92","4.89","0.36","0.104","-0.779","0"
"2012/03/01","00:00","10.776","9.756","9.424","4.953","4.928","0.432","0.133","-1.753","0"
"2012/04/01","00:00","11.879","10.104","9.792","5.235","5.199","0.606","0.271","-1.202","0"
"2012/05/01","00:00","11.928","10.159","9.72","5.091","5.064","0.409","-0.001","-1.917","0"
"2012/06/01","00:00","13.017","10.619","10.13","5.504","5.468","0.806","0.389","-1.068","0"
"2012/07/01","00:00","12.043","10.501","9.979","5.314","5.284","0.589","0.235","-1.117","0"
"2012/08/01","00:00","11.688","10.455","9.995","5.376","5.332","0.668","0.412","-0.621","0"
"2012/09/01","00:00","11.409","10.1","9.762","5.241","5.2","0.638","0.435","-0.9","0"
"2012/10/01","00:00","11.882","10.258","9.923","5.442","5.402","0.878","0.553","-1.14","0"
"2012/11/01","00:00","12.233","10.284","9.861","5.268","5.228","0.596","0.189","-1.917","0"
"2012/12/01","00:00","12.007","10.363","9.917","5.389","5.35","0.783","0.392","-1.986","0"
"2013/01/01","00:00","12.239","9.992","9.549","4.992","4.958","0.366","0.028","-1.724","0"
"2013/02/01","00:00","11.77","10.136","9.73","5.064","5.038","0.346","0.051","-1.127","0"
"2013/03/01","00:00","11.908","10.655","10.307","5.478","5.422","0.537","0.3","-1.215","0"
"2013/04/01","00:00","11.751","10.189","9.861","5.064","4.999","0.136","-0.208","-1.927","0"
"2013/05/01","00:00","12.617","10.294","9.913","5.087","5.043","0.173","-0.241","-2.081","0"
"2013/06/01","00:00","12.262","10.504","10.077","5.3","5.255","0.432","0.074","-1.753","0"
"2013/07/01","00:00","12.502","10.451","10.015","5.307","5.268","0.52","0.222","-1.324","0"
"2013/08/01","00:00","11.862","10.337","9.887","5.258","5.236","0.586","0.333","-1.376","0"
"2013/09/01","00:00","11.091","10.169","9.805","5.238","5.2","0.596","0.379","-0.976","0"
"2013/10/01","00:00","11.491","10.107","9.769","5.235","5.21","0.652","0.346","-0.766","0"
"2013/11/01","00:00","11.511","9.949","9.513","4.949","4.915","0.317","-0.093","-1.383","0"
"2013/12/01","00:00","12.003","10.159","9.644","4.926","4.895","0.146","-0.254","-2.531","0"
"2014/01/01","00:00","12.833","10.333","9.799","5.028","4.972","0.146","-0.215","-2.426","0"
"2014/02/01","00:00","11.57","10.061","9.605","4.897","4.874","0.143","-0.152","-2.337","0"
"2014/03/01","00:00","11.718","10.163","9.802","4.963","4.918","0.035","-0.221","-2.118","0"
"2014/04/01","00:00","11.6","10.31","9.959","5.123","5.077","0.195","-0.126","-1.169","0"
"2014/05/01","00:00","11.508","10.458","10.031","5.278","5.233","0.435","0.015","-1.235","0"
"2014/06/01","00:00","12.089","10.425","9.946","5.238","5.194","0.442","0.058","-1.563","0"
"2014/07/01","00:00","12.029","10.343","9.874","5.189","5.143","0.412","0.091","-1.717","0"
"2014/08/01","00:00","11.997","10.297","9.887","5.225","5.182","0.478","0.287","-1.606","0"
"2014/09/01","00:00","11.744","10.173","9.792","5.11","5.074","0.356","0.195","-1.507","0"
"2014/10/01","00:00","11.908","10.425","10.061","5.379","5.353","0.645","0.382","-1.32","0"
"2014/11/01","00:00","11.872","10.222","9.815","5.097","5.061","0.307","-0.028","-1.409","0"
"2014/12/01","00:00","11.797","10.255","9.821","5.074","5.048","0.274","-0.064","-1.583","0"
"2015/01/01","00:00","12.233","9.903","9.454","4.805","4.774","0.094","-0.267","-1.747","0"
"2015/02/01","00:00","12.335","9.999","9.608","4.874","4.821","0.035","-0.251","-2.902","0"
"2015/03/01","00:00","12.003","9.598","9.316","4.638","4.603","-0.11","-0.356","-2.574","0"
"2015/04/01","00:00","12.184","9.986","9.68","4.949","4.9","0.12","-0.159","-1.999","0"
"2015/05/01","00:00","11.445","9.858","9.513","4.841","4.8","0.087","-0.27","-1.609","0"
"2015/06/01","00:00","11.016","10.12","9.703","5.054","5.012","0.32","-0.021","-1.061","0"
"2015/07/01","00:00","11.236","10.366","9.91","5.179","5.14","0.369","0.071","-1.347","0"
"2015/08/01","00:00","11.541","10.261","9.897","5.091","5.04","0.182","-0.018","-1.511","0"
"2015/09/01","00:00","12.115","10.041","9.756","5.022","4.974","0.192","0.048","-2.091","0"
"2015/10/01","00:00","11.997","10.133","9.828","5.084","5.045","0.261","-0.001","-2.118","0"
"2015/11/01","00:00","10.829","9.851","9.529","4.881","4.846","0.163","-0.234","-2.449","0"
"2015/12/01","00:00","11.439","9.936","9.523","4.953","4.923","0.323","-0.097","-1.412","0"
"2016/01/01","00:00","11.613","10.054","9.634","5.068","5.046","0.458","0.146","-1.402","0"
"2016/02/01","00:00","12.407","10.084","9.68","4.933","4.899","0.117","-0.175","-1.704","0"
"2016/03/01","00:00","11.685","9.89","9.585","4.953","4.91","0.235","-0.067","-2.013","0"
"2016/04/01","00:00","12.673","10.035","9.762","5.022","4.981","0.199","-0.188","-2.183","0"
"2016/05/01","00:00","12.377","10.133","9.792","4.995","4.963","0.133","-0.267","-1.97","0"
"2016/06/01","00:00","12.459","10.386","9.936","5.107","5.066","0.195","-0.211","-1.547","0"
"2016/07/01","00:00","11.373","10.386","9.897","5.068","5.04","0.182","-0.159","-1.537","0"
"2016/08/01","00:00","11.147","10.218","9.776","5.031","4.994","0.212","-0.07","-1.038","0"
"2016/09/01","00:00","11.298","10.179","9.835","5.176","5.135","0.435","0.205","-1.163","0"
"2016/10/01","00:00","12.216","10.176","9.838","5.251","5.215","0.592","0.323","-1.242","0"
"2016/11/01","00:00","12.407","10.133","9.769","5.215","5.179","0.589","0.238","-1.678","0"
"2016/12/01","00:00","12.305","10.159","9.7","5.127","5.094","0.487","0.064","-1.911","0"
"2017/01/01","00:00","11.577","10.202","9.68","5.064","5.023","0.366","0.008","-2.137","0"
"2017/02/01","00:00","11.646","10.255","9.851","5.163","5.132","0.412","0.159","-2.062","0"
"2017/03/01","00:00","11.419","9.986","9.634","4.831","4.785","-0.064","-0.366","-1.596","0"
"2017/04/01","00:00","11.934","10.396","10.094","5.271","5.223","0.353","0.041","-1.822","0"
"2017/05/01","00:00","12.935","10.665","10.291","5.471","5.424","0.556","0.182","-1.435","0"
"2017/06/01","00:00","12.6","10.504","10.094","5.346","5.307","0.52","0.107","-1.635","0"
"2017/07/01","00:00","12.092","10.363","9.94","5.278","5.248","0.556","0.245","-1.281","0"
"2017/08/01","00:00","11.616","10.176","9.759","5.212","5.184","0.609","0.356","-0.946","0"
"2017/09/01","00:00","11.055","10.173","9.858","5.287","5.258","0.658","0.448","-0.418","0"
"2017/10/01","00:00","11.298","10.15","9.776","5.205","5.177","0.579","0.3","-0.861","0"
"2017/11/01","00:00","11.78","10.143","9.776","5.169","5.135","0.494","0.117","-1.392","0"
"2017/12/01","00:00","12.01","10.054","9.566","4.894","4.867","0.169","-0.247","-1.885","0"
"2018/01/01","00:00","13.512","10.12","9.602","4.782","4.739","-0.123","-0.467","-2.337","0"
"2018/02/01","00:00","11.98","9.802","9.379","4.716","4.69","0.002","-0.303","-2.495","0"
"2018/03/01","00:00","13.168","10.786","10.399","5.573","5.528","0.658","0.356","-1.31","0"
"2018/04/01","00:00","11.777","10.261","9.972","5.146","5.099","0.225","-0.149","-1.189","0"
"2018/05/01","00:00","11.695","10.333","9.907","5.173","5.125","0.343","-0.074","-1.602","0"
"2018/06/01","00:00","12.364","10.543","10.077","5.386","5.345","0.612","0.186","-1.658","0"
"2018/07/01","00:00","11.977","10.284","9.802","5.163","5.112","0.422","0.054","-1.639","0"
"2018/08/01","00:00","12.003","10.36","9.949","5.323","5.287","0.625","0.379","-1.586","0"
"2018/09/01","00:00","11.806","10.32","9.969","5.31","5.268","0.566","0.376","-1.232","0"
"2018/10/01","00:00","11.734","10.327","9.943","5.3","5.266","0.589","0.297","-1.035","0"
"2018/11/01","00:00","12.512","10.294","9.828","5.189","5.161","0.494","0.031","-1.251","0"
"2018/12/01","00:00","12.21","10.261","9.779","5.11","5.1","0.422","-0.005","-1.579","0"
"2019/01/01","00:00","12.184","10.189","9.723","5.107","5.091","0.458","0.11","-2.245","0"
"2019/02/01","00:00","12.108","9.903","9.467","4.854","4.803","0.14","-0.175","-2.436","0"
"2019/03/01","00:00","12.607","9.992","9.621","5.025","5.004","0.386","0.143","-1.629","0"
"2019/04/01","00:00","11.642","10.012","9.684","5.1","5.068","0.451","0.1","-1.133","0"
"2019/05/01","00:00","11.587","10.195","9.881","5.376","5.345","0.809","0.422","-0.818","0"
"2019/06/01","00:00","11.347","10.35","9.917","5.392","5.364","0.812","0.428","-0.572","0"
"2019/07/01","00:00","11.705","10.435","9.963","5.376","5.343","0.724","0.369","-0.943","0"
"2019/08/01","00:00","11.77","10.389","9.979","5.32","5.278","0.576","0.3","-1.465","0"
"2019/09/01","00:00","11.544","10.205","9.884","5.228","5.186","0.487","0.278","-1.639","0"
"2019/10/01","00:00","12.443","10.442","10.113","5.455","5.422","0.73","0.448","-1.176","0"
"2019/11/01","00:00","11.623","10.153","9.766","5.248","5.214","0.661","0.225","-1.015","0"
"2019/12/01","00:00","12.466","10.173","9.694","5.186","5.161","0.629","0.173","-1.34","0"