"Scenario","Year","Mean_Sea_Level_m","Portland_Annual_Temp","Belfast_Annual_Temp","Moosehead_Annual_Temp","Gardiner_Annual_Temp","Augusta_Annual_Temp","Civilian.Population..Millions.","State_Population","Annual_Inflation","species","Total_Weight_kg","Total_Value","Avg_Market_Price","County","Lobster_Pounds","Lobster_Value","ENSO_Phase","Portland_Annual_Precip","Belfast_Annual_Precip","Moosehead_Annual_Precip","Gardiner_Annual_Precip","Augusta_Annual_Precip","Annual_NAO","GDP..Billions.of.US...","Per.Capita..US...","Annual...Change","Fresh.And.Frozen..Pounds.","Canned..Pounds.","Cured..Pounds.","Total..Pounds.","Fishery_Exports","biomass_mean_region","fishing_pressure_mean_region","Fish_Seafood_Production","Annual_CPI","Predicted_Landings","Predicted_Consumption","Predicted_Exports","Predicted_Market_Value","Predicted_Blue_Economy_Value"
"Baseline",2020,2.14057669631836,47.6642779785755,51.6908669120731,45.2266076346275,46.3049793633605,46.3049793633605,333.163699642443,1392686.06693021,1.82462441006302,"Yellow Eel",32899.6539916667,8214,3.19984417608103,"YORK",3747664,19546973,1,52.4,53.53,50.15,43.04,43.04,-0.318333333333333,1345770,0.42,0.09,15.1,3.8,0.3,19.3,5030274,0.83919598,0.64375,5290540,2.2,32899.6539916667,18.0135000000004,4039649.33239076,0.799100554088685,19492.9863373303
"Baseline",2021,2.14260539518353,47.713449345185,51.8066028926976,45.7008452055285,46.3285252307131,46.3285252307131,335.802105426778,1399615.04524595,1.77701049554618,"Yellow Eel",32955.3122416667,8214,3.19984417608103,"YORK",3747664,19546973,1,52.4,53.53,50.15,43.04,43.04,-0.318333333333333,1345770,0.42,0.09,15.1,3.8,0.3,19.3,5030274,0.83919598,0.64375,5290540,2.2,32955.3122416667,18.0135000000004,4039649.33239076,0.799100554088685,19492.9863373303
"Baseline",2022,2.1446340940487,47.7626207117944,51.9223388733221,46.1750827764296,46.3520710980657,46.3520710980657,338.440511211114,1406544.02356168,1.72939658102932,"Yellow Eel",33346.605375,8214,3.19984417608103,"YORK",3747664,19546973,1,52.4,53.53,50.15,43.04,43.04,-0.318333333333333,1345770,0.42,0.09,15.1,3.8,0.3,19.3,5030274,0.83919598,0.64375,5290540,2.2,33346.605375,18.0135000000004,4039649.33239076,0.798278305006973,19492.9863373303
"Baseline",2023,2.14666279291387,47.8117920784039,52.0380748539466,46.6493203473306,46.3756169654184,46.3756169654184,341.07891699545,1413473.00187742,1.68178266651248,"Yellow Eel",33409.726375,8214,3.19984417608103,"YORK",3747664,19546973,1,52.4,53.53,50.15,43.04,43.04,-0.318333333333333,1345770,0.42,0.09,15.1,3.8,0.3,19.3,5030274,0.83919598,0.64375,5290540,2.2,33409.726375,18.0135000000004,4039649.33239076,0.797737574462026,19492.9863373303
"Baseline",2024,2.14869149177903,47.8609634450134,52.1538108345711,47.1235579182317,46.399162832771,46.399162832771,343.717322779785,1420401.98019315,1.63416875199563,"Yellow Eel",33409.726375,8214,3.19984417608103,"YORK",3747664,19546973,1,52.4,53.53,50.15,43.04,43.04,-0.318333333333333,1345770,0.42,0.09,15.1,3.8,0.3,19.3,5030274,0.83919598,0.64375,5290540,2.2,33409.726375,18.0135000000004,4039649.33239076,0.797737574462026,19492.9863373303
"Baseline",2025,2.1507201906442,47.9101348116229,52.2695468151956,47.5977954891326,46.4227087001236,46.4227087001236,346.355728564121,1427330.95850889,1.58655483747877,"Yellow Eel",33608.4235416667,8214,3.19984417608103,"YORK",3747664,19546973,1,52.4,53.53,50.15,43.04,43.04,-0.318333333333333,1345770,0.42,0.09,15.1,3.8,0.3,19.3,5030274,0.83919598,0.64375,5290540,2.2,33608.4235416667,18.0135000000004,4039649.33239076,0.797737574462026,19492.9863373303
"Baseline",2026,2.15274888950937,47.9593061782323,52.3852827958201,48.0720330600336,46.4462545674762,46.4462545674762,348.994134348456,1434259.93682463,1.53894092296193,"Yellow Eel",33608.4235416667,8214,3.19984417608103,"YORK",3747664,19546973,1,52.4,53.53,50.15,43.04,43.04,-0.318333333333333,1345770,0.42,0.09,15.1,3.8,0.3,19.3,5030274,0.83919598,0.64375,5290540,2.2,33608.4235416667,18.0135000000004,4039649.33239076,0.793896366130648,19492.9863373303
"Baseline",2027,2.15477758837454,48.0084775448418,52.5010187764446,48.5462706309347,46.4698004348288,46.4698004348288,351.632540132792,1441188.91514037,1.49132700844508,"Yellow Eel",33696.2724583333,8214,3.19984417608103,"YORK",3747664,19546973,1,52.4,53.53,50.15,43.04,43.04,-0.318333333333333,1345770,0.42,0.09,15.1,3.8,0.3,19.3,5030274,0.83919598,0.64375,5290540,2.2,33696.2724583333,18.0135000000004,4039649.33239076,0.793894638186051,19492.9863373303
"Baseline",2028,2.15680628723971,48.0576489114513,52.6167547570691,49.0205082018357,46.4933463021815,46.4933463021815,354.270945917127,1448117.8934561,1.44371309392822,"Yellow Eel",33271.2229,8214,3.19984417608103,"YORK",3747664,19546973,1,52.4,53.53,50.15,43.04,43.04,-0.318333333333333,1345770,0.42,0.09,15.1,3.8,0.3,19.3,5030274,0.83919598,0.64375,5290540,2.2,33271.2229,18.0135000000004,4039649.33239076,0.793896366130648,19492.9863373303
"Baseline",2029,2.15883498610488,48.1068202780607,52.7324907376936,49.4947457727368,46.5168921695341,46.5168921695341,356.909351701463,1455046.87177184,1.39609917941138,"Yellow Eel",33486.35605,8214,3.19984417608103,"YORK",3747664,19546973,1,52.4,53.53,50.15,43.04,43.04,-0.318333333333333,1345770,0.42,0.09,15.1,3.8,0.3,19.3,5030274,0.83919598,0.64375,5290540,2.2,33486.35605,18.0135000000004,4039649.33239076,0.793896366130648,19492.9863373303
"Baseline",2030,2.16086368497004,48.1559916446702,52.8482267183181,49.9689833436378,46.5404380368867,46.5404380368867,359.547757485799,1461975.85008758,1.34848526489453,"Yellow Eel",33486.35605,8214,3.19984417608103,"YORK",3747664,19546973,1,52.4,53.53,50.15,43.04,43.04,-0.318333333333333,1345770,0.42,0.09,15.1,3.8,0.3,19.3,5030274,0.83919598,0.64375,5290540,2.2,33486.35605,18.0135000000004,4039649.33239076,0.793897507767317,19492.9863373303
"Baseline",2031,2.16289238383521,48.2051630112797,52.9639626989426,50.4432209145388,46.5639839042393,46.5639839042393,362.186163270134,1468904.82840331,1.30087135037768,"Yellow Eel",34756.98185,8214,3.19984417608103,"YORK",3747664,19546973,1,52.4,53.53,50.15,43.04,43.04,-0.318333333333333,1345770,0.42,0.09,15.1,3.8,0.3,19.3,5030274,0.83919598,0.64375,5290540,2.2,34756.98185,18.0135000000004,4039649.33239076,0.79389577982272,19492.9863373303
"Baseline",2032,2.16492108270038,48.2543343778892,53.0796986795671,50.9174584854399,46.5875297715919,46.5875297715919,364.824569054469,1475833.80671905,1.25325743586083,"Yellow Eel",34770.34185,8214,3.19984417608103,"YORK",3747664,19546973,1,52.4,53.53,50.15,43.04,43.04,-0.318333333333333,1345770,0.42,0.09,15.1,3.8,0.3,19.3,5030274,0.83919598,0.64375,5290540,2.2,34770.34185,18.0135000000004,4039649.33239076,0.763137957945494,19492.9863373303
"Baseline",2033,2.16694978156555,48.3035057444986,53.1954346601916,51.3916960563408,46.6110756389446,46.6110756389446,367.462974838805,1482762.78503479,1.20564352134397,"Yellow Eel",34871.0879833333,8214,3.19984417608103,"YORK",3747664,19546973,1,52.4,53.53,50.15,43.04,43.04,-0.318333333333333,1345770,0.42,0.09,15.1,3.8,0.3,19.3,5030274,0.83919598,0.64375,5290540,2.2,34871.0879833333,18.0135000000004,4039649.33239076,0.763138744152501,19492.9863373303
"Baseline",2034,2.16897848043072,48.3526771111081,53.311170640816,51.8659336272419,46.6346215062972,46.6346215062972,370.10138062314,1489691.76335052,1.15802960682713,"Yellow Eel",34844.9094833333,8214,3.19984417608103,"YORK",3747664,19546973,1,52.4,53.53,50.15,43.04,43.04,-0.318333333333333,1345770,0.42,0.09,15.1,3.8,0.3,19.3,5030274,0.83919598,0.64375,5290540,2.2,34844.9094833333,18.0135000000004,4039649.33239076,0.763220004727079,19492.9863373303
"Baseline",2035,2.17100717929589,48.4018484777176,53.4269066214405,52.3401711981429,46.6581673736498,46.6581673736498,372.739786407476,1496620.74166626,1.11041569231028,"Yellow Eel",34231.6738,8214,3.19984417608103,"YORK",3747664,19546973,1,52.4,53.53,50.15,43.04,43.04,-0.318333333333333,1345770,0.42,0.09,15.1,3.8,0.3,19.3,5030274,0.83919598,0.64375,5290540,2.2,34231.6738,18.0135000000004,4039649.33239076,0.763220004727079,19492.9863373303
"Baseline",2036,2.17303587816106,48.4510198443271,53.542642602065,52.8144087690439,46.6817132410024,46.6817132410024,375.378192191812,1503549.719982,1.06280177779342,"Yellow Eel",34031.1594333333,8214,3.19984417608103,"YORK",3747664,19546973,1,52.4,53.53,50.15,43.04,43.04,-0.318333333333333,1345770,0.42,0.09,15.1,3.8,0.3,19.3,5030274,0.83919598,0.64375,5290540,2.2,34031.1594333333,18.0135000000004,4039649.33239076,0.763220004727079,19492.9863373303
"Baseline",2037,2.17506457702622,48.5001912109365,53.6583785826895,53.288646339945,46.705259108355,46.705259108355,378.016597976147,1510478.69829773,1.01518786327658,"Yellow Eel",34040.5890166667,8214,3.19984417608103,"YORK",3747664,19546973,1,52.4,53.53,50.15,43.04,43.04,-0.318333333333333,1345770,0.42,0.09,15.1,3.8,0.3,19.3,5030274,0.83919598,0.64375,5290540,2.2,34040.5890166667,18.0135000000004,4039649.33239076,0.763231191219699,19482.5655456637
"Baseline",2038,2.17709327589139,48.549362577546,53.774114563314,53.762883910846,46.7288049757077,46.7288049757077,380.655003760482,1517407.67661347,0.967573948759735,"Yellow Eel",34036.4170166667,8214,3.19984417608103,"YORK",3747664,19546973,1,52.4,53.53,50.15,43.04,43.04,-0.318333333333333,1345770,0.42,0.09,15.1,3.8,0.3,19.3,5030274,0.83919598,0.64375,5290540,2.2,34036.4170166667,18.0135000000004,4039649.33239076,0.763231191219699,19482.5655456637
"Baseline",2039,2.17912197475656,48.5985339441555,53.8898505439385,54.237121481747,46.7523508430603,46.7523508430603,383.293409544818,1524336.65492921,0.919960034242877,"Yellow Eel",34036.4170166667,8214,3.19984417608103,"YORK",3747664,19546973,1,52.4,53.53,50.15,43.04,43.04,-0.318333333333333,1345770,0.42,0.09,15.1,3.8,0.3,19.3,5030274,0.83919598,0.64375,5290540,2.2,34036.4170166667,18.0135000000004,4039649.33239076,0.763156964132959,19439.6892379713
"Baseline",2040,2.18115067362173,48.647705310765,54.005586524563,54.711359052648,46.7758967104129,46.7758967104129,385.931815329153,1531265.63324494,0.872346119726032,"Yellow Eel",34120.40485,8214,3.19984417608103,"YORK",3747664,19546973,1,52.4,53.53,50.15,43.04,43.04,-0.318333333333333,1345770,0.42,0.09,15.1,3.8,0.3,19.3,5030274,0.83919598,0.64375,5290540,2.2,34120.40485,18.0135000000004,4039649.33239076,0.763156964132959,19444.0492379714
"Low_Climate",2020,2.14057669631836,47.6642779785755,51.6908669120731,45.2266076346275,46.3049793633605,46.3049793633605,333.163699642443,1392686.06693021,1.82462441006302,"Yellow Eel",32899.6539916667,8214,3.19984417608103,"YORK",3747664,19546973,1,52.4,53.53,50.15,43.04,43.04,-0.318333333333333,1345770,0.42,0.09,15.1,3.8,0.3,19.3,5030274,0.83919598,0.64375,5290540,2.2,32899.6539916667,18.0135000000004,4039649.33239076,0.799100554088685,19492.9863373303
"Low_Climate",2021,2.14288039518353,47.735949345185,51.8291028926976,45.7233452055285,46.3510252307131,46.3510252307131,335.802105426778,1399615.04524595,1.77701049554618,"Yellow Eel",33767.205625,8214,3.19984417608103,"YORK",3747664,19546973,1,52.4,53.53,50.15,43.04,43.04,-0.318333333333333,1345770,0.42,0.09,15.1,3.8,0.3,19.3,5030274,0.83919598,0.64375,5290540,2.2,33767.205625,18.0135000000004,4039649.33239076,0.799098826144087,19492.9863373303
"Low_Climate",2022,2.1457340940487,47.8076207117944,51.9673388733221,46.2200827764296,46.3970710980657,46.3970710980657,338.440511211114,1406544.02356168,1.72939658102932,"Yellow Eel",33409.726375,8214,3.19984417608103,"YORK",3747664,19546973,1,52.4,53.53,50.15,43.04,43.04,-0.318333333333333,1345770,0.42,0.09,15.1,3.8,0.3,19.3,5030274,0.83919598,0.64375,5290540,2.2,33409.726375,18.0135000000004,4039649.33239076,0.798278305006973,19492.9863373303
"Low_Climate",2023,2.14913779291387,47.8792920784039,52.1055748539466,46.7168203473306,46.4431169654184,46.4431169654184,341.07891699545,1413473.00187742,1.68178266651248,"Yellow Eel",33691.2479416667,8214,3.19984417608103,"YORK",3747664,19546973,1,52.4,53.53,50.15,43.04,43.04,-0.318333333333333,1345770,0.42,0.09,15.1,3.8,0.3,19.3,5030274,0.83919598,0.64375,5290540,2.2,33691.2479416667,18.0135000000004,4039649.33239076,0.797735846517429,19492.9863373303
"Low_Climate",2024,2.15309149177903,47.9509634450134,52.2438108345711,47.2135579182317,46.489162832771,46.489162832771,343.717322779785,1420401.98019315,1.63416875199563,"Yellow Eel",33626.0913583333,8214,3.19984417608103,"YORK",3747664,19546973,1,52.4,53.53,50.15,43.04,43.04,-0.318333333333333,1345770,0.42,0.09,15.1,3.8,0.3,19.3,5030274,0.83919598,0.64375,5290540,2.2,33626.0913583333,18.0135000000004,4039649.33239076,0.797737574462026,19492.9863373303
"Low_Climate",2025,2.1575951906442,48.0226348116229,52.3820468151956,47.7102954891326,46.5352087001236,46.5352087001236,346.355728564121,1427330.95850889,1.58655483747877,"Yellow Eel",33911.4056083333,8214,3.19984417608103,"YORK",3747664,19546973,1,52.4,53.53,50.15,43.04,43.04,-0.318333333333333,1345770,0.42,0.09,15.1,3.8,0.3,19.3,5030274,0.83919598,0.64375,5290540,2.2,33911.4056083333,18.0135000000004,4039649.33239076,0.797735846517429,19492.9863373303
"Low_Climate",2026,2.16264888950937,48.0943061782323,52.5202827958201,48.2070330600336,46.5812545674762,46.5812545674762,348.994134348456,1434259.93682463,1.53894092296193,"Yellow Eel",34753.10835,8214,3.19984417608103,"YORK",3747664,19546973,1,52.4,53.53,50.15,43.04,43.04,-0.318333333333333,1345770,0.42,0.09,15.1,3.8,0.3,19.3,5030274,0.83919598,0.64375,5290540,2.2,34753.10835,18.0135000000004,4039649.33239076,0.793894638186051,19492.9863373303
"Low_Climate",2027,2.16825258837454,48.1659775448418,52.6585187764446,48.7037706309347,46.6273004348288,46.6273004348288,351.632540132792,1441188.91514037,1.49132700844508,"Yellow Eel",34867.2144833333,8214,3.19984417608103,"YORK",3747664,19546973,1,52.4,53.53,50.15,43.04,43.04,-0.318333333333333,1345770,0.42,0.09,15.1,3.8,0.3,19.3,5030274,0.83919598,0.64375,5290540,2.2,34867.2144833333,18.0135000000004,4039649.33239076,0.793894638186051,19492.9863373303
"Low_Climate",2028,2.17440628723971,48.2376489114513,52.7967547570691,49.2005082018357,46.6733463021815,46.6733463021815,354.270945917127,1448117.8934561,1.44371309392822,"Yellow Eel",34467.2471333333,8214,3.19984417608103,"YORK",3747664,19546973,1,52.4,53.53,50.15,43.04,43.04,-0.318333333333333,1345770,0.42,0.09,15.1,3.8,0.3,19.3,5030274,0.83919598,0.64375,5290540,2.2,34467.2471333333,18.0135000000004,4039649.33239076,0.793894638186051,19482.5655456637
"Low_Climate",2029,2.18110998610488,48.3093202780607,52.9349907376936,49.6972457727368,46.7193921695341,46.7193921695341,356.909351701463,1455046.87177184,1.39609917941138,"Yellow Eel",34584.5391333333,8214,3.19984417608103,"YORK",3747664,19546973,1,52.4,53.53,50.15,43.04,43.04,-0.318333333333333,1345770,0.42,0.09,15.1,3.8,0.3,19.3,5030274,0.83919598,0.64375,5290540,2.2,34584.5391333333,18.0135000000004,4039649.33239076,0.793894638186051,19444.0492379714
"Low_Climate",2030,2.18836368497004,48.3809916446702,53.0732267183181,50.1939833436378,46.7654380368867,46.7654380368867,359.547757485799,1461975.85008758,1.34848526489453,"Yellow Eel",34584.5391333333,8214,3.19984417608103,"YORK",3747664,19546973,1,52.4,53.53,50.15,43.04,43.04,-0.318333333333333,1345770,0.42,0.09,15.1,3.8,0.3,19.3,5030274,0.83919598,0.64375,5290540,2.2,34584.5391333333,18.0135000000004,4039649.33239076,0.79389577982272,19444.0492379714
"Low_Climate",2031,2.19616738383521,48.4526630112797,53.2114626989426,50.6907209145388,46.8114839042393,46.8114839042393,362.186163270134,1468904.82840331,1.30087135037768,"Yellow Eel",34672.2409,8214,3.19984417608103,"YORK",3747664,19546973,1,52.4,53.53,50.15,43.04,43.04,-0.318333333333333,1345770,0.42,0.09,15.1,3.8,0.3,19.3,5030274,0.83919598,0.64375,5290540,2.2,34672.2409,18.0135000000004,4039649.33239076,0.79389577982272,19821.6387379713
"Low_Climate",2032,2.20452108270038,48.5243343778892,53.3496986795671,51.1874584854399,46.8575297715919,46.8575297715919,364.824569054469,1475833.80671905,1.25325743586083,"Yellow Eel",35590.073975,8214,3.19984417608103,"YORK",3747664,19546973,1,52.4,53.53,50.15,43.04,43.04,-0.318333333333333,1345770,0.42,0.09,15.1,3.8,0.3,19.3,5030274,0.83919598,0.64375,5290540,2.2,35590.073975,18.0135000000004,4039649.33239076,0.763171786737981,22328.8218220686
"Low_Climate",2033,2.21342478156555,48.5960057444986,53.4879346601915,51.6841960563408,46.9035756389446,46.9035756389446,367.462974838805,1482762.78503479,1.20564352134397,"Yellow Eel",35470.5768,8214,3.19984417608103,"YORK",3747664,19546973,1,52.4,53.53,50.15,43.04,43.04,-0.318333333333333,1345770,0.42,0.09,15.1,3.8,0.3,19.3,5030274,0.83919598,0.64375,5290540,2.2,35470.5768,18.0135000000004,4039649.33239076,0.763172572944989,22328.8218220686
"Low_Climate",2034,2.22287848043072,48.6676771111081,53.626170640816,52.1809336272419,46.9496215062972,46.9496215062972,370.10138062314,1489691.76335052,1.15802960682713,"Yellow Eel",35393.5058833333,8214,3.19984417608103,"YORK",3747664,19546973,1,52.4,53.53,50.15,43.04,43.04,-0.318333333333333,1345770,0.42,0.09,15.1,3.8,0.3,19.3,5030274,0.83919598,0.64375,5290540,2.2,35393.5058833333,18.0135000000004,4039649.33239076,0.763253833519567,22328.8218220686
"Low_Climate",2035,2.23288217929589,48.7393484777176,53.7644066214405,52.6776711981429,46.9956673736498,46.9956673736498,372.739786407476,1496620.74166626,1.11041569231028,"Yellow Eel",35393.5058833333,8214,3.19984417608103,"YORK",3747664,19546973,1,52.4,53.53,50.15,43.04,43.04,-0.318333333333333,1345770,0.42,0.09,15.1,3.8,0.3,19.3,5030274,0.83919598,0.64375,5290540,2.2,35393.5058833333,18.0135000000004,4039649.33239076,0.763253833519567,22328.8218220686
"Low_Climate",2036,2.24343587816105,48.8110198443271,53.902642602065,53.1744087690439,47.0417132410024,47.0417132410024,375.378192191812,1503549.719982,1.06280177779342,"Yellow Eel",35186.0468833333,8214,3.19984417608103,"YORK",3747664,19546973,1,52.4,53.53,50.15,43.04,43.04,-0.318333333333333,1345770,0.42,0.09,15.1,3.8,0.3,19.3,5030274,0.83919598,0.64375,5290540,2.2,35186.0468833333,18.0135000000004,4039649.33239076,0.763220004727079,22328.8218220686
"Low_Climate",2037,2.25453957702622,48.8826912109365,54.0408785826895,53.671146339945,47.087759108355,47.087759108355,378.016597976147,1510478.69829773,1.01518786327658,"Yellow Eel",35483.3983666666,8214,3.19984417608103,"YORK",3747664,19546973,1,52.4,53.53,50.15,43.04,43.04,-0.318333333333333,1345770,0.42,0.09,15.1,3.8,0.3,19.3,5030274,0.83919598,0.64375,5290540,2.2,35483.3983666666,18.0135000000004,4039649.33239076,0.763265020012187,22677.4727506401
"Low_Climate",2038,2.26619327589139,48.954362577546,54.179114563314,54.167883910846,47.1338049757077,47.1338049757077,380.655003760482,1517407.67661347,0.967573948759735,"Yellow Eel",35483.3983666666,8214,3.19984417608103,"YORK",3747664,19546973,1,52.4,53.53,50.15,43.04,43.04,-0.318333333333333,1345770,0.42,0.09,15.1,3.8,0.3,19.3,5030274,0.83919598,0.64375,5290540,2.2,35483.3983666666,18.0135000000004,4039649.33239076,0.763265020012187,22677.4727506401
"Low_Climate",2039,2.27839697475656,49.0260339441555,54.3173505439385,54.664621481747,47.1798508430603,47.1798508430603,383.293409544818,1524336.65492921,0.919960034242877,"Yellow Eel",35448.1613666666,8214,3.19984417608103,"YORK",3747664,19546973,1,52.4,53.53,50.15,43.04,43.04,-0.318333333333333,1345770,0.42,0.09,15.1,3.8,0.3,19.3,5030274,0.83919598,0.64375,5290540,2.2,35448.1613666666,18.0135000000004,4039649.33239076,0.763190792925446,22677.4727506401
"Low_Climate",2040,2.29115067362173,49.097705310765,54.455586524563,55.1613590526481,47.2258967104129,47.2258967104129,385.931815329153,1531265.63324494,0.872346119726032,"Yellow Eel",35448.1613666666,8214,3.19984417608103,"YORK",3747664,19546973,1,52.4,53.53,50.15,43.04,43.04,-0.318333333333333,1345770,0.42,0.09,15.1,3.8,0.3,19.3,5030274,0.83919598,0.64375,5290540,2.2,35448.1613666666,18.0135000000004,4039649.33239076,0.763190792925446,22677.4727506401
"Moderate_Climate",2020,2.14057669631836,47.6642779785755,51.6908669120731,45.2266076346275,46.3049793633605,46.3049793633605,333.163699642443,1392686.06693021,1.82462441006302,"Yellow Eel",32899.6539916667,8214,3.19984417608103,"YORK",3747664,19546973,1,52.4,53.53,50.15,43.04,43.04,-0.318333333333333,1345770,0.42,0.09,15.1,3.8,0.3,19.3,5030274,0.83919598,0.64375,5290540,2.2,32899.6539916667,18.0135000000004,4039649.33239076,0.799100554088685,19492.9863373303
"Moderate_Climate",2021,2.1432720618502,47.747199345185,51.8516028926976,45.7345952055285,46.3622752307131,46.3622752307131,335.802105426778,1399615.04524595,1.77701049554618,"Yellow Eel",33767.205625,8214,3.19984417608103,"YORK",3747664,19546973,1,52.4,53.53,50.15,43.04,43.04,-0.318333333333333,1345770,0.42,0.09,15.1,3.8,0.3,19.3,5030274,0.83919598,0.64375,5290540,2.2,33767.205625,18.0135000000004,4039649.33239076,0.799098826144087,19492.9863373303
"Moderate_Climate",2022,2.14730076071536,47.8301207117944,52.0123388733221,46.2425827764296,46.4195710980657,46.4195710980657,338.440511211114,1406544.02356168,1.72939658102932,"Yellow Eel",33691.2479416667,8214,3.19984417608103,"YORK",3747664,19546973,1,52.4,53.53,50.15,43.04,43.04,-0.318333333333333,1345770,0.42,0.09,15.1,3.8,0.3,19.3,5030274,0.83919598,0.64375,5290540,2.2,33691.2479416667,18.0135000000004,4039649.33239076,0.798276577062376,19492.9863373303
"Moderate_Climate",2023,2.15266279291387,47.9130420784039,52.1730748539466,46.7505703473306,46.4768669654184,46.4768669654184,341.07891699545,1413473.00187742,1.68178266651248,"Yellow Eel",33626.0913583333,8214,3.19984417608103,"YORK",3747664,19546973,1,52.4,53.53,50.15,43.04,43.04,-0.318333333333333,1345770,0.42,0.09,15.1,3.8,0.3,19.3,5030274,0.83919598,0.64375,5290540,2.2,33626.0913583333,18.0135000000004,4039649.33239076,0.797737574462026,19492.9863373303
"Moderate_Climate",2024,2.1593581584457,47.9959634450134,52.3338108345711,47.2585579182317,46.534162832771,46.534162832771,343.717322779785,1420401.98019315,1.63416875199563,"Yellow Eel",33911.4056083333,8214,3.19984417608103,"YORK",3747664,19546973,1,52.4,53.53,50.15,43.04,43.04,-0.318333333333333,1345770,0.42,0.09,15.1,3.8,0.3,19.3,5030274,0.83919598,0.64375,5290540,2.2,33911.4056083333,18.0135000000004,4039649.33239076,0.797735846517429,19492.9863373303
"Moderate_Climate",2025,2.16738685731087,48.0788848116229,52.4945468151956,47.7665454891326,46.5914587001236,46.5914587001236,346.355728564121,1427330.95850889,1.58655483747877,"Yellow Eel",35191.5179083333,8214,3.19984417608103,"YORK",3747664,19546973,1,52.4,53.53,50.15,43.04,43.04,-0.318333333333333,1345770,0.42,0.09,15.1,3.8,0.3,19.3,5030274,0.83919598,0.64375,5290540,2.2,35191.5179083333,18.0135000000004,4039649.33239076,0.797735846517429,19492.9863373303
"Moderate_Climate",2026,2.17674888950937,48.1618061782323,52.6552827958201,48.2745330600336,46.6487545674762,46.6487545674762,348.994134348456,1434259.93682463,1.53894092296193,"Yellow Eel",34882.3781833333,8214,3.19984417608103,"YORK",3747664,19546973,1,52.4,53.53,50.15,43.04,43.04,-0.318333333333333,1345770,0.42,0.09,15.1,3.8,0.3,19.3,5030274,0.83919598,0.64375,5290540,2.2,34882.3781833333,18.0135000000004,4039649.33239076,0.793894638186051,19482.5655456637
"Moderate_Climate",2027,2.18744425504121,48.2447275448418,52.8160187764446,48.7825206309347,46.7060504348288,46.7060504348288,351.632540132792,1441188.91514037,1.49132700844508,"Yellow Eel",34553.7476333333,8214,3.19984417608103,"YORK",3747664,19546973,1,52.4,53.53,50.15,43.04,43.04,-0.318333333333333,1345770,0.42,0.09,15.1,3.8,0.3,19.3,5030274,0.83919598,0.64375,5290540,2.2,34553.7476333333,18.0135000000004,4039649.33239076,0.793894638186051,19444.0492379714
"Moderate_Climate",2028,2.19947295390638,48.3276489114513,52.9767547570691,49.2905082018357,46.7633463021815,46.7633463021815,354.270945917127,1448117.8934561,1.44371309392822,"Yellow Eel",35195.5986333333,8214,3.19984417608103,"YORK",3747664,19546973,1,52.4,53.53,50.15,43.04,43.04,-0.318333333333333,1345770,0.42,0.09,15.1,3.8,0.3,19.3,5030274,0.83919598,0.64375,5290540,2.2,35195.5986333333,18.0135000000004,4039649.33239076,0.793894638186051,22328.8218220686
"Moderate_Climate",2029,2.21283498610488,48.4105702780607,53.1374907376936,49.7984957727368,46.8206421695341,46.8206421695341,356.909351701463,1455046.87177184,1.39609917941138,"Yellow Eel",35106.6549,8214,3.19984417608103,"YORK",3747664,19546973,1,52.4,53.53,50.15,43.04,43.04,-0.318333333333333,1345770,0.42,0.09,15.1,3.8,0.3,19.3,5030274,0.83919598,0.64375,5290540,2.2,35106.6549,18.0135000000004,4039649.33239076,0.793894638186051,22328.8218220686
"Moderate_Climate",2030,2.22753035163671,48.4934916446702,53.2982267183181,50.3064833436378,46.8779380368867,46.8779380368867,359.547757485799,1461975.85008758,1.34848526489453,"Yellow Eel",35590.073975,8214,3.19984417608103,"YORK",3747664,19546973,1,52.4,53.53,50.15,43.04,43.04,-0.318333333333333,1345770,0.42,0.09,15.1,3.8,0.3,19.3,5030274,0.83919598,0.64375,5290540,2.2,35590.073975,18.0135000000004,4039649.33239076,0.793929608615208,22328.8218220686
"Moderate_Climate",2031,2.24355905050188,48.5764130112797,53.4589626989426,50.8144709145388,46.9352339042393,46.9352339042393,362.186163270134,1468904.82840331,1.30087135037768,"Yellow Eel",35470.5768,8214,3.19984417608103,"YORK",3747664,19546973,1,52.4,53.53,50.15,43.04,43.04,-0.318333333333333,1345770,0.42,0.09,15.1,3.8,0.3,19.3,5030274,0.83919598,0.64375,5290540,2.2,35470.5768,18.0135000000004,4039649.33239076,0.793929608615208,22328.8218220686
"Moderate_Climate",2032,2.26092108270038,48.6593343778892,53.6196986795671,51.3224584854399,46.9925297715919,46.9925297715919,364.824569054469,1475833.80671905,1.25325743586083,"Yellow Eel",35737.2326333333,8214,3.19984417608103,"YORK",3747664,19546973,1,52.4,53.53,50.15,43.04,43.04,-0.318333333333333,1345770,0.42,0.09,15.1,3.8,0.3,19.3,5030274,0.83919598,0.64375,5290540,2.2,35737.2326333333,18.0135000000004,4039649.33239076,0.763171786737981,22677.4727506401
"Moderate_Climate",2033,2.27961644823222,48.7422557444986,53.7804346601916,51.8304460563408,47.0498256389446,47.0498256389446,367.462974838805,1482762.78503479,1.20564352134397,"Yellow Eel",35529.7736333333,8214,3.19984417608103,"YORK",3747664,19546973,1,52.4,53.53,50.15,43.04,43.04,-0.318333333333333,1345770,0.42,0.09,15.1,3.8,0.3,19.3,5030274,0.83919598,0.64375,5290540,2.2,35529.7736333333,18.0135000000004,4039649.33239076,0.763172572944989,22677.4727506401
"Moderate_Climate",2034,2.29964514709738,48.8251771111081,53.941170640816,52.3384336272419,47.1071215062972,47.1071215062972,370.10138062314,1489691.76335052,1.15802960682713,"Yellow Eel",35493.0533,8214,3.19984417608103,"YORK",3747664,19546973,1,52.4,53.53,50.15,43.04,43.04,-0.318333333333333,1345770,0.42,0.09,15.1,3.8,0.3,19.3,5030274,0.83919598,0.64375,5290540,2.2,35493.0533,18.0135000000004,4039649.33239076,0.763253833519567,22677.4727506401
"Moderate_Climate",2035,2.32100717929589,48.9080984777176,54.1019066214405,52.8464211981429,47.1644173736498,47.1644173736498,372.739786407476,1496620.74166626,1.11041569231028,"Yellow Eel",35448.1613666666,8214,3.19984417608103,"YORK",3747664,19546973,1,52.4,53.53,50.15,43.04,43.04,-0.318333333333333,1345770,0.42,0.09,15.1,3.8,0.3,19.3,5030274,0.83919598,0.64375,5290540,2.2,35448.1613666666,18.0135000000004,4039649.33239076,0.763253833519567,22677.4727506401
"Moderate_Climate",2036,2.34370254482772,48.9910198443271,54.262642602065,53.3544087690439,47.2217132410024,47.2217132410024,375.378192191812,1503549.719982,1.06280177779342,"Yellow Eel",35448.1613666666,8214,3.19984417608103,"YORK",3747664,19546973,1,52.4,53.53,50.15,43.04,43.04,-0.318333333333333,1345770,0.42,0.09,15.1,3.8,0.3,19.3,5030274,0.83919598,0.64375,5290540,2.2,35448.1613666666,18.0135000000004,4039649.33239076,0.763253833519567,22677.4727506401
"Moderate_Climate",2037,2.36773124369289,49.0739412109365,54.4233785826895,53.862396339945,47.279009108355,47.279009108355,378.016597976147,1510478.69829773,1.01518786327658,"Yellow Eel",35218.61,8214,3.19984417608103,"YORK",3747664,19546973,1,52.4,53.53,50.15,43.04,43.04,-0.318333333333333,1345770,0.42,0.09,15.1,3.8,0.3,19.3,5030274,0.83919598,0.64375,5290540,2.2,35218.61,18.0135000000004,4039649.33239076,0.763231191219699,22677.4727506401
"Moderate_Climate",2038,2.39309327589139,49.156862577546,54.584114563314,54.370383910846,47.3363049757077,47.3363049757077,380.655003760482,1517407.67661347,0.967573948759735,"Yellow Eel",34817.9606333333,8214,3.19984417608103,"YORK",3747664,19546973,1,52.4,53.53,50.15,43.04,43.04,-0.318333333333333,1345770,0.42,0.09,15.1,3.8,0.3,19.3,5030274,0.83919598,0.64375,5290540,2.2,34817.9606333333,18.0135000000004,4039649.33239076,0.763231191219699,22677.4727506401
"Moderate_Climate",2039,2.41978864142323,49.2397839441555,54.7448505439385,54.878371481747,47.3936008430603,47.3936008430603,383.293409544818,1524336.65492921,0.919960034242877,"Yellow Eel",34466.9888666667,8214,3.19984417608103,"YORK",3747664,19546973,1,52.4,53.53,50.15,43.04,43.04,-0.318333333333333,1345770,0.42,0.09,15.1,3.8,0.3,19.3,5030274,0.83919598,0.64375,5290540,2.2,34466.9888666667,18.0135000000004,4039649.33239076,0.763156964132959,22677.4727506401
"Moderate_Climate",2040,2.44781734028839,49.322705310765,54.905586524563,55.386359052648,47.4508967104129,47.4508967104129,385.931815329153,1531265.63324494,0.872346119726032,"Yellow Eel",33531.5445666667,8214,3.19984417608103,"YORK",3747664,19546973,1,52.4,53.53,50.15,43.04,43.04,-0.318333333333333,1345770,0.42,0.09,15.1,3.8,0.3,19.3,5030274,0.83919598,0.64375,5290540,2.2,33531.5445666667,18.0135000000004,4039649.33239076,0.763158692077556,22677.4727506401
"Extreme_Climate",2020,2.14057669631836,47.6642779785755,51.6908669120731,45.2266076346275,46.3049793633605,46.3049793633605,333.163699642443,1392686.06693021,1.82462441006302,"Yellow Eel",32899.6539916667,8214,3.19984417608103,"YORK",3747664,19546973,1,52.4,53.53,50.15,43.04,43.04,-0.318333333333333,1345770,0.42,0.09,15.1,3.8,0.3,19.3,5030274,0.83919598,0.64375,5290540,2.2,32899.6539916667,18.0135000000004,4039649.33239076,0.799100554088685,19492.9863373303
"Extreme_Climate",2021,2.14323039518353,47.768449345185,51.8616028926976,45.7558452055285,46.3835252307131,46.3835252307131,335.802105426778,1399615.04524595,1.77701049554618,"Yellow Eel",33767.205625,8214,3.19984417608103,"YORK",3747664,19546973,1,52.4,53.53,50.15,43.04,43.04,-0.318333333333333,1345770,0.42,0.09,15.1,3.8,0.3,19.3,5030274,0.83919598,0.64375,5290540,2.2,33767.205625,18.0135000000004,4039649.33239076,0.799098826144087,19492.9863373303
"Extreme_Climate",2022,2.1471340940487,47.8726207117944,52.0323388733221,46.2850827764296,46.4620710980657,46.4620710980657,338.440511211114,1406544.02356168,1.72939658102932,"Yellow Eel",33779.0968583333,8214,3.19984417608103,"YORK",3747664,19546973,1,52.4,53.53,50.15,43.04,43.04,-0.318333333333333,1345770,0.42,0.09,15.1,3.8,0.3,19.3,5030274,0.83919598,0.64375,5290540,2.2,33779.0968583333,18.0135000000004,4039649.33239076,0.798276577062376,19492.9863373303
"Extreme_Climate",2023,2.15228779291387,47.9767920784039,52.2030748539466,46.8143203473306,46.5406169654184,46.5406169654184,341.07891699545,1413473.00187742,1.68178266651248,"Yellow Eel",33841.2245083333,8214,3.19984417608103,"YORK",3747664,19546973,1,52.4,53.53,50.15,43.04,43.04,-0.318333333333333,1345770,0.42,0.09,15.1,3.8,0.3,19.3,5030274,0.83919598,0.64375,5290540,2.2,33841.2245083333,18.0135000000004,4039649.33239076,0.797735846517429,19492.9863373303
"Extreme_Climate",2024,2.15869149177903,48.0809634450134,52.3738108345711,47.3435579182317,46.619162832771,46.619162832771,343.717322779785,1420401.98019315,1.63416875199563,"Yellow Eel",35267.1766416667,8214,3.19984417608103,"YORK",3747664,19546973,1,52.4,53.53,50.15,43.04,43.04,-0.318333333333333,1345770,0.42,0.09,15.1,3.8,0.3,19.3,5030274,0.83919598,0.64375,5290540,2.2,35267.1766416667,18.0135000000004,4039649.33239076,0.797735846517429,19492.9863373303
"Extreme_Climate",2025,2.1663451906442,48.1851348116229,52.5445468151956,47.8727954891326,46.6977087001236,46.6977087001236,346.355728564121,1427330.95850889,1.58655483747877,"Yellow Eel",34479.0014333333,8214,3.19984417608103,"YORK",3747664,19546973,1,52.4,53.53,50.15,43.04,43.04,-0.318333333333333,1345770,0.42,0.09,15.1,3.8,0.3,19.3,5030274,0.83919598,0.64375,5290540,2.2,34479.0014333333,18.0135000000004,4039649.33239076,0.797735846517429,19492.9863373303
"Extreme_Climate",2026,2.17524888950937,48.2893061782323,52.7152827958201,48.4020330600336,46.7762545674762,46.7762545674762,348.994134348456,1434259.93682463,1.53894092296193,"Yellow Eel",34553.7476333333,8214,3.19984417608103,"YORK",3747664,19546973,1,52.4,53.53,50.15,43.04,43.04,-0.318333333333333,1345770,0.42,0.09,15.1,3.8,0.3,19.3,5030274,0.83919598,0.64375,5290540,2.2,34553.7476333333,18.0135000000004,4039649.33239076,0.793894638186051,19482.5655456637
"Extreme_Climate",2027,2.18540258837454,48.3934775448418,52.8860187764446,48.9312706309347,46.8548004348288,46.8548004348288,351.632540132792,1441188.91514037,1.49132700844508,"Yellow Eel",35214.5878083333,8214,3.19984417608103,"YORK",3747664,19546973,1,52.4,53.53,50.15,43.04,43.04,-0.318333333333333,1345770,0.42,0.09,15.1,3.8,0.3,19.3,5030274,0.83919598,0.64375,5290540,2.2,35214.5878083333,18.0135000000004,4039649.33239076,0.793894638186051,19444.0492379714
"Extreme_Climate",2028,2.19680628723971,48.4976489114513,53.0567547570691,49.4605082018357,46.9333463021815,46.9333463021815,354.270945917127,1448117.8934561,1.44371309392822,"Yellow Eel",35339.0874166666,8214,3.19984417608103,"YORK",3747664,19546973,1,52.4,53.53,50.15,43.04,43.04,-0.318333333333333,1345770,0.42,0.09,15.1,3.8,0.3,19.3,5030274,0.83919598,0.64375,5290540,2.2,35339.0874166666,18.0135000000004,4039649.33239076,0.793928466978539,19821.6387379713
"Extreme_Climate",2029,2.20945998610488,48.6018202780607,53.2274907376936,49.9897457727368,47.0118921695341,47.0118921695341,356.909351701463,1455046.87177184,1.39609917941138,"Yellow Eel",35570.2144166666,8214,3.19984417608103,"YORK",3747664,19546973,1,52.4,53.53,50.15,43.04,43.04,-0.318333333333333,1345770,0.42,0.09,15.1,3.8,0.3,19.3,5030274,0.83919598,0.64375,5290540,2.2,35570.2144166666,18.0135000000004,4039649.33239076,0.793928466978539,22328.8218220686
"Extreme_Climate",2030,2.22336368497004,48.7059916446702,53.3982267183181,50.5189833436378,47.0904380368867,47.0904380368867,359.547757485799,1461975.85008758,1.34848526489453,"Yellow Eel",35485.8610833333,8214,3.19984417608103,"YORK",3747664,19546973,1,52.4,53.53,50.15,43.04,43.04,-0.318333333333333,1345770,0.42,0.09,15.1,3.8,0.3,19.3,5030274,0.83919598,0.64375,5290540,2.2,35485.8610833333,18.0135000000004,4039649.33239076,0.793929608615208,22328.8218220686
"Extreme_Climate",2031,2.23851738383521,48.8101630112797,53.5689626989426,51.0482209145388,47.1689839042393,47.1689839042393,362.186163270134,1468904.82840331,1.30087135037768,"Yellow Eel",35173.8779666667,8214,3.19984417608103,"YORK",3747664,19546973,1,52.4,53.53,50.15,43.04,43.04,-0.318333333333333,1345770,0.42,0.09,15.1,3.8,0.3,19.3,5030274,0.83919598,0.64375,5290540,2.2,35173.8779666667,18.0135000000004,4039649.33239076,0.79389577982272,22328.8218220686
"Extreme_Climate",2032,2.25492108270038,48.9143343778892,53.7396986795671,51.5774584854398,47.2475297715919,47.2475297715919,364.824569054469,1475833.80671905,1.25325743586083,"Yellow Eel",35440.5338,8214,3.19984417608103,"YORK",3747664,19546973,1,52.4,53.53,50.15,43.04,43.04,-0.318333333333333,1345770,0.42,0.09,15.1,3.8,0.3,19.3,5030274,0.83919598,0.64375,5290540,2.2,35440.5338,18.0135000000004,4039649.33239076,0.763171786737981,22677.4727506401
"Extreme_Climate",2033,2.27257478156555,49.0185057444986,53.9104346601916,52.1066960563408,47.3260756389446,47.3260756389446,367.462974838805,1482762.78503479,1.20564352134397,"Yellow Eel",35074.5269,8214,3.19984417608103,"YORK",3747664,19546973,1,52.4,53.53,50.15,43.04,43.04,-0.318333333333333,1345770,0.42,0.09,15.1,3.8,0.3,19.3,5030274,0.83919598,0.64375,5290540,2.2,35074.5269,18.0135000000004,4039649.33239076,0.763138744152501,22677.4727506401
"Extreme_Climate",2034,2.29147848043072,49.1226771111081,54.081170640816,52.6359336272419,47.4046215062972,47.4046215062972,370.10138062314,1489691.76335052,1.15802960682713,"Yellow Eel",34713.9002,8214,3.19984417608103,"YORK",3747664,19546973,1,52.4,53.53,50.15,43.04,43.04,-0.318333333333333,1345770,0.42,0.09,15.1,3.8,0.3,19.3,5030274,0.83919598,0.64375,5290540,2.2,34713.9002,18.0135000000004,4039649.33239076,0.763220004727079,22677.4727506401
"Extreme_Climate",2035,2.31163217929589,49.2268484777176,54.2519066214405,53.1651711981429,47.4831673736498,47.4831673736498,372.739786407476,1496620.74166626,1.11041569231028,"Yellow Eel",33778.4559,8214,3.19984417608103,"YORK",3747664,19546973,1,52.4,53.53,50.15,43.04,43.04,-0.318333333333333,1345770,0.42,0.09,15.1,3.8,0.3,19.3,5030274,0.83919598,0.64375,5290540,2.2,33778.4559,18.0135000000004,4039649.33239076,0.763220004727079,22677.4727506401
"Extreme_Climate",2036,2.33303587816106,49.3310198443271,54.422642602065,53.6944087690439,47.5617132410024,47.5617132410024,375.378192191812,1503549.719982,1.06280177779342,"Yellow Eel",33671.9964,8214,3.19984417608103,"YORK",3747664,19546973,1,52.4,53.53,50.15,43.04,43.04,-0.318333333333333,1345770,0.42,0.09,15.1,3.8,0.3,19.3,5030274,0.83919598,0.64375,5290540,2.2,33671.9964,18.0135000000004,4039649.33239076,0.763220004727079,22677.4727506401
"Extreme_Climate",2037,2.35568957702622,49.4351912109365,54.5933785826895,54.223646339945,47.640259108355,47.640259108355,378.016597976147,1510478.69829773,1.01518786327658,"Yellow Eel",33317.3100666667,8214,3.19984417608103,"YORK",3747664,19546973,1,52.4,53.53,50.15,43.04,43.04,-0.318333333333333,1345770,0.42,0.09,15.1,3.8,0.3,19.3,5030274,0.83919598,0.64375,5290540,2.2,33317.3100666667,18.0135000000004,4039649.33239076,0.763232919164296,22677.4727506401
"Extreme_Climate",2038,2.37959327589139,49.539362577546,54.764114563314,54.752883910846,47.7188049757077,47.7188049757077,380.655003760482,1517407.67661347,0.967573948759735,"Yellow Eel",33554.4037666667,8214,3.19984417608103,"YORK",3747664,19546973,1,52.4,53.53,50.15,43.04,43.04,-0.318333333333333,1345770,0.42,0.09,15.1,3.8,0.3,19.3,5030274,0.83919598,0.64375,5290540,2.2,33554.4037666667,18.0135000000004,4039649.33239076,0.763232919164296,22677.4727506401
"Extreme_Climate",2039,2.40474697475656,49.6435339441555,54.9348505439385,55.282121481747,47.7973508430603,47.7973508430603,383.293409544818,1524336.65492921,0.919960034242877,"Yellow Eel",33589.6210666667,8214,3.19984417608103,"YORK",3747664,19546973,1,52.4,53.53,50.15,43.04,43.04,-0.318333333333333,1345770,0.42,0.09,15.1,3.8,0.3,19.3,5030274,0.83919598,0.64375,5290540,2.2,33589.6210666667,18.0135000000004,4039649.33239076,0.763158692077556,22677.4727506401
"Extreme_Climate",2040,2.43115067362173,49.747705310765,55.105586524563,55.8113590526481,47.8758967104129,47.8758967104129,385.931815329153,1531265.63324494,0.872346119726032,"Yellow Eel",38037.4880416666,8214,3.19984417608103,"YORK",3747664,19546973,1,52.4,53.53,50.15,43.04,43.04,-0.318333333333333,1345770,0.42,0.09,15.1,3.8,0.3,19.3,5030274,0.83919598,0.64375,5290540,2.2,38037.4880416666,17.9883992475584,4030353.90849395,0.753166754924199,22667.7605006401
