Entity,Code,Year,biomass_mean_region
US Northeast Coast,,1970,0.807987711213518
US Northeast Coast,,1971,0.908629587476552
US Northeast Coast,,1972,0.895963422746652
US Northeast Coast,,1973,0.614070351758794
US Northeast Coast,,1974,0.574874371859296
US Northeast Coast,,1975,0.5554703485771589
US Northeast Coast,,1976,0.8196581483302391
US Northeast Coast,,1977,1.16436251920123
US Northeast Coast,,1978,1.07857142857143
US Northeast Coast,,1979,0.684285714285714
US Northeast Coast,,1980,0.921676825558227
US Northeast Coast,,1981,1.01382488479263
US Northeast Coast,,1982,0.9185867895545309
US Northeast Coast,,1983,0.814132104454685
US Northeast Coast,,1984,0.8537932544921741
US Northeast Coast,,1985,0.623655913978495
US Northeast Coast,,1986,0.627145799954223
US Northeast Coast,,1987,0.613065326633166
US Northeast Coast,,1988,0.6507972838941021
US Northeast Coast,,1989,0.565669145412691
US Northeast Coast,,1990,0.584924623115578
US Northeast Coast,,1991,0.5816880641565071
US Northeast Coast,,1992,0.551134689065723
US Northeast Coast,,1993,0.527744812457295
US Northeast Coast,,1994,0.515158053727479
US Northeast Coast,,1995,0.51044776119403
US Northeast Coast,,1996,0.6530861371786071
US Northeast Coast,,1997,0.4747006149530689
US Northeast Coast,,1998,0.574431218924213
US Northeast Coast,,1999,0.556592039800995
US Northeast Coast,,2000,0.6644010500953
US Northeast Coast,,2001,0.705373808822085
US Northeast Coast,,2002,0.6455209120005749
US Northeast Coast,,2003,0.62234269124517
US Northeast Coast,,2004,0.60597380166893
US Northeast Coast,,2005,0.6587880753214671
US Northeast Coast,,2006,0.6719232084265261
US Northeast Coast,,2007,0.719620476327852
US Northeast Coast,,2008,0.8850415578311179
US Northeast Coast,,2009,0.9918364232852671
US Northeast Coast,,2010,0.960295475530933
US Northeast Coast,,2011,0.9373478279217958
US Northeast Coast,,2012,0.9842093878433921
US Northeast Coast,,2013,0.9949748743718589
US Northeast Coast,,2014,0.839246204318303
US Northeast Coast,,2015,0.876381909547739
US Northeast Coast,,2016,0.839195979899497