{
  "chart": {
    "title": "Health of fish stocks by region",
    "subtitle": "Fish stocks are measured by their biomass: the number of individuals multiplied by their mass. Here the biomass of a fish stock is divided by the biomass at its [maximum sustainable yield](#dod:msy). A value of one maximizes fish catch without decreasing fish populations.",
    "citation": "RAM Legacy Database; Hilborn,et al. (2020). Effective fisheries management instrumental in improving fish stock status.",
    "originalChartUrl": "https://ourworldindata.org/grapher/biomass-fish-stocks-region?country=~US+Northeast+Coast&v=1&csvType=filtered&useColumnShortNames=false",
    "selection": [
      "Australia",
      "Indian Ocean tunas",
      "Pacific Ocean tunas",
      "Canada East Coast",
      "Japan",
      "South America"
    ]
  },
  "columns": {
    "biomass_mean_region": {
      "titleShort": "biomass_mean_region",
      "titleLong": "biomass_mean_region",
      "unit": "",
      "timespan": "",
      "type": "Numeric",
      "owidVariableId": 176072,
      "citationShort": " – processed by Our World in Data",
      "citationLong": " – processed by Our World in Data. “biomass_mean_region” [dataset]. RAM Legacy Database; Hilborn,et al. (2020). Effective fisheries management instrumental in improving fish stock status. [original data].",
      "fullMetadata": "https://api.ourworldindata.org/v1/indicators/176072.metadata.json"
    }
  },
  "dateDownloaded": "2025-03-14",
  "activeFilters": {
    "country": "~US Northeast Coast"
  }
}