"Scenario","Year","Mean_Sea_Level_m","Portland_Annual_Temp","Belfast_Annual_Temp","Moosehead_Annual_Temp","Gardiner_Annual_Temp","Augusta_Annual_Temp","Annual_NAO","Civilian_Population_Millions","State_Population","species","Total_Weight_kg","Total_Value","Avg_Market_Price","County","Lobster_Pounds","Lobster_Value","ENSO_Phase","Portland_Annual_Precip","Belfast_Annual_Precip","Moosehead_Annual_Precip","Gardiner_Annual_Precip","Augusta_Annual_Precip","GDP..Billions.of.US...","Per.Capita..US...","Annual...Change","Civilian.Population..Millions.","Fresh.And.Frozen..Pounds.","Canned..Pounds.","Cured..Pounds.","Total..Pounds.","Fishery_Exports","Predicted_Landings","Predicted_Consumption","Predicted_Exports","Predicted_Market_Value","Predicted_Blue_Economy_Value"
"Baseline",2020,2.14057669631836,47.6642779785755,51.6908669120731,45.2266076346275,46.3049793633605,46.3049793633605,0.0110275863263301,333.163699642443,1392686.06693021,"Yellow Eel",565752.609133333,8214,3.19984417608103,"YORK",3747664,19546973,1,52.4,53.53,50.15,43.04,43.04,1345770,0.42,0.09,327.1,15.1,3.8,0.3,19.3,5030274,565752.609133333,19.2999999999996,5030435.9844,0.295682199981402,143021.837666667
"Baseline",2021,2.14260539518353,47.713449345185,51.8066028926976,45.7008452055285,46.3285252307131,46.3285252307131,0.0130604449058973,335.802105426778,1399615.04524595,"Yellow Eel",557372.116433333,8214,3.19984417608103,"YORK",3747664,19546973,1,52.4,53.53,50.15,43.04,43.04,1345770,0.42,0.09,327.1,15.1,3.8,0.3,19.3,5030274,557372.116433333,19.2999999999996,5030435.9844,0.295682199981402,143021.837666667
"Baseline",2022,2.1446340940487,47.7626207117944,51.9223388733221,46.1750827764296,46.3520710980657,46.3520710980657,0.0150933034854646,338.440511211114,1406544.02356168,"Yellow Eel",559043.091033333,8214,3.19984417608103,"YORK",3747664,19546973,1,52.4,53.53,50.15,43.04,43.04,1345770,0.42,0.09,327.1,15.1,3.8,0.3,19.3,5030274,559043.091033333,19.2999999999996,5030435.9844,0.295682199981402,143021.837666667
"Baseline",2023,2.14666279291387,47.8117920784039,52.0380748539466,46.6493203473306,46.3756169654184,46.3756169654184,0.0171261620650318,341.07891699545,1413473.00187742,"Yellow Eel",559435.956033333,8214,3.19984417608103,"YORK",3747664,19546973,1,52.4,53.53,50.15,43.04,43.04,1345770,0.42,0.09,327.1,15.1,3.8,0.3,19.3,5030274,559435.956033333,19.2999999999996,5030435.9844,0.295682199981402,143021.837666667
"Baseline",2024,2.14869149177903,47.8609634450134,52.1538108345711,47.1235579182317,46.399162832771,46.399162832771,0.0191590206445991,343.717322779785,1420401.98019315,"Yellow Eel",566197.787533333,8214,3.19984417608103,"YORK",3747664,19546973,1,52.4,53.53,50.15,43.04,43.04,1345770,0.42,0.09,327.1,15.1,3.8,0.3,19.3,5030274,566197.787533333,19.2999999999996,5030435.9844,0.295682199981402,143021.837666667
"Baseline",2025,2.1507201906442,47.9101348116229,52.2695468151956,47.5977954891326,46.4227087001236,46.4227087001236,0.0211918792241663,346.355728564121,1427330.95850889,"Yellow Eel",572365.035333333,8214,3.19984417608103,"YORK",3747664,19546973,1,52.4,53.53,50.15,43.04,43.04,1345770,0.42,0.09,327.1,15.1,3.8,0.3,19.3,5030274,572365.035333333,19.2999999999996,5030435.9844,0.295682199981402,143021.837666667
"Baseline",2026,2.15274888950937,47.9593061782323,52.3852827958201,48.0720330600336,46.4462545674762,46.4462545674762,0.0232247378037336,348.994134348456,1434259.93682463,"Yellow Eel",571681.050333333,8214,3.19984417608103,"YORK",3747664,19546973,1,52.4,53.53,50.15,43.04,43.04,1345770,0.42,0.09,327.1,15.1,3.8,0.3,19.3,5030274,571681.050333333,19.2999999999996,5030435.9844,0.295682199981402,143021.837666667
"Baseline",2027,2.15477758837454,48.0084775448418,52.5010187764446,48.5462706309347,46.4698004348288,46.4698004348288,0.0252575963833008,351.632540132792,1441188.91514037,"Yellow Eel",576005.6258,8214,3.19984417608103,"YORK",3747664,19546973,1,52.4,53.53,50.15,43.04,43.04,1345770,0.42,0.09,327.1,15.1,3.8,0.3,19.3,5030274,576005.6258,19.2999999999996,5030435.9844,0.295682199981402,143021.837666667
"Baseline",2028,2.15680628723971,48.0576489114513,52.6167547570691,49.0205082018357,46.4933463021815,46.4933463021815,0.0272904549628681,354.270945917127,1448117.8934561,"Yellow Eel",566154.9878,8214,3.19984417608103,"YORK",3747664,19546973,1,52.4,53.53,50.15,43.04,43.04,1345770,0.42,0.09,327.1,15.1,3.8,0.3,19.3,5030274,566154.9878,19.2999999999996,5030435.9844,0.295682199981402,143021.837666667
"Baseline",2029,2.15883498610488,48.1068202780607,52.7324907376936,49.4947457727368,46.5168921695341,46.5168921695341,0.0293233135424353,356.909351701463,1455046.87177184,"Yellow Eel",563073.55715,8214,3.19984417608103,"YORK",3747664,19546973,1,52.4,53.53,50.15,43.04,43.04,1345770,0.42,0.09,327.1,15.1,3.8,0.3,19.3,5030274,563073.55715,19.2999999999996,5030435.9844,0.295682199981402,143021.837666667
"Baseline",2030,2.16086368497004,48.1559916446702,52.8482267183181,49.9689833436378,46.5404380368867,46.5404380368867,0.0313561721220026,359.547757485799,1461975.85008758,"Yellow Eel",563054.31115,8214,3.19984417608103,"YORK",3747664,19546973,1,52.4,53.53,50.15,43.04,43.04,1345770,0.42,0.09,327.1,15.1,3.8,0.3,19.3,5030274,563054.31115,19.2999999999996,5030435.9844,0.295682199981402,143021.837666667
"Baseline",2031,2.16289238383521,48.2051630112797,52.9639626989426,50.4432209145388,46.5639839042393,46.5639839042393,0.0333890307015698,362.186163270134,1468904.82840331,"Yellow Eel",559631.8069,8214,3.19984417608103,"YORK",3747664,19546973,1,52.4,53.53,50.15,43.04,43.04,1345770,0.42,0.09,327.1,15.1,3.8,0.3,19.3,5030274,559631.8069,19.2999999999996,5030435.9844,0.295682199981402,143021.837666667
"Baseline",2032,2.16492108270038,48.2543343778892,53.0796986795671,50.9174584854399,46.5875297715919,46.5875297715919,0.0354218892811371,364.824569054469,1475833.80671905,"Yellow Eel",559046.82815,8214,3.19984417608103,"YORK",3747664,19546973,1,52.4,53.53,50.15,43.04,43.04,1345770,0.42,0.09,327.1,15.1,3.8,0.3,19.3,5030274,559046.82815,19.2999999999996,5030435.9844,0.295682199981402,143021.837666667
"Baseline",2033,2.16694978156555,48.3035057444986,53.1954346601916,51.3916960563408,46.6110756389446,46.6110756389446,0.0374547478607044,367.462974838805,1482762.78503479,"Yellow Eel",552466.4681,8214,3.19984417608103,"YORK",3747664,19546973,1,52.4,53.53,50.15,43.04,43.04,1345770,0.42,0.09,327.1,15.1,3.8,0.3,19.3,5030274,552466.4681,19.2999999999996,5030435.9844,0.295682199981402,143021.837666667
"Baseline",2034,2.16897848043072,48.3526771111081,53.311170640816,51.8659336272419,46.6346215062972,46.6346215062972,0.0394876064402716,370.10138062314,1489691.76335052,"Yellow Eel",551892.4971,8214,3.19984417608103,"YORK",3747664,19546973,1,52.4,53.53,50.15,43.04,43.04,1345770,0.42,0.09,327.1,15.1,3.8,0.3,19.3,5030274,551892.4971,19.1710332817179,4918080.43938333,0.291810389235552,135434.918683333
"Baseline",2035,2.17100717929589,48.4018484777176,53.4269066214405,52.3401711981429,46.6581673736498,46.6581673736498,0.0415204650198389,372.739786407476,1496620.74166626,"Yellow Eel",553931.61735,8214,3.19984417608103,"YORK",3747664,19546973,1,52.4,53.53,50.15,43.04,43.04,1345770,0.42,0.09,327.1,15.1,3.8,0.3,19.3,5030274,553931.61735,19.2999999999996,5030435.9844,0.295682199981402,143021.837666667
"Baseline",2036,2.17303587816106,48.4510198443271,53.542642602065,52.8144087690439,46.6817132410024,46.6817132410024,0.0435533235994052,375.378192191812,1503549.719982,"Yellow Eel",554295.20935,8214,3.19984417608103,"YORK",3747664,19546973,1,52.4,53.53,50.15,43.04,43.04,1345770,0.42,0.09,327.1,15.1,3.8,0.3,19.3,5030274,554295.20935,19.2999999999996,5030435.9844,0.295682199981402,143021.837666667
"Baseline",2037,2.17506457702622,48.5001912109365,53.6583785826895,53.288646339945,46.705259108355,46.705259108355,0.0455861821789725,378.016597976147,1510478.69829773,"Yellow Eel",555149.04735,8214,3.19984417608103,"YORK",3747664,19546973,1,52.4,53.53,50.15,43.04,43.04,1345770,0.42,0.09,327.1,15.1,3.8,0.3,19.3,5030274,555149.04735,19.2999999999996,5030435.9844,0.295682199981402,143021.837666667
"Baseline",2038,2.17709327589139,48.549362577546,53.774114563314,53.762883910846,46.7288049757077,46.7288049757077,0.0476190407585397,380.655003760482,1517407.67661347,"Yellow Eel",555149.04735,8214,3.19984417608103,"YORK",3747664,19546973,1,52.4,53.53,50.15,43.04,43.04,1345770,0.42,0.09,327.1,15.1,3.8,0.3,19.3,5030274,555149.04735,19.2999999999996,5030435.9844,0.295682199981402,143021.837666667
"Baseline",2039,2.17912197475656,48.5985339441555,53.8898505439385,54.237121481747,46.7523508430603,46.7523508430603,0.049651899338107,383.293409544818,1524336.65492921,"Yellow Eel",554888.84735,8214,3.19984417608103,"YORK",3747664,19546973,1,52.4,53.53,50.15,43.04,43.04,1345770,0.42,0.09,327.1,15.1,3.8,0.3,19.3,5030274,554888.84735,19.2999999999996,5030435.9844,0.295682199981402,143021.837666667
"Baseline",2040,2.18115067362173,48.647705310765,54.005586524563,54.711359052648,46.7758967104129,46.7758967104129,0.0516847579176742,385.931815329153,1531265.63324494,"Yellow Eel",553100.90185,8214,3.19984417608103,"YORK",3747664,19546973,1,52.4,53.53,50.15,43.04,43.04,1345770,0.42,0.09,327.1,15.1,3.8,0.3,19.3,5030274,553100.90185,19.2999999999996,5030435.9844,0.295682199981402,143021.837666667
"Low_Climate",2020,2.14057669631836,47.6642779785755,51.6908669120731,45.2266076346275,46.3049793633605,46.3049793633605,0.0110275863263301,333.163699642443,1392686.06693021,"Yellow Eel",565752.609133333,8214,3.19984417608103,"YORK",3747664,19546973,1,52.4,53.53,50.15,43.04,43.04,1345770,0.42,0.09,327.1,15.1,3.8,0.3,19.3,5030274,565752.609133333,19.2999999999996,5030435.9844,0.295682199981402,143021.837666667
"Low_Climate",2021,2.14288039518353,47.735949345185,51.8291028926976,45.7233452055285,46.3510252307131,46.3510252307131,0.0130604449058973,335.802105426778,1399615.04524595,"Yellow Eel",559767.826633333,8214,3.19984417608103,"YORK",3747664,19546973,1,52.4,53.53,50.15,43.04,43.04,1345770,0.42,0.09,327.1,15.1,3.8,0.3,19.3,5030274,559767.826633333,19.2999999999996,5030435.9844,0.295682199981402,143021.837666667
"Low_Climate",2022,2.1457340940487,47.8076207117944,51.9673388733221,46.2200827764296,46.3970710980657,46.3970710980657,0.0150933034854646,338.440511211114,1406544.02356168,"Yellow Eel",558234.556033333,8214,3.19984417608103,"YORK",3747664,19546973,1,52.4,53.53,50.15,43.04,43.04,1345770,0.42,0.09,327.1,15.1,3.8,0.3,19.3,5030274,558234.556033333,19.2999999999996,5030435.9844,0.295682199981402,143021.837666667
"Low_Climate",2023,2.14913779291387,47.8792920784039,52.1055748539466,46.7168203473306,46.4431169654184,46.4431169654184,0.0171261620650318,341.07891699545,1413473.00187742,"Yellow Eel",567660.069333333,8214,3.19984417608103,"YORK",3747664,19546973,1,52.4,53.53,50.15,43.04,43.04,1345770,0.42,0.09,327.1,15.1,3.8,0.3,19.3,5030274,567660.069333333,19.2999999999996,5030435.9844,0.295682199981402,143021.837666667
"Low_Climate",2024,2.15309149177903,47.9509634450134,52.2438108345711,47.2135579182317,46.489162832771,46.489162832771,0.0191590206445991,343.717322779785,1420401.98019315,"Yellow Eel",571681.050333333,8214,3.19984417608103,"YORK",3747664,19546973,1,52.4,53.53,50.15,43.04,43.04,1345770,0.42,0.09,327.1,15.1,3.8,0.3,19.3,5030274,571681.050333333,19.2999999999996,5030435.9844,0.295682199981402,143021.837666667
"Low_Climate",2025,2.1575951906442,48.0226348116229,52.3820468151956,47.7102954891326,46.5352087001236,46.5352087001236,0.0211918792241663,346.355728564121,1427330.95850889,"Yellow Eel",569442.3818,8214,3.19984417608103,"YORK",3747664,19546973,1,52.4,53.53,50.15,43.04,43.04,1345770,0.42,0.09,327.1,15.1,3.8,0.3,19.3,5030274,569442.3818,19.2999999999996,5030435.9844,0.295682199981402,143021.837666667
"Low_Climate",2026,2.16264888950937,48.0943061782323,52.5202827958201,48.2070330600336,46.5812545674762,46.5812545674762,0.0232247378037336,348.994134348456,1434259.93682463,"Yellow Eel",567176.9908,8214,3.19984417608103,"YORK",3747664,19546973,1,52.4,53.53,50.15,43.04,43.04,1345770,0.42,0.09,327.1,15.1,3.8,0.3,19.3,5030274,567176.9908,19.2999999999996,5030435.9844,0.295682199981402,143021.837666667
"Low_Climate",2027,2.16825258837454,48.1659775448418,52.6585187764446,48.7037706309347,46.6273004348288,46.6273004348288,0.0252575963833008,351.632540132792,1441188.91514037,"Yellow Eel",564526.5654,8214,3.19984417608103,"YORK",3747664,19546973,1,52.4,53.53,50.15,43.04,43.04,1345770,0.42,0.09,327.1,15.1,3.8,0.3,19.3,5030274,564526.5654,19.2999999999996,5030435.9844,0.295682199981402,143021.837666667
"Low_Climate",2028,2.17440628723971,48.2376489114513,52.7967547570691,49.2005082018357,46.6733463021815,46.6733463021815,0.0272904549628681,354.270945917127,1448117.8934561,"Yellow Eel",561608.80315,8214,3.19984417608103,"YORK",3747664,19546973,1,52.4,53.53,50.15,43.04,43.04,1345770,0.42,0.09,327.1,15.1,3.8,0.3,19.3,5030274,561608.80315,19.2999999999996,5030435.9844,0.295682199981402,143021.837666667
"Low_Climate",2029,2.18110998610488,48.3093202780607,52.9349907376936,49.6972457727368,46.7193921695341,46.7193921695341,0.0293233135424353,356.909351701463,1455046.87177184,"Yellow Eel",555400.9141,8214,3.19984417608103,"YORK",3747664,19546973,1,52.4,53.53,50.15,43.04,43.04,1345770,0.42,0.09,327.1,15.1,3.8,0.3,19.3,5030274,555400.9141,19.2999999999996,5030435.9844,0.295682199981402,143021.837666667
"Low_Climate",2030,2.18836368497004,48.3809916446702,53.0732267183181,50.1939833436378,46.7654380368867,46.7654380368867,0.0313561721220026,359.547757485799,1461975.85008758,"Yellow Eel",555056.6271,8214,3.19984417608103,"YORK",3747664,19546973,1,52.4,53.53,50.15,43.04,43.04,1345770,0.42,0.09,327.1,15.1,3.8,0.3,19.3,5030274,555056.6271,19.2999999999996,5030435.9844,0.295682199981402,143021.837666667
"Low_Climate",2031,2.19616738383521,48.4526630112797,53.2114626989426,50.6907209145388,46.8114839042393,46.8114839042393,0.0333890307015698,362.186163270134,1468904.82840331,"Yellow Eel",553304.90635,8214,3.19984417608103,"YORK",3747664,19546973,1,52.4,53.53,50.15,43.04,43.04,1345770,0.42,0.09,327.1,15.1,3.8,0.3,19.3,5030274,553304.90635,19.2999999999996,5030435.9844,0.295682199981402,143021.837666667
"Low_Climate",2032,2.20452108270038,48.5243343778892,53.3496986795671,51.1874584854399,46.8575297715919,46.8575297715919,0.0354218892811371,364.824569054469,1475833.80671905,"Yellow Eel",558043.74135,8214,3.19984417608103,"YORK",3747664,19546973,1,52.4,53.53,50.15,43.04,43.04,1345770,0.42,0.09,327.1,15.1,3.8,0.3,19.3,5030274,558043.74135,19.2999999999996,5030435.9844,0.295682199981402,143021.837666667
"Low_Climate",2033,2.21342478156555,48.5960057444986,53.4879346601915,51.6841960563408,46.9035756389446,46.9035756389446,0.0374547478607044,367.462974838805,1482762.78503479,"Yellow Eel",553875.18935,8214,3.19984417608103,"YORK",3747664,19546973,1,52.4,53.53,50.15,43.04,43.04,1345770,0.42,0.09,327.1,15.1,3.8,0.3,19.3,5030274,553875.18935,19.2999999999996,5030435.9844,0.295682199981402,143021.837666667
"Low_Climate",2034,2.22287848043072,48.6676771111081,53.626170640816,52.1809336272419,46.9496215062972,46.9496215062972,0.0394876064402716,370.10138062314,1489691.76335052,"Yellow Eel",552224.59535,8214,3.19984417608103,"YORK",3747664,19546973,1,52.4,53.53,50.15,43.04,43.04,1345770,0.42,0.09,327.1,15.1,3.8,0.3,19.3,5030274,552224.59535,19.1710332817179,4918080.43938333,0.291810389235552,135434.918683333
"Low_Climate",2035,2.23288217929589,48.7393484777176,53.7644066214405,52.6776711981429,46.9956673736498,46.9956673736498,0.0415204650198389,372.739786407476,1496620.74166626,"Yellow Eel",552224.59535,8214,3.19984417608103,"YORK",3747664,19546973,1,52.4,53.53,50.15,43.04,43.04,1345770,0.42,0.09,327.1,15.1,3.8,0.3,19.3,5030274,552224.59535,19.1710332817179,4918080.43938333,0.291810389235552,135434.918683333
"Low_Climate",2036,2.24343587816105,48.8110198443271,53.902642602065,53.1744087690439,47.0417132410024,47.0417132410024,0.0435533235994052,375.378192191812,1503549.719982,"Yellow Eel",553118.290683333,8214,3.19984417608103,"YORK",3747664,19546973,1,52.4,53.53,50.15,43.04,43.04,1345770,0.42,0.09,327.1,15.1,3.8,0.3,19.3,5030274,553118.290683333,19.2999999999996,5030435.9844,0.295682199981402,143021.837666667
"Low_Climate",2037,2.25453957702622,48.8826912109365,54.0408785826895,53.671146339945,47.087759108355,47.087759108355,0.0455861821789725,378.016597976147,1510478.69829773,"Yellow Eel",551435.718183333,8214,3.19984417608103,"YORK",3747664,19546973,1,52.4,53.53,50.15,43.04,43.04,1345770,0.42,0.09,327.1,15.1,3.8,0.3,19.3,5030274,551435.718183333,19.1710332817179,4918080.43938333,0.291810389235552,135434.918683333
"Low_Climate",2038,2.26619327589139,48.954362577546,54.179114563314,54.167883910846,47.1338049757077,47.1338049757077,0.0476190407585397,380.655003760482,1517407.67661347,"Yellow Eel",549651.496183333,8214,3.19984417608103,"YORK",3747664,19546973,1,52.4,53.53,50.15,43.04,43.04,1345770,0.42,0.09,327.1,15.1,3.8,0.3,19.3,5030274,549651.496183333,19.1710332817179,4918080.43938333,0.291810389235552,135434.918683333
"Low_Climate",2039,2.27839697475656,49.0260339441555,54.3173505439385,54.664621481747,47.1798508430603,47.1798508430603,0.049651899338107,383.293409544818,1524336.65492921,"Yellow Eel",545871.133933333,8214,3.19984417608103,"YORK",3747664,19546973,1,52.4,53.53,50.15,43.04,43.04,1345770,0.42,0.09,327.1,15.1,3.8,0.3,19.3,5030274,545871.133933333,19.1710332817179,4918080.43938333,0.291810389235552,135434.918683333
"Low_Climate",2040,2.29115067362173,49.097705310765,54.455586524563,55.1613590526481,47.2258967104129,47.2258967104129,0.0516847579176742,385.931815329153,1531265.63324494,"Yellow Eel",545871.133933333,8214,3.19984417608103,"YORK",3747664,19546973,1,52.4,53.53,50.15,43.04,43.04,1345770,0.42,0.09,327.1,15.1,3.8,0.3,19.3,5030274,545871.133933333,19.1710332817179,4918080.43938333,0.291810389235552,135434.918683333
"Moderate_Climate",2020,2.14057669631836,47.6642779785755,51.6908669120731,45.2266076346275,46.3049793633605,46.3049793633605,0.0110275863263301,333.163699642443,1392686.06693021,"Yellow Eel",565752.609133333,8214,3.19984417608103,"YORK",3747664,19546973,1,52.4,53.53,50.15,43.04,43.04,1345770,0.42,0.09,327.1,15.1,3.8,0.3,19.3,5030274,565752.609133333,19.2999999999996,5030435.9844,0.295682199981402,143021.837666667
"Moderate_Climate",2021,2.1432720618502,47.747199345185,51.8516028926976,45.7345952055285,46.3622752307131,46.3622752307131,0.0130604449058973,335.802105426778,1399615.04524595,"Yellow Eel",559767.826633333,8214,3.19984417608103,"YORK",3747664,19546973,1,52.4,53.53,50.15,43.04,43.04,1345770,0.42,0.09,327.1,15.1,3.8,0.3,19.3,5030274,559767.826633333,19.2999999999996,5030435.9844,0.295682199981402,143021.837666667
"Moderate_Climate",2022,2.14730076071536,47.8301207117944,52.0123388733221,46.2425827764296,46.4195710980657,46.4195710980657,0.0150933034854646,338.440511211114,1406544.02356168,"Yellow Eel",561864.253833333,8214,3.19984417608103,"YORK",3747664,19546973,1,52.4,53.53,50.15,43.04,43.04,1345770,0.42,0.09,327.1,15.1,3.8,0.3,19.3,5030274,561864.253833333,19.2999999999996,5030435.9844,0.295682199981402,143021.837666667
"Moderate_Climate",2023,2.15266279291387,47.9130420784039,52.1730748539466,46.7505703473306,46.4768669654184,46.4768669654184,0.0171261620650318,341.07891699545,1413473.00187742,"Yellow Eel",570206.960333333,8214,3.19984417608103,"YORK",3747664,19546973,1,52.4,53.53,50.15,43.04,43.04,1345770,0.42,0.09,327.1,15.1,3.8,0.3,19.3,5030274,570206.960333333,19.2999999999996,5030435.9844,0.295682199981402,143021.837666667
"Moderate_Climate",2024,2.1593581584457,47.9959634450134,52.3338108345711,47.2585579182317,46.534162832771,46.534162832771,0.0191590206445991,343.717322779785,1420401.98019315,"Yellow Eel",569481.3758,8214,3.19984417608103,"YORK",3747664,19546973,1,52.4,53.53,50.15,43.04,43.04,1345770,0.42,0.09,327.1,15.1,3.8,0.3,19.3,5030274,569481.3758,19.2999999999996,5030435.9844,0.295682199981402,143021.837666667
"Moderate_Climate",2025,2.16738685731087,48.0788848116229,52.4945468151956,47.7665454891326,46.5914587001236,46.5914587001236,0.0211918792241663,346.355728564121,1427330.95850889,"Yellow Eel",567176.9908,8214,3.19984417608103,"YORK",3747664,19546973,1,52.4,53.53,50.15,43.04,43.04,1345770,0.42,0.09,327.1,15.1,3.8,0.3,19.3,5030274,567176.9908,19.2999999999996,5030435.9844,0.295682199981402,143021.837666667
"Moderate_Climate",2026,2.17674888950937,48.1618061782323,52.6552827958201,48.2745330600336,46.6487545674762,46.6487545674762,0.0232247378037336,348.994134348456,1434259.93682463,"Yellow Eel",564700.6794,8214,3.19984417608103,"YORK",3747664,19546973,1,52.4,53.53,50.15,43.04,43.04,1345770,0.42,0.09,327.1,15.1,3.8,0.3,19.3,5030274,564700.6794,19.2999999999996,5030435.9844,0.295682199981402,143021.837666667
"Moderate_Climate",2027,2.18744425504121,48.2447275448418,52.8160187764446,48.7825206309347,46.7060504348288,46.7060504348288,0.0252575963833008,351.632540132792,1441188.91514037,"Yellow Eel",561919.15015,8214,3.19984417608103,"YORK",3747664,19546973,1,52.4,53.53,50.15,43.04,43.04,1345770,0.42,0.09,327.1,15.1,3.8,0.3,19.3,5030274,561919.15015,19.2999999999996,5030435.9844,0.295682199981402,143021.837666667
"Moderate_Climate",2028,2.19947295390638,48.3276489114513,52.9767547570691,49.2905082018357,46.7633463021815,46.7633463021815,0.0272904549628681,354.270945917127,1448117.8934561,"Yellow Eel",555607.4461,8214,3.19984417608103,"YORK",3747664,19546973,1,52.4,53.53,50.15,43.04,43.04,1345770,0.42,0.09,327.1,15.1,3.8,0.3,19.3,5030274,555607.4461,19.2999999999996,5030435.9844,0.295682199981402,143021.837666667
"Moderate_Climate",2029,2.21283498610488,48.4105702780607,53.1374907376936,49.7984957727368,46.8206421695341,46.8206421695341,0.0293233135424353,356.909351701463,1455046.87177184,"Yellow Eel",553479.64135,8214,3.19984417608103,"YORK",3747664,19546973,1,52.4,53.53,50.15,43.04,43.04,1345770,0.42,0.09,327.1,15.1,3.8,0.3,19.3,5030274,553479.64135,19.2999999999996,5030435.9844,0.295682199981402,143021.837666667
"Moderate_Climate",2030,2.22753035163671,48.4934916446702,53.2982267183181,50.3064833436378,46.8779380368867,46.8779380368867,0.0313561721220026,359.547757485799,1461975.85008758,"Yellow Eel",556204.90935,8214,3.19984417608103,"YORK",3747664,19546973,1,52.4,53.53,50.15,43.04,43.04,1345770,0.42,0.09,327.1,15.1,3.8,0.3,19.3,5030274,556204.90935,19.2999999999996,5030435.9844,0.295682199981402,143021.837666667
"Moderate_Climate",2031,2.24355905050188,48.5764130112797,53.4589626989426,50.8144709145388,46.9352339042393,46.9352339042393,0.0333890307015698,362.186163270134,1468904.82840331,"Yellow Eel",552454.27935,8214,3.19984417608103,"YORK",3747664,19546973,1,52.4,53.53,50.15,43.04,43.04,1345770,0.42,0.09,327.1,15.1,3.8,0.3,19.3,5030274,552454.27935,19.2999999999996,5030435.9844,0.295682199981402,143021.837666667
"Moderate_Climate",2032,2.26092108270038,48.6593343778892,53.6196986795671,51.3224584854399,46.9925297715919,46.9925297715919,0.0354218892811371,364.824569054469,1475833.80671905,"Yellow Eel",552454.27935,8214,3.19984417608103,"YORK",3747664,19546973,1,52.4,53.53,50.15,43.04,43.04,1345770,0.42,0.09,327.1,15.1,3.8,0.3,19.3,5030274,552454.27935,19.2999999999996,5030435.9844,0.295682199981402,143021.837666667
"Moderate_Climate",2033,2.27961644823222,48.7422557444986,53.7804346601916,51.8304460563408,47.0498256389446,47.0498256389446,0.0374547478607044,367.462974838805,1482762.78503479,"Yellow Eel",552255.33635,8214,3.19984417608103,"YORK",3747664,19546973,1,52.4,53.53,50.15,43.04,43.04,1345770,0.42,0.09,327.1,15.1,3.8,0.3,19.3,5030274,552255.33635,19.1710332817179,4918080.43938333,0.291810389235552,135434.918683333
"Moderate_Climate",2034,2.29964514709738,48.8251771111081,53.941170640816,52.3384336272419,47.1071215062972,47.1071215062972,0.0394876064402716,370.10138062314,1489691.76335052,"Yellow Eel",552145.649183333,8214,3.19984417608103,"YORK",3747664,19546973,1,52.4,53.53,50.15,43.04,43.04,1345770,0.42,0.09,327.1,15.1,3.8,0.3,19.3,5030274,552145.649183333,19.1710332817179,4918080.43938333,0.291810389235552,135434.918683333
"Moderate_Climate",2035,2.32100717929589,48.9080984777176,54.1019066214405,52.8464211981429,47.1644173736498,47.1644173736498,0.0415204650198389,372.739786407476,1496620.74166626,"Yellow Eel",545707.334933333,8214,3.19984417608103,"YORK",3747664,19546973,1,52.4,53.53,50.15,43.04,43.04,1345770,0.42,0.09,327.1,15.1,3.8,0.3,19.3,5030274,545707.334933333,19.1710332817179,4918080.43938333,0.291810389235552,135434.918683333
"Moderate_Climate",2036,2.34370254482772,48.9910198443271,54.262642602065,53.3544087690439,47.2217132410024,47.2217132410024,0.0435533235994052,375.378192191812,1503549.719982,"Yellow Eel",545871.133933333,8214,3.19984417608103,"YORK",3747664,19546973,1,52.4,53.53,50.15,43.04,43.04,1345770,0.42,0.09,327.1,15.1,3.8,0.3,19.3,5030274,545871.133933333,19.1710332817179,4918080.43938333,0.291810389235552,135434.918683333
"Moderate_Climate",2037,2.36773124369289,49.0739412109365,54.4233785826895,53.862396339945,47.279009108355,47.279009108355,0.0455861821789725,378.016597976147,1510478.69829773,"Yellow Eel",545871.133933333,8214,3.19984417608103,"YORK",3747664,19546973,1,52.4,53.53,50.15,43.04,43.04,1345770,0.42,0.09,327.1,15.1,3.8,0.3,19.3,5030274,545871.133933333,19.1710332817179,4918080.43938333,0.291810389235552,135434.918683333
"Moderate_Climate",2038,2.39309327589139,49.156862577546,54.584114563314,54.370383910846,47.3363049757077,47.3363049757077,0.0476190407585397,380.655003760482,1517407.67661347,"Yellow Eel",545871.133933333,8214,3.19984417608103,"YORK",3747664,19546973,1,52.4,53.53,50.15,43.04,43.04,1345770,0.42,0.09,327.1,15.1,3.8,0.3,19.3,5030274,545871.133933333,19.1710332817179,4918080.43938333,0.291810389235552,135434.918683333
"Moderate_Climate",2039,2.41978864142323,49.2397839441555,54.7448505439385,54.878371481747,47.3936008430603,47.3936008430603,0.049651899338107,383.293409544818,1524336.65492921,"Yellow Eel",547558.079933333,8214,3.19984417608103,"YORK",3747664,19546973,1,52.4,53.53,50.15,43.04,43.04,1345770,0.42,0.09,327.1,15.1,3.8,0.3,19.3,5030274,547558.079933333,19.1710332817179,4918080.43938333,0.291810389235552,135434.918683333
"Moderate_Climate",2040,2.44781734028839,49.322705310765,54.905586524563,55.386359052648,47.4508967104129,47.4508967104129,0.0516847579176742,385.931815329153,1531265.63324494,"Yellow Eel",526457.159333333,8214,3.19984417608103,"YORK",3747664,19546973,1,52.4,53.53,50.15,43.04,43.04,1345770,0.42,0.09,327.1,15.1,3.8,0.3,19.3,5030274,526457.159333333,19.1710332817179,4918080.43938333,0.291810389235552,135434.918683333
"Extreme_Climate",2020,2.14057669631836,47.6642779785755,51.6908669120731,45.2266076346275,46.3049793633605,46.3049793633605,0.0110275863263301,333.163699642443,1392686.06693021,"Yellow Eel",565752.609133333,8214,3.19984417608103,"YORK",3747664,19546973,1,52.4,53.53,50.15,43.04,43.04,1345770,0.42,0.09,327.1,15.1,3.8,0.3,19.3,5030274,565752.609133333,19.2999999999996,5030435.9844,0.295682199981402,143021.837666667
"Extreme_Climate",2021,2.14323039518353,47.768449345185,51.8616028926976,45.7558452055285,46.3835252307131,46.3835252307131,0.0130604449058973,335.802105426778,1399615.04524595,"Yellow Eel",559635.491633333,8214,3.19984417608103,"YORK",3747664,19546973,1,52.4,53.53,50.15,43.04,43.04,1345770,0.42,0.09,327.1,15.1,3.8,0.3,19.3,5030274,559635.491633333,19.2999999999996,5030435.9844,0.295682199981402,143021.837666667
"Extreme_Climate",2022,2.1471340940487,47.8726207117944,52.0323388733221,46.2850827764296,46.4620710980657,46.4620710980657,0.0150933034854646,338.440511211114,1406544.02356168,"Yellow Eel",568658.503333333,8214,3.19984417608103,"YORK",3747664,19546973,1,52.4,53.53,50.15,43.04,43.04,1345770,0.42,0.09,327.1,15.1,3.8,0.3,19.3,5030274,568658.503333333,19.2999999999996,5030435.9844,0.295682199981402,143021.837666667
"Extreme_Climate",2023,2.15228779291387,47.9767920784039,52.2030748539466,46.8143203473306,46.5406169654184,46.5406169654184,0.0171261620650318,341.07891699545,1413473.00187742,"Yellow Eel",571681.050333333,8214,3.19984417608103,"YORK",3747664,19546973,1,52.4,53.53,50.15,43.04,43.04,1345770,0.42,0.09,327.1,15.1,3.8,0.3,19.3,5030274,571681.050333333,19.2999999999996,5030435.9844,0.295682199981402,143021.837666667
"Extreme_Climate",2024,2.15869149177903,48.0809634450134,52.3738108345711,47.3435579182317,46.619162832771,46.619162832771,0.0191590206445991,343.717322779785,1420401.98019315,"Yellow Eel",565716.7798,8214,3.19984417608103,"YORK",3747664,19546973,1,52.4,53.53,50.15,43.04,43.04,1345770,0.42,0.09,327.1,15.1,3.8,0.3,19.3,5030274,565716.7798,19.2999999999996,5030435.9844,0.295682199981402,143021.837666667
"Extreme_Climate",2025,2.1663451906442,48.1851348116229,52.5445468151956,47.8727954891326,46.6977087001236,46.6977087001236,0.0211918792241663,346.355728564121,1427330.95850889,"Yellow Eel",566739.79965,8214,3.19984417608103,"YORK",3747664,19546973,1,52.4,53.53,50.15,43.04,43.04,1345770,0.42,0.09,327.1,15.1,3.8,0.3,19.3,5030274,566739.79965,19.2999999999996,5030435.9844,0.295682199981402,143021.837666667
"Extreme_Climate",2026,2.17524888950937,48.2893061782323,52.7152827958201,48.4020330600336,46.7762545674762,46.7762545674762,0.0232247378037336,348.994134348456,1434259.93682463,"Yellow Eel",563172.4434,8214,3.19984417608103,"YORK",3747664,19546973,1,52.4,53.53,50.15,43.04,43.04,1345770,0.42,0.09,327.1,15.1,3.8,0.3,19.3,5030274,563172.4434,19.2999999999996,5030435.9844,0.295682199981402,143021.837666667
"Extreme_Climate",2027,2.18540258837454,48.3934775448418,52.8860187764446,48.9312706309347,46.8548004348288,46.8548004348288,0.0252575963833008,351.632540132792,1441188.91514037,"Yellow Eel",558168.53535,8214,3.19984417608103,"YORK",3747664,19546973,1,52.4,53.53,50.15,43.04,43.04,1345770,0.42,0.09,327.1,15.1,3.8,0.3,19.3,5030274,558168.53535,19.2999999999996,5030435.9844,0.295682199981402,143021.837666667
"Extreme_Climate",2028,2.19680628723971,48.4976489114513,53.0567547570691,49.4605082018357,46.9333463021815,46.9333463021815,0.0272904549628681,354.270945917127,1448117.8934561,"Yellow Eel",554261.46435,8214,3.19984417608103,"YORK",3747664,19546973,1,52.4,53.53,50.15,43.04,43.04,1345770,0.42,0.09,327.1,15.1,3.8,0.3,19.3,5030274,554261.46435,19.2999999999996,5030435.9844,0.295682199981402,143021.837666667
"Extreme_Climate",2029,2.20945998610488,48.6018202780607,53.2274907376936,49.9897457727368,47.0118921695341,47.0118921695341,0.0293233135424353,356.909351701463,1455046.87177184,"Yellow Eel",554135.61435,8214,3.19984417608103,"YORK",3747664,19546973,1,52.4,53.53,50.15,43.04,43.04,1345770,0.42,0.09,327.1,15.1,3.8,0.3,19.3,5030274,554135.61435,19.2999999999996,5030435.9844,0.295682199981402,143021.837666667
"Extreme_Climate",2030,2.22336368497004,48.7059916446702,53.3982267183181,50.5189833436378,47.0904380368867,47.0904380368867,0.0313561721220026,359.547757485799,1461975.85008758,"Yellow Eel",553639.81035,8214,3.19984417608103,"YORK",3747664,19546973,1,52.4,53.53,50.15,43.04,43.04,1345770,0.42,0.09,327.1,15.1,3.8,0.3,19.3,5030274,553639.81035,19.2999999999996,5030435.9844,0.295682199981402,143021.837666667
"Extreme_Climate",2031,2.23851738383521,48.8101630112797,53.5689626989426,51.0482209145388,47.1689839042393,47.1689839042393,0.0333890307015698,362.186163270134,1468904.82840331,"Yellow Eel",550407.647433333,8214,3.19984417608103,"YORK",3747664,19546973,1,52.4,53.53,50.15,43.04,43.04,1345770,0.42,0.09,327.1,15.1,3.8,0.3,19.3,5030274,550407.647433333,19.1710332817179,4918080.43938333,0.291810389235552,135434.918683333
"Extreme_Climate",2032,2.25492108270038,48.9143343778892,53.7396986795671,51.5774584854398,47.2475297715919,47.2475297715919,0.0354218892811371,364.824569054469,1475833.80671905,"Yellow Eel",549128.546433333,8214,3.19984417608103,"YORK",3747664,19546973,1,52.4,53.53,50.15,43.04,43.04,1345770,0.42,0.09,327.1,15.1,3.8,0.3,19.3,5030274,549128.546433333,19.1710332817179,4918080.43938333,0.291810389235552,135434.918683333
"Extreme_Climate",2033,2.27257478156555,49.0185057444986,53.9104346601916,52.1066960563408,47.3260756389446,47.3260756389446,0.0374547478607044,367.462974838805,1482762.78503479,"Yellow Eel",547491.556933333,8214,3.19984417608103,"YORK",3747664,19546973,1,52.4,53.53,50.15,43.04,43.04,1345770,0.42,0.09,327.1,15.1,3.8,0.3,19.3,5030274,547491.556933333,19.1710332817179,4918080.43938333,0.291810389235552,135434.918683333
"Extreme_Climate",2034,2.29147848043072,49.1226771111081,54.081170640816,52.6359336272419,47.4046215062972,47.4046215062972,0.0394876064402716,370.10138062314,1489691.76335052,"Yellow Eel",541664.029933333,8214,3.19984417608103,"YORK",3747664,19546973,1,52.4,53.53,50.15,43.04,43.04,1345770,0.42,0.09,327.1,15.1,3.8,0.3,19.3,5030274,541664.029933333,19.1710332817179,4918080.43938333,0.291810389235552,135434.918683333
"Extreme_Climate",2035,2.31163217929589,49.2268484777176,54.2519066214405,53.1651711981429,47.4831673736498,47.4831673736498,0.0415204650198389,372.739786407476,1496620.74166626,"Yellow Eel",526093.567333333,8214,3.19984417608103,"YORK",3747664,19546973,1,52.4,53.53,50.15,43.04,43.04,1345770,0.42,0.09,327.1,15.1,3.8,0.3,19.3,5030274,526093.567333333,19.1710332817179,4918080.43938333,0.291810389235552,135434.918683333
"Extreme_Climate",2036,2.33303587816106,49.3310198443271,54.422642602065,53.6944087690439,47.5617132410024,47.5617132410024,0.0435533235994052,375.378192191812,1503549.719982,"Yellow Eel",525597.466333333,8214,3.19984417608103,"YORK",3747664,19546973,1,52.4,53.53,50.15,43.04,43.04,1345770,0.42,0.09,327.1,15.1,3.8,0.3,19.3,5030274,525597.466333333,19.1710332817179,4918080.43938333,0.291810389235552,135434.918683333
"Extreme_Climate",2037,2.35568957702622,49.4351912109365,54.5933785826895,54.223646339945,47.640259108355,47.640259108355,0.0455861821789725,378.016597976147,1510478.69829773,"Yellow Eel",494587.71165,8214,3.19984417608103,"YORK",3747664,19546973,1,52.4,53.53,50.15,43.04,43.04,1345770,0.42,0.09,327.1,15.1,3.8,0.3,19.3,5030274,494587.71165,19.0434067495002,4776570.67018333,0.28745239104381,128746.364116667
"Extreme_Climate",2038,2.37959327589139,49.539362577546,54.764114563314,54.752883910846,47.7188049757077,47.7188049757077,0.0476190407585397,380.655003760482,1517407.67661347,"Yellow Eel",494587.71165,8214,3.19984417608103,"YORK",3747664,19546973,1,52.4,53.53,50.15,43.04,43.04,1345770,0.42,0.09,327.1,15.1,3.8,0.3,19.3,5030274,494587.71165,19.0434067495002,4776570.67018333,0.28745239104381,128746.364116667
"Extreme_Climate",2039,2.40474697475656,49.6435339441555,54.9348505439385,55.282121481747,47.7973508430603,47.7973508430603,0.049651899338107,383.293409544818,1524336.65492921,"Yellow Eel",494459.38965,8214,3.19984417608103,"YORK",3747664,19546973,1,52.4,53.53,50.15,43.04,43.04,1345770,0.42,0.09,327.1,15.1,3.8,0.3,19.3,5030274,494459.38965,19.0434067495002,4776570.67018333,0.28745239104381,128746.364116667
"Extreme_Climate",2040,2.43115067362173,49.747705310765,55.105586524563,55.8113590526481,47.8758967104129,47.8758967104129,0.0516847579176742,385.931815329153,1531265.63324494,"Yellow Eel",494423.67605,8214,3.19984417608103,"YORK",3747664,19546973,1,52.4,53.53,50.15,43.04,43.04,1345770,0.42,0.09,327.1,15.1,3.8,0.3,19.3,5030274,494423.67605,19.0434067495002,4776570.67018333,0.28745239104381,128746.364116667
