{
  "chart": {
    "title": "Fish and seafood production",
    "subtitle": "Fish and seafood production is measured as the sum of seafood from wild catch and fish farming (aquaculture).",
    "citation": "Food and Agriculture Organization of the United Nations (2023)",
    "originalChartUrl": "https://ourworldindata.org/grapher/fish-seafood-production?v=1&csvType=full&useColumnShortNames=false",
    "selection": [
      "China",
      "India",
      "Bangladesh",
      "Brazil",
      "United States",
      "Indonesia",
      "Peru",
      "South Africa",
      "Japan"
    ]
  },
  "columns": {
    "Fish and seafood | 00002960 || Production | 005511 || tonnes": {
      "titleShort": "Production of fish and seafood",
      "titleLong": "Production of fish and seafood - FAO",
      "shortUnit": "t",
      "unit": "tonnes",
      "timespan": "1961-2021",
      "type": "Numeric",
      "conversionFactor": 1,
      "owidVariableId": 849558,
      "shortName": "fish_and_seafood__00002960__production__005511__tonnes",
      "lastUpdated": "2024-03-14",
      "nextUpdate": "2025-04-14",
      "citationShort": "Food and Agriculture Organization of the United Nations (2023) – with major processing by Our World in Data",
      "citationLong": "Food and Agriculture Organization of the United Nations (2023) – with major processing by Our World in Data. “Production of fish and seafood – FAO” [dataset]. Food and Agriculture Organization of the United Nations, “Food Balances: Food Balances (-2013, old methodology and population)”; Food and Agriculture Organization of the United Nations, “Food Balances: Food Balances (2010-)” [original data].",
      "fullMetadata": "https://api.ourworldindata.org/v1/indicators/849558.metadata.json"
    }
  },
  "dateDownloaded": "2025-03-14",
  "activeFilters": {}
}